t 9303 34998
v 0 13 150
v 1 6 110
v 2 12 198
v 3 14 19
v 4 6 102
v 5 0 2
v 6 4 43
v 7 8 108
v 8 7 154
v 9 6 135
v 10 14 206
v 11 12 25
v 12 13 110
v 13 4 34
v 14 7 14
v 15 5 87
v 16 9 152
v 17 14 36
v 18 14 19
v 19 3 16
v 20 8 178
v 21 2 31
v 22 4 56
v 23 2 22
v 24 12 122
v 25 1 18
v 26 9 4
v 27 12 64
v 28 4 60
v 29 14 14
v 30 8 82
v 31 11 74
v 32 12 32
v 33 9 45
v 34 14 25
v 35 2 10
v 36 4 95
v 37 1 23
v 38 11 28
v 39 1 15
v 40 14 22
v 41 13 172
v 42 10 46
v 43 5 21
v 44 7 26
v 45 8 24
v 46 1 15
v 47 5 41
v 48 6 14
v 49 5 163
v 50 9 7
v 51 10 14
v 52 14 16
v 53 3 17
v 54 8 115
v 55 7 12
v 56 7 26
v 57 13 30
v 58 8 31
v 59 4 49
v 60 0 20
v 61 12 20
v 62 14 3
v 63 8 10
v 64 14 73
v 65 0 19
v 66 1 10
v 67 11 17
v 68 13 25
v 69 6 30
v 70 11 8
v 71 13 10
v 72 12 9
v 73 10 26
v 74 10 23
v 75 0 10
v 76 9 6
v 77 7 25
v 78 13 23
v 79 13 5
v 80 5 13
v 81 3 15
v 82 11 13
v 83 5 8
v 84 11 4
v 85 13 12
v 86 1 5
v 87 3 13
v 88 14 10
v 89 9 13
v 90 3 14
v 91 3 12
v 92 12 5
v 93 2 13
v 94 12 17
v 95 8 8
v 96 7 6
v 97 1 11
v 98 1 5
v 99 5 9
v 100 14 28
v 101 8 9
v 102 14 6
v 103 7 64
v 104 1 26
v 105 4 3
v 106 8 9
v 107 4 6
v 108 11 2
v 109 1 18
v 110 8 5
v 111 5 6
v 112 13 2
v 113 14 7
v 114 8 6
v 115 3 7
v 116 12 18
v 117 9 2
v 118 8 1
v 119 9 3
v 120 4 7
v 121 7 4
v 122 1 5
v 123 9 5
v 124 12 10
v 125 6 5
v 126 5 5
v 127 9 1
v 128 3 3
v 129 4 4
v 130 2 5
v 131 3 8
v 132 13 7
v 133 2 1
v 134 0 6
v 135 9 3
v 136 10 7
v 137 4 3
v 138 7 3
v 139 1 1
v 140 1 2
v 141 10 2
v 142 12 7
v 143 2 3
v 144 14 4
v 145 2 1
v 146 14 1
v 147 0 1
v 148 13 1
v 149 1 1
v 150 14 1
v 151 11 16
v 152 14 5
v 153 13 61
v 154 8 24
v 155 10 98
v 156 6 39
v 157 13 5
v 158 11 9
v 159 8 13
v 160 4 25
v 161 8 70
v 162 12 17
v 163 3 9
v 164 13 11
v 165 3 13
v 166 14 10
v 167 10 5
v 168 9 10
v 169 13 3
v 170 6 7
v 171 9 2
v 172 4 20
v 173 7 11
v 174 7 12
v 175 10 7
v 176 10 2
v 177 11 16
v 178 14 20
v 179 12 18
v 180 5 9
v 181 1 8
v 182 5 4
v 183 9 7
v 184 1 5
v 185 7 7
v 186 9 2
v 187 10 148
v 188 5 9
v 189 13 12
v 190 3 22
v 191 3 3
v 192 0 7
v 193 11 6
v 194 4 2
v 195 1 6
v 196 11 9
v 197 3 23
v 198 5 7
v 199 12 3
v 200 2 7
v 201 5 2
v 202 6 16
v 203 13 2
v 204 0 8
v 205 1 11
v 206 12 4
v 207 2 10
v 208 13 4
v 209 11 8
v 210 3 6
v 211 0 3
v 212 13 4
v 213 9 5
v 214 10 2
v 215 14 4
v 216 14 3
v 217 8 6
v 218 9 1
v 219 10 1
v 220 1 2
v 221 0 1
v 222 1 2
v 223 10 2
v 224 3 2
v 225 9 1
v 226 13 1
v 227 9 1
v 228 1 1
v 229 6 4
v 230 1 1
v 231 5 1
v 232 13 5
v 233 1 1
v 234 0 5
v 235 9 1
v 236 0 1
v 237 3 2
v 238 2 1
v 239 11 1
v 240 1 1
v 241 7 1
v 242 3 1
v 243 11 3
v 244 12 1
v 245 0 1
v 246 14 2
v 247 10 1
v 248 0 1
v 249 8 1
v 250 6 1
v 251 9 2
v 252 1 5
v 253 13 37
v 254 4 193
v 255 1 90
v 256 3 96
v 257 1 24
v 258 10 10
v 259 4 17
v 260 5 2
v 261 6 18
v 262 2 10
v 263 0 64
v 264 8 22
v 265 7 20
v 266 0 10
v 267 9 1
v 268 1 3
v 269 11 2
v 270 6 2
v 271 3 7
v 272 4 3
v 273 5 4
v 274 14 21
v 275 11 23
v 276 7 10
v 277 13 5
v 278 14 3
v 279 14 18
v 280 9 29
v 281 2 28
v 282 11 3
v 283 10 75
v 284 3 13
v 285 12 20
v 286 0 4
v 287 12 23
v 288 10 6
v 289 2 5
v 290 13 27
v 291 2 15
v 292 5 23
v 293 8 28
v 294 4 16
v 295 1 9
v 296 9 10
v 297 14 26
v 298 7 49
v 299 10 16
v 300 2 52
v 301 0 3
v 302 7 16
v 303 10 7
v 304 6 9
v 305 14 26
v 306 9 5
v 307 13 16
v 308 8 14
v 309 14 23
v 310 4 8
v 311 10 4
v 312 5 11
v 313 6 7
v 314 13 13
v 315 10 9
v 316 4 5
v 317 2 6
v 318 8 2
v 319 11 22
v 320 0 3
v 321 7 1
v 322 11 238
v 323 1 87
v 324 5 15
v 325 11 18
v 326 0 166
v 327 8 34
v 328 4 143
v 329 2 30
v 330 3 65
v 331 12 47
v 332 7 17
v 333 5 88
v 334 9 47
v 335 4 10
v 336 10 31
v 337 5 24
v 338 9 8
v 339 14 11
v 340 10 13
v 341 13 13
v 342 9 9
v 343 2 64
v 344 11 8
v 345 4 6
v 346 6 19
v 347 11 19
v 348 6 9
v 349 13 11
v 350 10 17
v 351 1 14
v 352 0 19
v 353 9 3
v 354 3 8
v 355 11 3
v 356 5 2
v 357 2 1
v 358 3 1
v 359 3 6
v 360 10 7
v 361 7 25
v 362 6 32
v 363 11 4
v 364 14 22
v 365 10 9
v 366 9 6
v 367 13 12
v 368 6 125
v 369 0 77
v 370 6 32
v 371 13 70
v 372 11 51
v 373 9 65
v 374 6 35
v 375 12 18
v 376 10 20
v 377 11 4
v 378 0 5
v 379 2 6
v 380 7 8
v 381 1 2
v 382 4 3
v 383 11 1
v 384 2 65
v 385 7 94
v 386 8 18
v 387 14 16
v 388 7 42
v 389 14 22
v 390 8 9
v 391 9 36
v 392 12 21
v 393 0 48
v 394 14 16
v 395 0 12
v 396 7 26
v 397 5 5
v 398 4 2
v 399 13 4
v 400 7 73
v 401 0 117
v 402 12 51
v 403 13 39
v 404 14 82
v 405 12 33
v 406 6 31
v 407 3 18
v 408 8 59
v 409 10 8
v 410 1 10
v 411 13 7
v 412 11 9
v 413 2 3
v 414 0 26
v 415 6 84
v 416 10 75
v 417 6 15
v 418 5 11
v 419 0 13
v 420 3 153
v 421 0 12
v 422 11 32
v 423 12 11
v 424 0 15
v 425 13 33
v 426 10 115
v 427 8 18
v 428 9 22
v 429 1 58
v 430 3 17
v 431 1 111
v 432 9 24
v 433 10 39
v 434 3 9
v 435 13 6
v 436 4 7
v 437 4 21
v 438 11 11
v 439 2 49
v 440 1 26
v 441 7 22
v 442 13 32
v 443 14 14
v 444 6 59
v 445 10 51
v 446 1 12
v 447 0 4
v 448 4 14
v 449 14 6
v 450 7 38
v 451 12 21
v 452 12 10
v 453 1 2
v 454 13 26
v 455 4 6
v 456 2 15
v 457 10 5
v 458 8 24
v 459 13 1
v 460 10 6
v 461 10 15
v 462 5 7
v 463 1 8
v 464 13 7
v 465 2 5
v 466 4 5
v 467 13 4
v 468 0 1
v 469 0 2
v 470 0 1
v 471 3 10
v 472 10 8
v 473 4 9
v 474 8 5
v 475 5 13
v 476 5 4
v 477 9 4
v 478 14 2
v 479 13 1
v 480 0 2
v 481 13 2
v 482 11 3
v 483 11 1
v 484 9 1
v 485 10 3
v 486 7 5
v 487 11 15
v 488 10 32
v 489 14 6
v 490 7 145
v 491 10 24
v 492 6 23
v 493 5 72
v 494 13 20
v 495 8 25
v 496 2 3
v 497 3 11
v 498 6 13
v 499 9 4
v 500 4 10
v 501 0 1
v 502 2 10
v 503 2 8
v 504 4 129
v 505 5 29
v 506 5 19
v 507 12 49
v 508 5 33
v 509 11 20
v 510 1 53
v 511 5 13
v 512 12 11
v 513 9 9
v 514 0 34
v 515 0 13
v 516 4 9
v 517 2 17
v 518 2 4
v 519 9 4
v 520 4 16
v 521 5 6
v 522 6 7
v 523 8 7
v 524 2 19
v 525 4 4
v 526 1 1
v 527 7 26
v 528 11 4
v 529 3 5
v 530 14 2
v 531 0 10
v 532 4 11
v 533 2 11
v 534 13 33
v 535 8 26
v 536 11 19
v 537 1 13
v 538 4 10
v 539 6 11
v 540 13 6
v 541 5 27
v 542 4 6
v 543 6 5
v 544 1 158
v 545 1 14
v 546 8 23
v 547 14 39
v 548 7 37
v 549 7 10
v 550 5 72
v 551 13 14
v 552 12 83
v 553 12 21
v 554 5 16
v 555 1 4
v 556 7 3
v 557 1 25
v 558 11 28
v 559 7 8
v 560 6 10
v 561 0 14
v 562 4 11
v 563 5 3
v 564 11 10
v 565 10 5
v 566 14 5
v 567 2 7
v 568 14 8
v 569 2 18
v 570 10 5
v 571 9 70
v 572 6 10
v 573 12 6
v 574 10 22
v 575 1 9
v 576 1 4
v 577 12 1
v 578 1 12
v 579 3 10
v 580 11 20
v 581 3 56
v 582 0 20
v 583 6 48
v 584 0 3
v 585 1 6
v 586 6 19
v 587 8 9
v 588 8 23
v 589 4 10
v 590 7 13
v 591 14 7
v 592 7 7
v 593 12 12
v 594 9 12
v 595 11 21
v 596 10 4
v 597 3 4
v 598 6 8
v 599 1 2
v 600 5 4
v 601 3 7
v 602 4 10
v 603 9 7
v 604 12 8
v 605 2 25
v 606 6 1
v 607 3 76
v 608 5 43
v 609 1 15
v 610 1 3
v 611 13 40
v 612 13 12
v 613 13 1
v 614 11 21
v 615 0 12
v 616 14 22
v 617 8 4
v 618 7 44
v 619 12 56
v 620 10 18
v 621 3 54
v 622 1 7
v 623 7 5
v 624 6 5
v 625 4 4
v 626 3 9
v 627 10 10
v 628 0 10
v 629 12 9
v 630 3 4
v 631 9 1
v 632 2 3
v 633 1 3
v 634 3 5
v 635 7 1
v 636 6 3
v 637 5 2
v 638 8 4
v 639 13 1
v 640 2 8
v 641 1 1
v 642 9 36
v 643 7 99
v 644 2 113
v 645 9 10
v 646 6 17
v 647 10 80
v 648 10 47
v 649 6 15
v 650 14 18
v 651 8 10
v 652 7 37
v 653 10 13
v 654 14 22
v 655 14 15
v 656 5 14
v 657 13 3
v 658 7 25
v 659 7 20
v 660 10 76
v 661 10 68
v 662 13 15
v 663 3 16
v 664 8 18
v 665 9 108
v 666 14 19
v 667 3 38
v 668 0 35
v 669 5 13
v 670 11 20
v 671 11 39
v 672 14 4
v 673 5 8
v 674 13 7
v 675 5 7
v 676 0 11
v 677 8 12
v 678 2 4
v 679 13 4
v 680 4 4
v 681 9 6
v 682 12 42
v 683 2 34
v 684 13 4
v 685 6 26
v 686 9 7
v 687 4 7
v 688 11 59
v 689 11 247
v 690 12 1
v 691 7 8
v 692 1 23
v 693 12 2
v 694 1 2
v 695 8 2
v 696 13 10
v 697 14 65
v 698 0 2
v 699 1 2
v 700 3 1
v 701 2 21
v 702 0 9
v 703 4 7
v 704 0 5
v 705 12 7
v 706 13 18
v 707 7 15
v 708 5 7
v 709 13 13
v 710 2 12
v 711 12 33
v 712 2 13
v 713 13 11
v 714 10 6
v 715 7 43
v 716 5 10
v 717 8 4
v 718 6 6
v 719 14 5
v 720 8 4
v 721 8 48
v 722 0 31
v 723 9 41
v 724 1 8
v 725 10 8
v 726 12 10
v 727 12 17
v 728 8 3
v 729 12 2
v 730 9 2
v 731 1 22
v 732 11 7
v 733 6 2
v 734 14 20
v 735 12 14
v 736 3 15
v 737 4 31
v 738 8 4
v 739 14 2
v 740 9 14
v 741 6 3
v 742 13 107
v 743 7 81
v 744 13 35
v 745 12 63
v 746 6 11
v 747 9 9
v 748 9 10
v 749 3 2
v 750 13 12
v 751 13 144
v 752 12 28
v 753 0 34
v 754 10 22
v 755 14 28
v 756 0 11
v 757 11 19
v 758 2 27
v 759 4 11
v 760 8 12
v 761 9 5
v 762 4 1
v 763 5 13
v 764 1 10
v 765 7 36
v 766 13 53
v 767 4 13
v 768 13 5
v 769 4 97
v 770 12 36
v 771 6 18
v 772 6 23
v 773 12 43
v 774 6 7
v 775 0 22
v 776 2 6
v 777 10 5
v 778 14 13
v 779 2 10
v 780 3 6
v 781 4 20
v 782 11 15
v 783 13 28
v 784 5 20
v 785 0 8
v 786 0 8
v 787 7 5
v 788 6 5
v 789 2 9
v 790 7 2
v 791 14 4
v 792 13 13
v 793 9 12
v 794 11 7
v 795 1 16
v 796 10 7
v 797 11 13
v 798 2 6
v 799 12 3
v 800 5 11
v 801 6 11
v 802 0 11
v 803 9 5
v 804 7 13
v 805 6 2
v 806 7 1
v 807 0 1
v 808 1 10
v 809 7 1
v 810 12 3
v 811 2 1
v 812 0 5
v 813 0 188
v 814 9 125
v 815 9 11
v 816 2 28
v 817 10 24
v 818 5 17
v 819 1 12
v 820 11 9
v 821 8 9
v 822 10 95
v 823 5 12
v 824 3 60
v 825 6 42
v 826 12 7
v 827 12 46
v 828 12 33
v 829 7 8
v 830 1 9
v 831 14 1
v 832 0 2
v 833 9 8
v 834 11 5
v 835 7 2
v 836 9 5
v 837 10 4
v 838 14 5
v 839 5 11
v 840 10 6
v 841 1 6
v 842 10 1
v 843 11 20
v 844 9 16
v 845 4 6
v 846 12 2
v 847 13 5
v 848 2 2
v 849 14 2
v 850 6 2
v 851 12 3
v 852 4 3
v 853 14 7
v 854 11 6
v 855 13 6
v 856 10 6
v 857 12 6
v 858 1 8
v 859 8 6
v 860 13 7
v 861 12 18
v 862 3 46
v 863 0 5
v 864 12 24
v 865 6 5
v 866 7 3
v 867 5 1
v 868 12 10
v 869 3 56
v 870 7 16
v 871 5 40
v 872 12 20
v 873 10 19
v 874 1 25
v 875 0 41
v 876 14 29
v 877 14 12
v 878 0 74
v 879 7 55
v 880 4 28
v 881 14 26
v 882 0 3
v 883 8 6
v 884 10 11
v 885 9 12
v 886 9 13
v 887 14 34
v 888 3 23
v 889 3 13
v 890 1 12
v 891 12 9
v 892 13 18
v 893 14 6
v 894 14 7
v 895 10 4
v 896 12 6
v 897 8 11
v 898 11 5
v 899 8 2
v 900 6 2
v 901 8 21
v 902 4 10
v 903 1 6
v 904 2 3
v 905 6 2
v 906 14 22
v 907 9 4
v 908 6 6
v 909 14 3
v 910 1 2
v 911 14 34
v 912 1 2
v 913 6 1
v 914 1 42
v 915 1 111
v 916 6 10
v 917 12 33
v 918 2 37
v 919 11 41
v 920 0 58
v 921 12 22
v 922 7 65
v 923 6 39
v 924 10 14
v 925 6 20
v 926 0 21
v 927 7 16
v 928 14 21
v 929 13 16
v 930 5 7
v 931 11 11
v 932 4 20
v 933 1 13
v 934 5 13
v 935 1 7
v 936 1 7
v 937 5 3
v 938 11 4
v 939 0 3
v 940 5 5
v 941 5 45
v 942 2 23
v 943 0 35
v 944 13 30
v 945 3 29
v 946 13 8
v 947 5 24
v 948 1 10
v 949 9 30
v 950 14 3
v 951 2 83
v 952 3 7
v 953 0 22
v 954 3 96
v 955 10 27
v 956 10 37
v 957 11 11
v 958 14 17
v 959 1 13
v 960 11 15
v 961 0 34
v 962 4 5
v 963 5 15
v 964 11 14
v 965 0 41
v 966 14 19
v 967 9 25
v 968 3 17
v 969 13 35
v 970 2 12
v 971 2 22
v 972 7 3
v 973 1 8
v 974 7 8
v 975 5 15
v 976 11 4
v 977 4 12
v 978 2 16
v 979 0 11
v 980 3 3
v 981 5 8
v 982 5 5
v 983 7 1
v 984 4 11
v 985 4 3
v 986 14 5
v 987 14 4
v 988 8 5
v 989 10 10
v 990 5 14
v 991 2 4
v 992 9 6
v 993 1 9
v 994 1 2
v 995 8 4
v 996 9 2
v 997 4 2
v 998 2 1
v 999 6 4
v 1000 14 51
v 1001 2 18
v 1002 2 40
v 1003 12 5
v 1004 3 32
v 1005 5 111
v 1006 8 46
v 1007 3 44
v 1008 3 22
v 1009 12 14
v 1010 2 22
v 1011 4 23
v 1012 5 58
v 1013 6 14
v 1014 10 122
v 1015 0 19
v 1016 13 31
v 1017 2 23
v 1018 9 164
v 1019 0 31
v 1020 6 6
v 1021 1 13
v 1022 11 6
v 1023 1 21
v 1024 2 23
v 1025 6 67
v 1026 4 12
v 1027 8 8
v 1028 6 49
v 1029 11 24
v 1030 14 5
v 1031 2 24
v 1032 9 21
v 1033 6 26
v 1034 4 71
v 1035 10 10
v 1036 5 76
v 1037 1 14
v 1038 3 33
v 1039 7 37
v 1040 10 26
v 1041 5 42
v 1042 10 17
v 1043 8 7
v 1044 0 72
v 1045 6 13
v 1046 6 11
v 1047 0 19
v 1048 6 23
v 1049 11 49
v 1050 14 10
v 1051 5 13
v 1052 7 46
v 1053 3 10
v 1054 5 36
v 1055 4 52
v 1056 7 47
v 1057 1 9
v 1058 2 51
v 1059 12 15
v 1060 1 17
v 1061 4 17
v 1062 1 20
v 1063 8 13
v 1064 9 8
v 1065 11 17
v 1066 2 29
v 1067 12 14
v 1068 11 5
v 1069 7 7
v 1070 14 7
v 1071 6 28
v 1072 2 25
v 1073 12 43
v 1074 6 18
v 1075 6 30
v 1076 2 5
v 1077 3 5
v 1078 7 17
v 1079 5 13
v 1080 14 17
v 1081 8 16
v 1082 2 38
v 1083 5 25
v 1084 7 11
v 1085 10 4
v 1086 10 8
v 1087 1 11
v 1088 7 16
v 1089 12 7
v 1090 3 22
v 1091 4 6
v 1092 0 6
v 1093 13 4
v 1094 11 9
v 1095 7 3
v 1096 9 5
v 1097 7 41
v 1098 0 8
v 1099 3 18
v 1100 4 20
v 1101 1 14
v 1102 12 10
v 1103 10 16
v 1104 4 4
v 1105 8 26
v 1106 9 29
v 1107 2 8
v 1108 6 6
v 1109 11 6
v 1110 12 12
v 1111 7 15
v 1112 1 12
v 1113 10 6
v 1114 7 18
v 1115 12 20
v 1116 3 23
v 1117 8 4
v 1118 12 5
v 1119 6 9
v 1120 4 11
v 1121 10 14
v 1122 0 10
v 1123 1 10
v 1124 4 13
v 1125 14 23
v 1126 10 5
v 1127 0 4
v 1128 0 5
v 1129 4 7
v 1130 6 9
v 1131 8 4
v 1132 14 29
v 1133 9 4
v 1134 11 21
v 1135 6 5
v 1136 7 17
v 1137 1 4
v 1138 11 7
v 1139 4 1
v 1140 5 4
v 1141 4 39
v 1142 13 2
v 1143 12 2
v 1144 10 6
v 1145 14 19
v 1146 3 3
v 1147 9 7
v 1148 1 7
v 1149 0 1
v 1150 1 5
v 1151 12 3
v 1152 4 3
v 1153 4 5
v 1154 8 2
v 1155 5 2
v 1156 1 3
v 1157 8 16
v 1158 13 2
v 1159 3 12
v 1160 14 3
v 1161 14 11
v 1162 12 10
v 1163 2 12
v 1164 1 9
v 1165 6 21
v 1166 13 19
v 1167 4 11
v 1168 4 9
v 1169 8 8
v 1170 2 9
v 1171 9 12
v 1172 8 6
v 1173 10 1
v 1174 3 6
v 1175 8 3
v 1176 1 12
v 1177 6 51
v 1178 10 57
v 1179 8 46
v 1180 6 7
v 1181 11 45
v 1182 12 10
v 1183 14 6
v 1184 12 29
v 1185 4 10
v 1186 4 11
v 1187 7 3
v 1188 5 81
v 1189 9 21
v 1190 10 3
v 1191 2 102
v 1192 2 96
v 1193 1 16
v 1194 11 15
v 1195 1 128
v 1196 6 18
v 1197 6 65
v 1198 9 56
v 1199 7 6
v 1200 2 5
v 1201 8 34
v 1202 10 17
v 1203 4 6
v 1204 5 22
v 1205 10 2
v 1206 7 5
v 1207 11 7
v 1208 6 27
v 1209 3 17
v 1210 7 96
v 1211 7 4
v 1212 11 37
v 1213 8 58
v 1214 5 25
v 1215 7 6
v 1216 10 15
v 1217 0 12
v 1218 7 2
v 1219 4 18
v 1220 2 57
v 1221 11 38
v 1222 7 15
v 1223 0 10
v 1224 14 8
v 1225 9 7
v 1226 3 4
v 1227 0 38
v 1228 5 70
v 1229 7 36
v 1230 6 21
v 1231 14 13
v 1232 0 6
v 1233 13 25
v 1234 8 4
v 1235 1 39
v 1236 10 20
v 1237 13 24
v 1238 1 17
v 1239 10 30
v 1240 11 17
v 1241 14 43
v 1242 10 11
v 1243 6 8
v 1244 0 20
v 1245 5 16
v 1246 0 9
v 1247 1 24
v 1248 9 20
v 1249 0 31
v 1250 4 7
v 1251 13 6
v 1252 10 23
v 1253 11 7
v 1254 4 18
v 1255 11 33
v 1256 14 11
v 1257 3 5
v 1258 2 11
v 1259 12 4
v 1260 9 9
v 1261 4 3
v 1262 3 7
v 1263 1 4
v 1264 6 11
v 1265 7 28
v 1266 11 12
v 1267 5 11
v 1268 6 2
v 1269 2 5
v 1270 5 9
v 1271 6 27
v 1272 10 5
v 1273 14 4
v 1274 10 16
v 1275 6 30
v 1276 2 9
v 1277 7 3
v 1278 14 1
v 1279 11 2
v 1280 2 2
v 1281 8 13
v 1282 5 15
v 1283 2 8
v 1284 3 4
v 1285 14 5
v 1286 2 42
v 1287 7 1
v 1288 5 10
v 1289 12 9
v 1290 6 2
v 1291 6 13
v 1292 12 1
v 1293 7 1
v 1294 6 13
v 1295 11 13
v 1296 3 8
v 1297 12 8
v 1298 3 3
v 1299 7 2
v 1300 3 3
v 1301 9 5
v 1302 11 3
v 1303 0 9
v 1304 14 14
v 1305 6 5
v 1306 0 17
v 1307 3 11
v 1308 10 4
v 1309 1 14
v 1310 13 8
v 1311 2 7
v 1312 5 8
v 1313 0 12
v 1314 11 17
v 1315 10 15
v 1316 10 7
v 1317 2 15
v 1318 3 5
v 1319 9 4
v 1320 4 3
v 1321 9 4
v 1322 1 4
v 1323 11 13
v 1324 13 3
v 1325 8 5
v 1326 12 4
v 1327 4 4
v 1328 12 5
v 1329 14 2
v 1330 14 12
v 1331 5 1
v 1332 6 5
v 1333 7 10
v 1334 0 12
v 1335 10 8
v 1336 11 32
v 1337 8 9
v 1338 10 33
v 1339 10 5
v 1340 8 8
v 1341 14 42
v 1342 11 4
v 1343 14 7
v 1344 6 16
v 1345 9 6
v 1346 7 17
v 1347 7 8
v 1348 4 19
v 1349 11 16
v 1350 7 16
v 1351 3 7
v 1352 5 18
v 1353 4 20
v 1354 0 5
v 1355 0 10
v 1356 0 3
v 1357 2 42
v 1358 5 7
v 1359 0 6
v 1360 4 11
v 1361 10 8
v 1362 0 17
v 1363 2 4
v 1364 1 7
v 1365 12 3
v 1366 6 8
v 1367 10 5
v 1368 3 40
v 1369 9 13
v 1370 6 13
v 1371 8 5
v 1372 14 10
v 1373 3 12
v 1374 7 5
v 1375 3 15
v 1376 5 4
v 1377 9 2
v 1378 1 6
v 1379 9 2
v 1380 14 3
v 1381 1 18
v 1382 12 20
v 1383 5 45
v 1384 5 19
v 1385 8 13
v 1386 7 11
v 1387 14 9
v 1388 5 35
v 1389 4 15
v 1390 0 8
v 1391 8 2
v 1392 0 8
v 1393 3 10
v 1394 5 7
v 1395 1 15
v 1396 3 5
v 1397 13 5
v 1398 8 7
v 1399 5 6
v 1400 3 3
v 1401 13 12
v 1402 3 1
v 1403 4 2
v 1404 10 4
v 1405 11 5
v 1406 11 1
v 1407 4 2
v 1408 4 2
v 1409 8 67
v 1410 13 30
v 1411 6 13
v 1412 4 47
v 1413 7 20
v 1414 5 36
v 1415 13 10
v 1416 11 30
v 1417 3 52
v 1418 0 68
v 1419 4 10
v 1420 14 11
v 1421 8 22
v 1422 1 7
v 1423 0 25
v 1424 7 15
v 1425 7 30
v 1426 11 24
v 1427 7 40
v 1428 0 13
v 1429 14 25
v 1430 12 16
v 1431 6 6
v 1432 7 6
v 1433 7 5
v 1434 7 5
v 1435 1 5
v 1436 1 7
v 1437 1 3
v 1438 3 3
v 1439 1 14
v 1440 13 9
v 1441 12 7
v 1442 2 3
v 1443 6 4
v 1444 14 2
v 1445 14 2
v 1446 3 5
v 1447 7 2
v 1448 9 3
v 1449 1 8
v 1450 13 13
v 1451 6 71
v 1452 8 9
v 1453 12 8
v 1454 14 28
v 1455 13 12
v 1456 6 83
v 1457 0 17
v 1458 2 26
v 1459 3 7
v 1460 7 10
v 1461 3 9
v 1462 2 11
v 1463 13 13
v 1464 13 13
v 1465 4 9
v 1466 14 6
v 1467 5 31
v 1468 5 8
v 1469 6 20
v 1470 1 17
v 1471 8 5
v 1472 14 13
v 1473 4 8
v 1474 9 6
v 1475 8 4
v 1476 12 12
v 1477 3 12
v 1478 11 6
v 1479 4 8
v 1480 12 6
v 1481 7 2
v 1482 8 8
v 1483 9 6
v 1484 7 5
v 1485 8 11
v 1486 10 8
v 1487 4 5
v 1488 4 13
v 1489 3 14
v 1490 0 10
v 1491 1 10
v 1492 9 3
v 1493 12 6
v 1494 11 10
v 1495 1 3
v 1496 2 2
v 1497 11 3
v 1498 6 5
v 1499 3 1
v 1500 3 1
v 1501 4 3
v 1502 14 2
v 1503 11 3
v 1504 10 3
v 1505 0 19
v 1506 11 9
v 1507 8 16
v 1508 8 8
v 1509 6 25
v 1510 13 10
v 1511 0 13
v 1512 1 42
v 1513 6 35
v 1514 10 3
v 1515 4 35
v 1516 1 2
v 1517 11 2
v 1518 9 1
v 1519 5 12
v 1520 3 8
v 1521 10 8
v 1522 11 8
v 1523 11 8
v 1524 8 4
v 1525 10 7
v 1526 4 25
v 1527 3 10
v 1528 11 15
v 1529 13 18
v 1530 14 34
v 1531 3 26
v 1532 1 5
v 1533 8 3
v 1534 4 1
v 1535 10 25
v 1536 5 8
v 1537 3 9
v 1538 5 1
v 1539 10 5
v 1540 7 5
v 1541 4 3
v 1542 9 2
v 1543 2 2
v 1544 2 16
v 1545 12 15
v 1546 0 13
v 1547 8 10
v 1548 8 2
v 1549 5 7
v 1550 5 2
v 1551 9 2
v 1552 10 3
v 1553 0 8
v 1554 12 3
v 1555 2 8
v 1556 14 8
v 1557 6 6
v 1558 2 8
v 1559 2 3
v 1560 8 4
v 1561 1 7
v 1562 2 3
v 1563 12 7
v 1564 3 10
v 1565 12 35
v 1566 14 33
v 1567 12 7
v 1568 7 8
v 1569 9 9
v 1570 12 37
v 1571 11 8
v 1572 3 20
v 1573 3 27
v 1574 11 19
v 1575 2 14
v 1576 13 15
v 1577 3 28
v 1578 12 14
v 1579 6 17
v 1580 5 2
v 1581 9 1
v 1582 9 6
v 1583 2 65
v 1584 10 3
v 1585 7 5
v 1586 14 3
v 1587 14 30
v 1588 1 20
v 1589 9 8
v 1590 13 8
v 1591 0 19
v 1592 8 15
v 1593 9 6
v 1594 5 6
v 1595 7 7
v 1596 7 5
v 1597 4 5
v 1598 0 15
v 1599 3 4
v 1600 8 7
v 1601 10 2
v 1602 2 1
v 1603 10 75
v 1604 14 21
v 1605 7 5
v 1606 12 54
v 1607 11 13
v 1608 7 18
v 1609 8 15
v 1610 5 39
v 1611 11 9
v 1612 13 14
v 1613 1 2
v 1614 4 2
v 1615 2 64
v 1616 9 11
v 1617 6 21
v 1618 11 1
v 1619 3 39
v 1620 13 8
v 1621 5 10
v 1622 12 9
v 1623 4 10
v 1624 6 9
v 1625 0 11
v 1626 3 11
v 1627 0 4
v 1628 5 5
v 1629 11 15
v 1630 11 5
v 1631 3 2
v 1632 5 1
v 1633 13 6
v 1634 7 8
v 1635 10 13
v 1636 11 11
v 1637 10 17
v 1638 10 3
v 1639 3 9
v 1640 4 13
v 1641 5 9
v 1642 10 26
v 1643 2 10
v 1644 4 17
v 1645 0 6
v 1646 5 10
v 1647 9 17
v 1648 8 5
v 1649 0 13
v 1650 11 7
v 1651 10 10
v 1652 2 13
v 1653 5 6
v 1654 0 7
v 1655 7 15
v 1656 10 4
v 1657 0 27
v 1658 0 5
v 1659 3 3
v 1660 0 14
v 1661 0 3
v 1662 3 3
v 1663 10 8
v 1664 5 3
v 1665 1 4
v 1666 13 2
v 1667 0 2
v 1668 5 2
v 1669 10 1
v 1670 6 2
v 1671 2 6
v 1672 14 6
v 1673 14 14
v 1674 3 16
v 1675 7 7
v 1676 6 2
v 1677 2 4
v 1678 5 4
v 1679 4 2
v 1680 2 5
v 1681 10 1
v 1682 5 4
v 1683 11 5
v 1684 12 38
v 1685 11 65
v 1686 6 86
v 1687 6 20
v 1688 0 13
v 1689 6 15
v 1690 14 27
v 1691 4 20
v 1692 8 7
v 1693 8 11
v 1694 12 11
v 1695 11 7
v 1696 10 12
v 1697 11 22
v 1698 7 9
v 1699 12 17
v 1700 0 12
v 1701 9 1
v 1702 14 28
v 1703 1 24
v 1704 6 5
v 1705 6 4
v 1706 2 2
v 1707 0 6
v 1708 8 4
v 1709 2 12
v 1710 9 5
v 1711 13 5
v 1712 10 22
v 1713 8 2
v 1714 13 11
v 1715 11 19
v 1716 11 7
v 1717 2 8
v 1718 1 2
v 1719 5 54
v 1720 3 13
v 1721 13 6
v 1722 13 4
v 1723 13 60
v 1724 2 36
v 1725 3 23
v 1726 0 14
v 1727 12 22
v 1728 14 16
v 1729 2 12
v 1730 11 10
v 1731 12 34
v 1732 13 38
v 1733 10 2
v 1734 8 8
v 1735 2 7
v 1736 11 5
v 1737 1 12
v 1738 6 10
v 1739 14 10
v 1740 13 51
v 1741 9 8
v 1742 1 3
v 1743 9 6
v 1744 10 11
v 1745 7 9
v 1746 11 7
v 1747 2 54
v 1748 9 30
v 1749 9 11
v 1750 0 19
v 1751 4 11
v 1752 5 6
v 1753 12 47
v 1754 11 34
v 1755 11 9
v 1756 6 18
v 1757 0 12
v 1758 10 15
v 1759 14 13
v 1760 14 20
v 1761 0 7
v 1762 7 8
v 1763 1 9
v 1764 5 8
v 1765 4 4
v 1766 10 20
v 1767 2 16
v 1768 7 2
v 1769 3 2
v 1770 8 1
v 1771 5 4
v 1772 2 14
v 1773 11 2
v 1774 12 11
v 1775 6 11
v 1776 5 29
v 1777 4 14
v 1778 12 1
v 1779 7 11
v 1780 6 19
v 1781 0 10
v 1782 4 4
v 1783 8 4
v 1784 14 4
v 1785 4 14
v 1786 8 4
v 1787 7 9
v 1788 0 2
v 1789 12 10
v 1790 8 6
v 1791 9 8
v 1792 8 28
v 1793 4 5
v 1794 14 11
v 1795 10 21
v 1796 0 11
v 1797 7 11
v 1798 6 15
v 1799 11 12
v 1800 1 3
v 1801 6 8
v 1802 5 9
v 1803 7 6
v 1804 0 11
v 1805 0 5
v 1806 4 2
v 1807 11 17
v 1808 0 5
v 1809 4 4
v 1810 10 3
v 1811 10 8
v 1812 9 2
v 1813 11 1
v 1814 12 4
v 1815 14 5
v 1816 4 5
v 1817 10 9
v 1818 12 2
v 1819 3 4
v 1820 12 3
v 1821 8 2
v 1822 8 17
v 1823 5 14
v 1824 6 13
v 1825 13 12
v 1826 4 22
v 1827 3 49
v 1828 1 43
v 1829 9 30
v 1830 5 6
v 1831 12 12
v 1832 14 59
v 1833 3 14
v 1834 9 39
v 1835 10 62
v 1836 11 23
v 1837 8 19
v 1838 10 34
v 1839 14 20
v 1840 5 10
v 1841 2 19
v 1842 14 19
v 1843 13 18
v 1844 14 8
v 1845 2 13
v 1846 5 8
v 1847 13 21
v 1848 11 10
v 1849 13 10
v 1850 0 5
v 1851 9 14
v 1852 13 13
v 1853 0 8
v 1854 9 2
v 1855 2 21
v 1856 5 5
v 1857 5 10
v 1858 4 23
v 1859 10 19
v 1860 4 23
v 1861 5 9
v 1862 7 8
v 1863 12 7
v 1864 6 9
v 1865 9 16
v 1866 6 1
v 1867 2 9
v 1868 0 14
v 1869 12 6
v 1870 2 4
v 1871 9 7
v 1872 0 5
v 1873 7 4
v 1874 2 2
v 1875 5 12
v 1876 14 7
v 1877 0 5
v 1878 11 2
v 1879 7 2
v 1880 14 4
v 1881 10 5
v 1882 13 1
v 1883 10 10
v 1884 12 4
v 1885 4 9
v 1886 11 14
v 1887 9 16
v 1888 3 7
v 1889 1 5
v 1890 8 3
v 1891 14 12
v 1892 6 12
v 1893 4 13
v 1894 13 9
v 1895 2 8
v 1896 8 12
v 1897 2 8
v 1898 1 6
v 1899 10 40
v 1900 10 7
v 1901 2 13
v 1902 9 8
v 1903 1 4
v 1904 8 4
v 1905 10 14
v 1906 12 1
v 1907 8 15
v 1908 9 13
v 1909 6 10
v 1910 12 5
v 1911 6 4
v 1912 4 10
v 1913 4 2
v 1914 4 14
v 1915 0 7
v 1916 6 2
v 1917 12 26
v 1918 13 22
v 1919 11 12
v 1920 4 14
v 1921 4 16
v 1922 8 9
v 1923 8 14
v 1924 8 5
v 1925 5 26
v 1926 5 13
v 1927 3 14
v 1928 11 12
v 1929 12 21
v 1930 6 2
v 1931 12 4
v 1932 2 7
v 1933 13 3
v 1934 0 5
v 1935 12 5
v 1936 8 10
v 1937 2 14
v 1938 12 14
v 1939 10 4
v 1940 11 9
v 1941 14 8
v 1942 12 3
v 1943 9 20
v 1944 6 38
v 1945 5 17
v 1946 7 53
v 1947 0 26
v 1948 8 7
v 1949 14 9
v 1950 6 11
v 1951 10 29
v 1952 9 17
v 1953 12 72
v 1954 12 31
v 1955 12 26
v 1956 3 23
v 1957 14 13
v 1958 0 12
v 1959 5 14
v 1960 8 21
v 1961 2 4
v 1962 10 18
v 1963 3 10
v 1964 10 3
v 1965 5 5
v 1966 10 4
v 1967 11 3
v 1968 7 38
v 1969 0 17
v 1970 11 52
v 1971 11 26
v 1972 3 10
v 1973 9 48
v 1974 14 26
v 1975 3 13
v 1976 4 13
v 1977 2 14
v 1978 12 12
v 1979 14 24
v 1980 6 21
v 1981 1 18
v 1982 9 2
v 1983 7 42
v 1984 3 91
v 1985 11 1
v 1986 11 2
v 1987 7 2
v 1988 13 27
v 1989 8 45
v 1990 14 9
v 1991 12 4
v 1992 12 47
v 1993 11 20
v 1994 1 9
v 1995 3 14
v 1996 2 25
v 1997 7 12
v 1998 14 5
v 1999 1 16
v 2000 14 1
v 2001 6 1
v 2002 10 22
v 2003 6 4
v 2004 4 14
v 2005 4 4
v 2006 6 15
v 2007 14 2
v 2008 12 1
v 2009 12 1
v 2010 5 26
v 2011 9 7
v 2012 5 70
v 2013 1 14
v 2014 4 11
v 2015 0 4
v 2016 7 13
v 2017 0 4
v 2018 12 4
v 2019 4 4
v 2020 3 2
v 2021 12 2
v 2022 6 25
v 2023 6 2
v 2024 6 6
v 2025 12 17
v 2026 10 3
v 2027 10 5
v 2028 10 2
v 2029 6 9
v 2030 11 5
v 2031 14 8
v 2032 13 8
v 2033 0 4
v 2034 9 20
v 2035 7 4
v 2036 5 4
v 2037 13 4
v 2038 9 1
v 2039 2 2
v 2040 9 1
v 2041 11 32
v 2042 4 6
v 2043 5 7
v 2044 13 6
v 2045 0 6
v 2046 6 10
v 2047 7 89
v 2048 14 29
v 2049 8 20
v 2050 2 8
v 2051 0 6
v 2052 1 6
v 2053 9 4
v 2054 13 6
v 2055 5 2
v 2056 5 7
v 2057 0 12
v 2058 1 8
v 2059 3 13
v 2060 11 1
v 2061 1 6
v 2062 10 6
v 2063 8 7
v 2064 7 5
v 2065 0 23
v 2066 5 20
v 2067 14 10
v 2068 13 7
v 2069 13 12
v 2070 0 8
v 2071 5 17
v 2072 6 36
v 2073 14 43
v 2074 2 6
v 2075 12 21
v 2076 10 15
v 2077 4 12
v 2078 6 27
v 2079 10 19
v 2080 2 16
v 2081 9 6
v 2082 2 7
v 2083 6 8
v 2084 13 2
v 2085 4 12
v 2086 8 5
v 2087 0 2
v 2088 2 6
v 2089 2 4
v 2090 14 1
v 2091 2 3
v 2092 14 12
v 2093 7 28
v 2094 11 10
v 2095 10 3
v 2096 11 2
v 2097 12 1
v 2098 11 9
v 2099 0 10
v 2100 11 4
v 2101 13 54
v 2102 8 44
v 2103 0 22
v 2104 13 16
v 2105 8 29
v 2106 11 11
v 2107 11 29
v 2108 11 20
v 2109 10 11
v 2110 6 26
v 2111 2 9
v 2112 5 79
v 2113 12 7
v 2114 9 11
v 2115 13 30
v 2116 1 6
v 2117 1 11
v 2118 8 15
v 2119 2 31
v 2120 13 28
v 2121 4 18
v 2122 3 4
v 2123 12 8
v 2124 4 3
v 2125 5 6
v 2126 11 1
v 2127 11 7
v 2128 4 3
v 2129 12 13
v 2130 4 5
v 2131 8 2
v 2132 14 17
v 2133 7 34
v 2134 14 26
v 2135 2 21
v 2136 12 13
v 2137 14 8
v 2138 7 3
v 2139 8 6
v 2140 2 5
v 2141 0 32
v 2142 10 11
v 2143 9 59
v 2144 2 14
v 2145 10 9
v 2146 8 35
v 2147 0 74
v 2148 14 3
v 2149 12 14
v 2150 5 19
v 2151 13 6
v 2152 1 6
v 2153 3 5
v 2154 10 18
v 2155 12 2
v 2156 7 23
v 2157 9 4
v 2158 3 8
v 2159 12 21
v 2160 7 4
v 2161 8 22
v 2162 2 18
v 2163 11 35
v 2164 5 36
v 2165 14 12
v 2166 10 9
v 2167 2 16
v 2168 7 24
v 2169 12 3
v 2170 8 8
v 2171 0 4
v 2172 8 15
v 2173 1 7
v 2174 13 3
v 2175 8 7
v 2176 5 18
v 2177 0 20
v 2178 13 5
v 2179 12 2
v 2180 1 23
v 2181 1 12
v 2182 6 19
v 2183 9 22
v 2184 5 17
v 2185 9 15
v 2186 7 12
v 2187 5 5
v 2188 13 21
v 2189 6 15
v 2190 8 8
v 2191 5 6
v 2192 13 11
v 2193 13 16
v 2194 10 23
v 2195 1 7
v 2196 2 7
v 2197 5 6
v 2198 14 17
v 2199 0 23
v 2200 2 5
v 2201 11 20
v 2202 2 14
v 2203 0 7
v 2204 5 6
v 2205 14 31
v 2206 9 7
v 2207 3 11
v 2208 0 9
v 2209 6 5
v 2210 10 8
v 2211 0 14
v 2212 11 2
v 2213 4 29
v 2214 12 6
v 2215 6 7
v 2216 14 6
v 2217 0 4
v 2218 9 7
v 2219 12 11
v 2220 12 13
v 2221 11 25
v 2222 2 25
v 2223 5 14
v 2224 14 18
v 2225 13 14
v 2226 14 3
v 2227 1 11
v 2228 6 2
v 2229 0 3
v 2230 7 1
v 2231 5 2
v 2232 9 4
v 2233 14 11
v 2234 9 5
v 2235 12 14
v 2236 4 6
v 2237 10 2
v 2238 4 1
v 2239 9 1
v 2240 13 1
v 2241 12 8
v 2242 7 2
v 2243 6 10
v 2244 2 61
v 2245 0 27
v 2246 7 16
v 2247 12 26
v 2248 4 20
v 2249 3 8
v 2250 6 21
v 2251 1 7
v 2252 5 3
v 2253 1 1
v 2254 1 4
v 2255 0 4
v 2256 5 6
v 2257 0 26
v 2258 2 11
v 2259 6 12
v 2260 9 13
v 2261 11 9
v 2262 10 4
v 2263 14 1
v 2264 0 9
v 2265 5 1
v 2266 7 2
v 2267 12 7
v 2268 8 17
v 2269 11 10
v 2270 13 23
v 2271 11 8
v 2272 7 21
v 2273 7 14
v 2274 1 2
v 2275 13 3
v 2276 0 19
v 2277 8 6
v 2278 13 5
v 2279 6 10
v 2280 12 22
v 2281 12 6
v 2282 13 7
v 2283 14 8
v 2284 4 3
v 2285 0 3
v 2286 10 2
v 2287 8 1
v 2288 1 2
v 2289 13 9
v 2290 13 3
v 2291 1 7
v 2292 5 6
v 2293 5 5
v 2294 1 14
v 2295 7 4
v 2296 0 3
v 2297 2 2
v 2298 14 10
v 2299 8 23
v 2300 10 12
v 2301 12 11
v 2302 4 6
v 2303 0 19
v 2304 0 15
v 2305 6 13
v 2306 5 18
v 2307 2 12
v 2308 8 13
v 2309 11 3
v 2310 2 10
v 2311 2 8
v 2312 2 4
v 2313 12 18
v 2314 14 3
v 2315 2 19
v 2316 10 6
v 2317 10 15
v 2318 3 12
v 2319 14 5
v 2320 14 5
v 2321 9 4
v 2322 5 3
v 2323 0 3
v 2324 7 2
v 2325 14 3
v 2326 10 3
v 2327 10 4
v 2328 6 2
v 2329 0 4
v 2330 3 2
v 2331 3 2
v 2332 10 3
v 2333 4 3
v 2334 5 5
v 2335 2 2
v 2336 3 20
v 2337 5 123
v 2338 3 36
v 2339 2 5
v 2340 14 19
v 2341 6 31
v 2342 7 20
v 2343 5 17
v 2344 14 13
v 2345 9 22
v 2346 2 14
v 2347 6 10
v 2348 9 6
v 2349 12 17
v 2350 0 18
v 2351 2 8
v 2352 14 9
v 2353 9 3
v 2354 0 21
v 2355 10 7
v 2356 6 18
v 2357 11 5
v 2358 12 12
v 2359 2 5
v 2360 2 7
v 2361 0 9
v 2362 0 5
v 2363 13 8
v 2364 5 8
v 2365 8 8
v 2366 0 4
v 2367 0 2
v 2368 0 5
v 2369 12 2
v 2370 14 7
v 2371 1 6
v 2372 9 6
v 2373 9 8
v 2374 2 4
v 2375 12 11
v 2376 2 3
v 2377 10 8
v 2378 12 9
v 2379 6 15
v 2380 12 7
v 2381 0 14
v 2382 6 7
v 2383 6 34
v 2384 9 8
v 2385 14 37
v 2386 10 2
v 2387 5 15
v 2388 11 23
v 2389 3 11
v 2390 14 20
v 2391 2 17
v 2392 5 30
v 2393 8 4
v 2394 3 12
v 2395 8 19
v 2396 6 2
v 2397 1 3
v 2398 2 9
v 2399 6 10
v 2400 9 2
v 2401 10 8
v 2402 5 7
v 2403 1 4
v 2404 6 9
v 2405 14 5
v 2406 6 3
v 2407 3 5
v 2408 7 1
v 2409 6 3
v 2410 3 2
v 2411 14 8
v 2412 6 1
v 2413 3 1
v 2414 10 8
v 2415 7 7
v 2416 6 43
v 2417 14 38
v 2418 9 4
v 2419 1 21
v 2420 13 16
v 2421 4 56
v 2422 4 13
v 2423 14 49
v 2424 8 18
v 2425 5 25
v 2426 8 7
v 2427 0 6
v 2428 9 2
v 2429 9 11
v 2430 12 22
v 2431 7 7
v 2432 14 17
v 2433 3 81
v 2434 4 29
v 2435 0 7
v 2436 9 3
v 2437 5 12
v 2438 13 4
v 2439 12 24
v 2440 6 7
v 2441 10 36
v 2442 1 13
v 2443 8 4
v 2444 14 6
v 2445 13 2
v 2446 0 8
v 2447 2 13
v 2448 11 9
v 2449 6 3
v 2450 0 3
v 2451 12 9
v 2452 6 9
v 2453 11 10
v 2454 13 6
v 2455 6 11
v 2456 6 7
v 2457 14 11
v 2458 1 7
v 2459 11 3
v 2460 7 6
v 2461 9 16
v 2462 7 9
v 2463 2 9
v 2464 2 15
v 2465 5 6
v 2466 7 2
v 2467 6 35
v 2468 2 11
v 2469 9 5
v 2470 14 11
v 2471 13 1
v 2472 4 1
v 2473 12 13
v 2474 8 2
v 2475 1 14
v 2476 14 3
v 2477 5 2
v 2478 5 19
v 2479 2 13
v 2480 10 29
v 2481 5 3
v 2482 12 1
v 2483 7 6
v 2484 10 10
v 2485 8 5
v 2486 12 3
v 2487 0 3
v 2488 3 41
v 2489 14 2
v 2490 4 2
v 2491 2 8
v 2492 11 7
v 2493 9 3
v 2494 5 2
v 2495 4 2
v 2496 6 8
v 2497 10 5
v 2498 0 4
v 2499 4 2
v 2500 8 1
v 2501 6 3
v 2502 0 5
v 2503 10 4
v 2504 6 2
v 2505 4 5
v 2506 6 1
v 2507 11 1
v 2508 3 14
v 2509 5 17
v 2510 2 11
v 2511 2 13
v 2512 1 8
v 2513 9 9
v 2514 5 13
v 2515 2 5
v 2516 0 3
v 2517 6 22
v 2518 9 3
v 2519 6 10
v 2520 7 23
v 2521 1 1
v 2522 10 39
v 2523 11 13
v 2524 11 21
v 2525 10 20
v 2526 1 37
v 2527 12 21
v 2528 6 3
v 2529 8 10
v 2530 11 4
v 2531 8 1
v 2532 2 26
v 2533 2 9
v 2534 2 8
v 2535 3 2
v 2536 2 2
v 2537 3 2
v 2538 0 18
v 2539 8 7
v 2540 2 1
v 2541 13 2
v 2542 7 9
v 2543 5 3
v 2544 14 16
v 2545 14 11
v 2546 9 9
v 2547 11 14
v 2548 4 16
v 2549 11 12
v 2550 12 34
v 2551 5 6
v 2552 10 6
v 2553 1 7
v 2554 12 16
v 2555 14 5
v 2556 13 4
v 2557 13 1
v 2558 6 7
v 2559 12 9
v 2560 13 1
v 2561 4 1
v 2562 14 6
v 2563 2 1
v 2564 5 7
v 2565 10 2
v 2566 8 11
v 2567 5 4
v 2568 8 4
v 2569 11 7
v 2570 2 4
v 2571 14 10
v 2572 6 5
v 2573 11 13
v 2574 11 10
v 2575 8 22
v 2576 4 5
v 2577 3 7
v 2578 14 7
v 2579 14 24
v 2580 6 7
v 2581 5 6
v 2582 6 8
v 2583 7 6
v 2584 8 14
v 2585 4 7
v 2586 6 5
v 2587 6 7
v 2588 13 6
v 2589 1 1
v 2590 10 1
v 2591 2 6
v 2592 2 4
v 2593 0 1
v 2594 9 1
v 2595 9 2
v 2596 10 5
v 2597 11 9
v 2598 14 18
v 2599 14 9
v 2600 8 5
v 2601 1 7
v 2602 11 10
v 2603 12 4
v 2604 10 3
v 2605 11 4
v 2606 3 1
v 2607 9 4
v 2608 10 3
v 2609 9 8
v 2610 8 2
v 2611 1 2
v 2612 4 8
v 2613 11 3
v 2614 11 8
v 2615 9 5
v 2616 2 14
v 2617 6 18
v 2618 1 16
v 2619 12 5
v 2620 0 8
v 2621 0 9
v 2622 1 3
v 2623 14 14
v 2624 5 7
v 2625 13 28
v 2626 11 14
v 2627 7 6
v 2628 5 17
v 2629 1 7
v 2630 10 3
v 2631 7 5
v 2632 5 4
v 2633 9 2
v 2634 11 3
v 2635 4 5
v 2636 10 4
v 2637 7 62
v 2638 12 9
v 2639 12 9
v 2640 3 5
v 2641 14 4
v 2642 2 6
v 2643 8 4
v 2644 8 8
v 2645 13 18
v 2646 14 18
v 2647 1 5
v 2648 12 9
v 2649 13 7
v 2650 8 6
v 2651 14 4
v 2652 14 1
v 2653 2 2
v 2654 0 1
v 2655 13 4
v 2656 10 1
v 2657 13 3
v 2658 2 3
v 2659 14 5
v 2660 8 26
v 2661 6 4
v 2662 9 6
v 2663 10 17
v 2664 3 17
v 2665 7 3
v 2666 11 8
v 2667 10 9
v 2668 6 8
v 2669 4 11
v 2670 0 24
v 2671 9 14
v 2672 2 4
v 2673 14 4
v 2674 6 11
v 2675 2 8
v 2676 14 7
v 2677 7 4
v 2678 9 11
v 2679 0 2
v 2680 14 5
v 2681 6 29
v 2682 14 23
v 2683 12 46
v 2684 1 36
v 2685 10 47
v 2686 9 26
v 2687 6 10
v 2688 5 2
v 2689 3 4
v 2690 8 1
v 2691 13 1
v 2692 7 5
v 2693 0 3
v 2694 7 7
v 2695 9 18
v 2696 1 2
v 2697 4 9
v 2698 13 30
v 2699 8 9
v 2700 7 5
v 2701 8 4
v 2702 10 2
v 2703 6 2
v 2704 7 14
v 2705 4 4
v 2706 2 3
v 2707 3 16
v 2708 8 29
v 2709 5 30
v 2710 2 21
v 2711 4 5
v 2712 13 2
v 2713 9 6
v 2714 13 6
v 2715 14 5
v 2716 2 60
v 2717 7 6
v 2718 1 20
v 2719 1 6
v 2720 7 1
v 2721 6 9
v 2722 9 6
v 2723 6 3
v 2724 8 5
v 2725 1 12
v 2726 4 7
v 2727 7 5
v 2728 3 8
v 2729 13 6
v 2730 1 18
v 2731 4 15
v 2732 2 11
v 2733 5 4
v 2734 12 10
v 2735 1 5
v 2736 2 2
v 2737 10 1
v 2738 13 5
v 2739 0 2
v 2740 13 1
v 2741 10 2
v 2742 2 7
v 2743 9 3
v 2744 8 1
v 2745 3 5
v 2746 0 2
v 2747 0 11
v 2748 13 12
v 2749 6 1
v 2750 8 10
v 2751 11 2
v 2752 12 1
v 2753 9 9
v 2754 7 1
v 2755 11 5
v 2756 11 8
v 2757 1 1
v 2758 14 1
v 2759 7 10
v 2760 8 1
v 2761 5 7
v 2762 13 9
v 2763 12 11
v 2764 5 13
v 2765 13 2
v 2766 1 11
v 2767 10 10
v 2768 0 12
v 2769 3 10
v 2770 3 11
v 2771 7 10
v 2772 13 6
v 2773 4 1
v 2774 4 1
v 2775 3 1
v 2776 0 5
v 2777 7 21
v 2778 5 14
v 2779 8 3
v 2780 14 20
v 2781 5 23
v 2782 1 2
v 2783 1 3
v 2784 4 26
v 2785 9 19
v 2786 6 21
v 2787 3 4
v 2788 11 5
v 2789 5 4
v 2790 6 9
v 2791 13 7
v 2792 12 4
v 2793 2 6
v 2794 3 2
v 2795 4 4
v 2796 14 3
v 2797 3 3
v 2798 11 2
v 2799 12 11
v 2800 7 2
v 2801 10 2
v 2802 14 1
v 2803 12 1
v 2804 5 28
v 2805 4 1
v 2806 6 9
v 2807 9 5
v 2808 2 6
v 2809 13 3
v 2810 12 5
v 2811 1 2
v 2812 6 2
v 2813 5 22
v 2814 8 16
v 2815 13 7
v 2816 7 4
v 2817 3 7
v 2818 10 25
v 2819 11 9
v 2820 5 4
v 2821 10 12
v 2822 14 10
v 2823 5 11
v 2824 6 1
v 2825 4 4
v 2826 5 3
v 2827 6 1
v 2828 12 1
v 2829 12 20
v 2830 11 4
v 2831 4 8
v 2832 13 11
v 2833 1 3
v 2834 7 1
v 2835 14 10
v 2836 4 22
v 2837 1 9
v 2838 7 3
v 2839 2 3
v 2840 5 1
v 2841 14 9
v 2842 3 52
v 2843 11 18
v 2844 2 7
v 2845 14 14
v 2846 5 3
v 2847 7 3
v 2848 3 3
v 2849 1 1
v 2850 10 17
v 2851 6 9
v 2852 6 14
v 2853 7 5
v 2854 8 4
v 2855 7 2
v 2856 14 3
v 2857 9 4
v 2858 13 2
v 2859 9 33
v 2860 3 47
v 2861 10 5
v 2862 6 13
v 2863 8 1
v 2864 4 4
v 2865 7 1
v 2866 3 27
v 2867 5 56
v 2868 8 10
v 2869 10 2
v 2870 0 22
v 2871 1 9
v 2872 7 11
v 2873 5 5
v 2874 6 7
v 2875 14 15
v 2876 3 4
v 2877 13 4
v 2878 6 2
v 2879 0 6
v 2880 9 8
v 2881 12 7
v 2882 0 4
v 2883 6 4
v 2884 1 1
v 2885 4 1
v 2886 3 3
v 2887 11 26
v 2888 5 28
v 2889 2 13
v 2890 1 12
v 2891 2 4
v 2892 12 13
v 2893 11 10
v 2894 5 3
v 2895 0 4
v 2896 3 12
v 2897 0 1
v 2898 0 3
v 2899 6 7
v 2900 8 1
v 2901 0 10
v 2902 2 4
v 2903 1 2
v 2904 13 2
v 2905 9 5
v 2906 9 19
v 2907 14 1
v 2908 14 17
v 2909 3 3
v 2910 1 8
v 2911 11 8
v 2912 7 7
v 2913 3 7
v 2914 13 4
v 2915 0 1
v 2916 8 1
v 2917 14 2
v 2918 9 10
v 2919 13 13
v 2920 6 12
v 2921 1 5
v 2922 8 14
v 2923 2 5
v 2924 14 2
v 2925 3 3
v 2926 3 7
v 2927 14 5
v 2928 6 5
v 2929 6 8
v 2930 7 3
v 2931 12 4
v 2932 0 4
v 2933 6 6
v 2934 3 4
v 2935 6 2
v 2936 12 2
v 2937 0 1
v 2938 9 5
v 2939 4 2
v 2940 0 3
v 2941 9 7
v 2942 5 6
v 2943 11 7
v 2944 5 14
v 2945 13 2
v 2946 5 2
v 2947 10 21
v 2948 7 3
v 2949 10 16
v 2950 2 9
v 2951 9 13
v 2952 8 12
v 2953 1 4
v 2954 4 6
v 2955 1 17
v 2956 11 15
v 2957 1 5
v 2958 4 4
v 2959 0 72
v 2960 11 2
v 2961 2 4
v 2962 9 19
v 2963 12 6
v 2964 10 9
v 2965 2 4
v 2966 6 4
v 2967 3 4
v 2968 9 2
v 2969 10 3
v 2970 5 2
v 2971 3 1
v 2972 6 3
v 2973 8 1
v 2974 8 2
v 2975 1 1
v 2976 8 1
v 2977 1 1
v 2978 11 3
v 2979 14 6
v 2980 7 4
v 2981 1 11
v 2982 8 3
v 2983 14 4
v 2984 7 3
v 2985 7 2
v 2986 2 1
v 2987 7 1
v 2988 8 10
v 2989 5 25
v 2990 2 1
v 2991 6 1
v 2992 4 1
v 2993 6 8
v 2994 1 3
v 2995 9 2
v 2996 8 4
v 2997 5 2
v 2998 13 1
v 2999 13 1
v 3000 13 15
v 3001 3 5
v 3002 7 2
v 3003 3 6
v 3004 5 4
v 3005 7 1
v 3006 12 3
v 3007 14 7
v 3008 6 4
v 3009 0 14
v 3010 7 15
v 3011 11 18
v 3012 14 11
v 3013 0 13
v 3014 8 1
v 3015 6 8
v 3016 12 28
v 3017 12 5
v 3018 7 16
v 3019 3 35
v 3020 6 4
v 3021 3 6
v 3022 4 11
v 3023 7 9
v 3024 7 19
v 3025 2 3
v 3026 3 3
v 3027 7 15
v 3028 4 11
v 3029 5 9
v 3030 10 11
v 3031 7 3
v 3032 9 2
v 3033 14 9
v 3034 14 2
v 3035 2 1
v 3036 13 5
v 3037 8 1
v 3038 10 5
v 3039 1 1
v 3040 3 1
v 3041 4 14
v 3042 14 3
v 3043 8 4
v 3044 10 4
v 3045 10 1
v 3046 1 4
v 3047 0 16
v 3048 2 19
v 3049 5 20
v 3050 0 3
v 3051 5 1
v 3052 13 6
v 3053 9 9
v 3054 12 2
v 3055 2 1
v 3056 12 1
v 3057 14 14
v 3058 7 3
v 3059 6 1
v 3060 10 13
v 3061 3 3
v 3062 6 15
v 3063 7 8
v 3064 3 4
v 3065 2 5
v 3066 6 8
v 3067 0 7
v 3068 12 3
v 3069 12 13
v 3070 12 7
v 3071 5 4
v 3072 14 3
v 3073 12 3
v 3074 10 14
v 3075 13 10
v 3076 8 5
v 3077 3 3
v 3078 11 3
v 3079 5 2
v 3080 2 3
v 3081 8 4
v 3082 14 2
v 3083 8 3
v 3084 11 2
v 3085 13 1
v 3086 9 1
v 3087 9 2
v 3088 6 2
v 3089 2 2
v 3090 10 2
v 3091 11 1
v 3092 9 2
v 3093 7 1
v 3094 14 2
v 3095 10 1
v 3096 9 1
v 3097 14 2
v 3098 3 2
v 3099 9 2
v 3100 7 1
v 3101 0 7
v 3102 3 9
v 3103 7 33
v 3104 14 5
v 3105 9 11
v 3106 13 18
v 3107 5 9
v 3108 8 13
v 3109 11 2
v 3110 3 12
v 3111 0 2
v 3112 0 1
v 3113 0 4
v 3114 2 1
v 3115 3 2
v 3116 7 4
v 3117 13 1
v 3118 10 8
v 3119 9 4
v 3120 3 19
v 3121 10 2
v 3122 10 3
v 3123 1 1
v 3124 13 15
v 3125 12 8
v 3126 8 17
v 3127 6 18
v 3128 14 18
v 3129 10 16
v 3130 10 17
v 3131 4 3
v 3132 14 19
v 3133 10 19
v 3134 5 12
v 3135 7 27
v 3136 10 2
v 3137 3 27
v 3138 2 9
v 3139 5 14
v 3140 8 11
v 3141 13 10
v 3142 5 10
v 3143 11 5
v 3144 7 5
v 3145 6 14
v 3146 7 3
v 3147 10 5
v 3148 5 2
v 3149 13 1
v 3150 7 6
v 3151 1 5
v 3152 2 3
v 3153 3 3
v 3154 12 1
v 3155 1 1
v 3156 12 5
v 3157 2 9
v 3158 14 2
v 3159 6 2
v 3160 7 6
v 3161 11 1
v 3162 8 29
v 3163 3 7
v 3164 14 2
v 3165 5 1
v 3166 11 9
v 3167 0 12
v 3168 0 3
v 3169 6 14
v 3170 3 12
v 3171 1 21
v 3172 13 7
v 3173 6 18
v 3174 9 7
v 3175 9 4
v 3176 13 4
v 3177 12 46
v 3178 6 3
v 3179 8 16
v 3180 3 3
v 3181 10 1
v 3182 0 4
v 3183 10 1
v 3184 2 4
v 3185 8 1
v 3186 10 13
v 3187 14 5
v 3188 7 6
v 3189 4 6
v 3190 6 11
v 3191 8 1
v 3192 8 9
v 3193 1 2
v 3194 1 1
v 3195 9 3
v 3196 11 5
v 3197 7 1
v 3198 12 4
v 3199 0 15
v 3200 3 9
v 3201 6 16
v 3202 9 16
v 3203 12 4
v 3204 5 3
v 3205 4 4
v 3206 1 15
v 3207 11 3
v 3208 0 3
v 3209 12 4
v 3210 12 2
v 3211 3 6
v 3212 9 3
v 3213 13 2
v 3214 0 3
v 3215 9 2
v 3216 13 7
v 3217 8 1
v 3218 5 12
v 3219 2 3
v 3220 7 6
v 3221 4 23
v 3222 1 7
v 3223 9 15
v 3224 7 12
v 3225 4 6
v 3226 14 1
v 3227 13 5
v 3228 3 1
v 3229 6 2
v 3230 6 8
v 3231 11 1
v 3232 8 2
v 3233 14 1
v 3234 5 1
v 3235 3 1
v 3236 13 1
v 3237 9 3
v 3238 4 5
v 3239 14 9
v 3240 1 18
v 3241 0 17
v 3242 2 41
v 3243 5 27
v 3244 10 20
v 3245 9 15
v 3246 9 6
v 3247 7 8
v 3248 1 14
v 3249 8 10
v 3250 7 1
v 3251 6 1
v 3252 5 3
v 3253 6 2
v 3254 11 1
v 3255 13 4
v 3256 0 4
v 3257 1 17
v 3258 6 4
v 3259 9 9
v 3260 10 4
v 3261 14 16
v 3262 2 11
v 3263 12 6
v 3264 2 3
v 3265 14 5
v 3266 0 16
v 3267 1 5
v 3268 11 2
v 3269 6 4
v 3270 3 4
v 3271 0 7
v 3272 10 4
v 3273 4 9
v 3274 4 10
v 3275 6 4
v 3276 1 16
v 3277 5 4
v 3278 4 6
v 3279 5 2
v 3280 9 3
v 3281 12 1
v 3282 10 102
v 3283 3 43
v 3284 11 9
v 3285 13 5
v 3286 8 9
v 3287 8 15
v 3288 0 3
v 3289 5 3
v 3290 8 4
v 3291 8 19
v 3292 0 10
v 3293 2 4
v 3294 14 4
v 3295 7 5
v 3296 13 5
v 3297 0 2
v 3298 10 2
v 3299 13 4
v 3300 4 6
v 3301 5 11
v 3302 2 1
v 3303 5 26
v 3304 1 12
v 3305 9 11
v 3306 8 25
v 3307 6 3
v 3308 12 1
v 3309 12 19
v 3310 1 2
v 3311 4 17
v 3312 9 9
v 3313 1 4
v 3314 8 6
v 3315 1 3
v 3316 13 6
v 3317 9 8
v 3318 2 11
v 3319 7 4
v 3320 0 7
v 3321 8 4
v 3322 13 11
v 3323 12 10
v 3324 3 4
v 3325 5 2
v 3326 1 2
v 3327 8 2
v 3328 13 3
v 3329 11 4
v 3330 3 8
v 3331 2 3
v 3332 11 4
v 3333 10 3
v 3334 3 2
v 3335 6 4
v 3336 3 2
v 3337 9 1
v 3338 11 1
v 3339 11 2
v 3340 7 6
v 3341 5 2
v 3342 2 2
v 3343 4 1
v 3344 11 1
v 3345 14 1
v 3346 5 2
v 3347 8 2
v 3348 13 23
v 3349 3 11
v 3350 3 3
v 3351 7 2
v 3352 13 3
v 3353 5 2
v 3354 2 1
v 3355 4 15
v 3356 8 3
v 3357 10 4
v 3358 12 2
v 3359 12 4
v 3360 0 3
v 3361 1 2
v 3362 10 1
v 3363 13 18
v 3364 5 14
v 3365 4 15
v 3366 13 5
v 3367 11 3
v 3368 12 10
v 3369 5 10
v 3370 0 1
v 3371 1 3
v 3372 9 4
v 3373 0 13
v 3374 4 56
v 3375 12 8
v 3376 1 38
v 3377 2 4
v 3378 11 1
v 3379 4 35
v 3380 3 19
v 3381 8 4
v 3382 8 2
v 3383 5 3
v 3384 13 10
v 3385 7 13
v 3386 1 4
v 3387 6 6
v 3388 8 13
v 3389 8 2
v 3390 13 1
v 3391 6 2
v 3392 1 21
v 3393 1 15
v 3394 9 8
v 3395 7 20
v 3396 5 11
v 3397 2 15
v 3398 4 18
v 3399 3 11
v 3400 10 10
v 3401 6 5
v 3402 10 5
v 3403 11 3
v 3404 4 20
v 3405 0 9
v 3406 0 20
v 3407 13 7
v 3408 0 12
v 3409 10 12
v 3410 13 2
v 3411 4 8
v 3412 1 3
v 3413 13 5
v 3414 10 4
v 3415 5 4
v 3416 5 9
v 3417 8 2
v 3418 10 1
v 3419 4 4
v 3420 0 10
v 3421 12 11
v 3422 11 7
v 3423 3 14
v 3424 13 11
v 3425 14 2
v 3426 11 3
v 3427 8 7
v 3428 2 3
v 3429 4 1
v 3430 9 15
v 3431 0 4
v 3432 12 23
v 3433 6 9
v 3434 6 7
v 3435 4 6
v 3436 9 18
v 3437 3 17
v 3438 4 15
v 3439 5 23
v 3440 14 1
v 3441 12 4
v 3442 8 18
v 3443 7 4
v 3444 14 5
v 3445 7 2
v 3446 11 13
v 3447 1 6
v 3448 6 6
v 3449 5 9
v 3450 2 13
v 3451 8 2
v 3452 0 1
v 3453 3 19
v 3454 11 34
v 3455 12 9
v 3456 7 49
v 3457 6 1
v 3458 0 3
v 3459 3 1
v 3460 1 1
v 3461 4 6
v 3462 1 6
v 3463 13 9
v 3464 2 4
v 3465 14 6
v 3466 2 13
v 3467 7 9
v 3468 0 16
v 3469 14 35
v 3470 12 5
v 3471 5 5
v 3472 8 6
v 3473 6 5
v 3474 1 38
v 3475 8 3
v 3476 3 4
v 3477 7 18
v 3478 4 2
v 3479 4 3
v 3480 6 13
v 3481 6 3
v 3482 7 7
v 3483 11 19
v 3484 14 29
v 3485 14 2
v 3486 0 16
v 3487 2 7
v 3488 11 19
v 3489 14 16
v 3490 13 2
v 3491 8 4
v 3492 5 4
v 3493 3 15
v 3494 3 6
v 3495 2 6
v 3496 3 4
v 3497 12 1
v 3498 4 10
v 3499 12 8
v 3500 2 2
v 3501 2 6
v 3502 8 9
v 3503 4 3
v 3504 8 3
v 3505 0 12
v 3506 2 6
v 3507 3 14
v 3508 13 12
v 3509 13 5
v 3510 11 9
v 3511 6 6
v 3512 14 10
v 3513 14 2
v 3514 11 4
v 3515 2 5
v 3516 3 3
v 3517 12 3
v 3518 8 6
v 3519 2 3
v 3520 14 9
v 3521 13 15
v 3522 9 1
v 3523 10 9
v 3524 2 7
v 3525 11 6
v 3526 3 16
v 3527 8 6
v 3528 12 3
v 3529 4 2
v 3530 12 6
v 3531 13 13
v 3532 13 10
v 3533 12 8
v 3534 11 19
v 3535 11 4
v 3536 0 4
v 3537 11 7
v 3538 7 6
v 3539 12 6
v 3540 14 3
v 3541 13 4
v 3542 3 6
v 3543 0 4
v 3544 6 5
v 3545 2 1
v 3546 6 2
v 3547 8 3
v 3548 6 4
v 3549 3 1
v 3550 6 2
v 3551 8 8
v 3552 8 1
v 3553 7 6
v 3554 1 2
v 3555 2 12
v 3556 13 7
v 3557 1 4
v 3558 8 7
v 3559 0 10
v 3560 14 4
v 3561 13 8
v 3562 14 5
v 3563 1 2
v 3564 0 8
v 3565 11 27
v 3566 3 17
v 3567 11 6
v 3568 6 10
v 3569 7 2
v 3570 10 6
v 3571 4 25
v 3572 6 9
v 3573 5 3
v 3574 10 19
v 3575 6 4
v 3576 4 9
v 3577 11 3
v 3578 1 8
v 3579 14 3
v 3580 12 6
v 3581 2 4
v 3582 9 3
v 3583 3 5
v 3584 11 3
v 3585 3 3
v 3586 13 5
v 3587 0 2
v 3588 12 28
v 3589 13 2
v 3590 0 7
v 3591 8 28
v 3592 12 4
v 3593 1 4
v 3594 11 1
v 3595 7 1
v 3596 3 4
v 3597 7 4
v 3598 11 4
v 3599 12 1
v 3600 14 4
v 3601 12 1
v 3602 10 2
v 3603 2 3
v 3604 9 1
v 3605 10 1
v 3606 14 4
v 3607 8 9
v 3608 4 3
v 3609 0 16
v 3610 9 7
v 3611 2 4
v 3612 5 13
v 3613 10 4
v 3614 5 7
v 3615 5 5
v 3616 13 3
v 3617 4 5
v 3618 8 6
v 3619 10 2
v 3620 11 15
v 3621 4 10
v 3622 2 4
v 3623 0 1
v 3624 7 15
v 3625 12 12
v 3626 11 26
v 3627 14 7
v 3628 13 2
v 3629 13 9
v 3630 3 3
v 3631 9 11
v 3632 6 15
v 3633 5 5
v 3634 7 10
v 3635 4 24
v 3636 7 5
v 3637 2 15
v 3638 7 10
v 3639 13 10
v 3640 4 9
v 3641 12 2
v 3642 11 6
v 3643 14 7
v 3644 5 3
v 3645 5 2
v 3646 13 7
v 3647 10 8
v 3648 9 2
v 3649 6 10
v 3650 6 1
v 3651 9 2
v 3652 6 7
v 3653 11 7
v 3654 14 4
v 3655 8 3
v 3656 4 10
v 3657 10 9
v 3658 13 5
v 3659 12 20
v 3660 9 4
v 3661 13 5
v 3662 3 12
v 3663 3 3
v 3664 6 10
v 3665 3 1
v 3666 4 7
v 3667 8 5
v 3668 2 2
v 3669 8 7
v 3670 2 4
v 3671 12 3
v 3672 9 4
v 3673 8 3
v 3674 12 4
v 3675 14 2
v 3676 8 4
v 3677 12 1
v 3678 14 14
v 3679 8 17
v 3680 13 5
v 3681 13 12
v 3682 10 4
v 3683 7 3
v 3684 14 3
v 3685 5 11
v 3686 4 12
v 3687 6 54
v 3688 4 2
v 3689 7 1
v 3690 14 1
v 3691 10 6
v 3692 8 5
v 3693 0 6
v 3694 12 9
v 3695 11 3
v 3696 3 7
v 3697 4 6
v 3698 7 4
v 3699 11 5
v 3700 1 12
v 3701 0 4
v 3702 3 2
v 3703 9 7
v 3704 1 7
v 3705 13 1
v 3706 4 3
v 3707 12 5
v 3708 0 5
v 3709 13 4
v 3710 13 4
v 3711 3 2
v 3712 14 6
v 3713 2 2
v 3714 9 1
v 3715 2 1
v 3716 14 2
v 3717 10 2
v 3718 5 3
v 3719 9 9
v 3720 12 3
v 3721 4 6
v 3722 0 11
v 3723 10 4
v 3724 10 6
v 3725 0 5
v 3726 0 1
v 3727 9 1
v 3728 14 5
v 3729 14 22
v 3730 2 5
v 3731 13 8
v 3732 13 12
v 3733 4 3
v 3734 13 8
v 3735 3 8
v 3736 6 13
v 3737 13 7
v 3738 7 5
v 3739 11 6
v 3740 5 10
v 3741 13 8
v 3742 5 16
v 3743 1 11
v 3744 9 17
v 3745 6 6
v 3746 12 16
v 3747 1 6
v 3748 11 3
v 3749 0 15
v 3750 12 5
v 3751 2 19
v 3752 0 7
v 3753 9 4
v 3754 8 6
v 3755 4 3
v 3756 5 16
v 3757 11 6
v 3758 3 2
v 3759 13 3
v 3760 14 2
v 3761 6 3
v 3762 3 2
v 3763 5 5
v 3764 2 21
v 3765 12 2
v 3766 2 1
v 3767 7 3
v 3768 10 2
v 3769 2 2
v 3770 9 4
v 3771 9 2
v 3772 8 5
v 3773 6 4
v 3774 9 15
v 3775 10 4
v 3776 14 3
v 3777 13 5
v 3778 3 2
v 3779 14 1
v 3780 0 7
v 3781 0 5
v 3782 6 7
v 3783 14 7
v 3784 9 8
v 3785 0 6
v 3786 10 9
v 3787 10 7
v 3788 10 21
v 3789 14 3
v 3790 2 15
v 3791 8 9
v 3792 1 5
v 3793 6 9
v 3794 4 6
v 3795 5 9
v 3796 10 4
v 3797 14 4
v 3798 10 4
v 3799 14 15
v 3800 13 3
v 3801 9 7
v 3802 3 11
v 3803 11 19
v 3804 0 5
v 3805 5 13
v 3806 2 17
v 3807 5 8
v 3808 10 5
v 3809 11 7
v 3810 4 3
v 3811 7 6
v 3812 7 7
v 3813 9 5
v 3814 14 19
v 3815 5 3
v 3816 4 3
v 3817 14 5
v 3818 10 6
v 3819 1 4
v 3820 7 3
v 3821 12 2
v 3822 12 12
v 3823 2 3
v 3824 14 5
v 3825 1 2
v 3826 8 5
v 3827 4 5
v 3828 8 1
v 3829 11 3
v 3830 6 1
v 3831 9 6
v 3832 7 4
v 3833 6 2
v 3834 10 2
v 3835 2 15
v 3836 9 4
v 3837 14 3
v 3838 6 4
v 3839 12 7
v 3840 2 2
v 3841 10 4
v 3842 10 3
v 3843 13 2
v 3844 12 3
v 3845 12 7
v 3846 1 2
v 3847 9 4
v 3848 12 2
v 3849 1 2
v 3850 13 1
v 3851 2 2
v 3852 11 1
v 3853 7 1
v 3854 4 1
v 3855 10 3
v 3856 11 4
v 3857 1 2
v 3858 10 1
v 3859 12 2
v 3860 6 2
v 3861 4 1
v 3862 4 4
v 3863 12 7
v 3864 1 2
v 3865 10 3
v 3866 5 1
v 3867 8 2
v 3868 13 3
v 3869 8 1
v 3870 12 2
v 3871 1 2
v 3872 0 1
v 3873 0 2
v 3874 9 1
v 3875 0 1
v 3876 12 1
v 3877 2 1
v 3878 14 1
v 3879 1 1
v 3880 6 1
v 3881 6 3
v 3882 12 1
v 3883 7 1
v 3884 14 1
v 3885 0 1
v 3886 5 1
v 3887 10 1
v 3888 13 1
v 3889 2 2
v 3890 1 7
v 3891 11 13
v 3892 6 5
v 3893 10 2
v 3894 9 1
v 3895 11 14
v 3896 3 4
v 3897 0 4
v 3898 3 8
v 3899 6 11
v 3900 14 6
v 3901 14 2
v 3902 14 7
v 3903 0 3
v 3904 0 6
v 3905 9 9
v 3906 12 10
v 3907 6 5
v 3908 2 2
v 3909 8 8
v 3910 11 7
v 3911 11 3
v 3912 4 3
v 3913 6 18
v 3914 6 11
v 3915 14 1
v 3916 13 2
v 3917 8 7
v 3918 0 35
v 3919 11 4
v 3920 13 11
v 3921 7 2
v 3922 14 50
v 3923 8 3
v 3924 2 13
v 3925 8 12
v 3926 14 12
v 3927 2 14
v 3928 10 1
v 3929 3 6
v 3930 9 4
v 3931 2 3
v 3932 13 1
v 3933 1 2
v 3934 9 5
v 3935 7 3
v 3936 4 5
v 3937 4 3
v 3938 4 9
v 3939 3 8
v 3940 6 16
v 3941 10 6
v 3942 0 8
v 3943 13 2
v 3944 10 1
v 3945 13 6
v 3946 0 1
v 3947 8 9
v 3948 12 2
v 3949 12 3
v 3950 1 3
v 3951 14 4
v 3952 0 3
v 3953 10 7
v 3954 4 5
v 3955 2 1
v 3956 12 2
v 3957 2 8
v 3958 13 5
v 3959 12 6
v 3960 8 16
v 3961 2 17
v 3962 1 7
v 3963 5 5
v 3964 0 4
v 3965 11 8
v 3966 13 21
v 3967 5 5
v 3968 13 5
v 3969 2 10
v 3970 5 34
v 3971 9 14
v 3972 12 8
v 3973 1 5
v 3974 1 8
v 3975 5 7
v 3976 3 10
v 3977 4 7
v 3978 7 2
v 3979 5 15
v 3980 10 9
v 3981 7 5
v 3982 7 4
v 3983 8 7
v 3984 8 5
v 3985 1 2
v 3986 1 2
v 3987 5 6
v 3988 7 7
v 3989 6 3
v 3990 12 4
v 3991 6 4
v 3992 8 4
v 3993 7 9
v 3994 8 6
v 3995 6 3
v 3996 8 4
v 3997 1 2
v 3998 14 3
v 3999 3 3
v 4000 2 1
v 4001 10 3
v 4002 6 6
v 4003 13 6
v 4004 13 11
v 4005 8 3
v 4006 5 3
v 4007 2 2
v 4008 14 1
v 4009 1 2
v 4010 2 5
v 4011 2 3
v 4012 0 4
v 4013 6 3
v 4014 10 2
v 4015 9 2
v 4016 1 2
v 4017 10 3
v 4018 1 2
v 4019 8 10
v 4020 4 1
v 4021 9 1
v 4022 4 1
v 4023 5 1
v 4024 10 2
v 4025 13 1
v 4026 11 1
v 4027 7 2
v 4028 6 3
v 4029 9 1
v 4030 13 4
v 4031 5 8
v 4032 11 9
v 4033 10 16
v 4034 14 4
v 4035 9 3
v 4036 7 4
v 4037 8 1
v 4038 5 2
v 4039 3 3
v 4040 12 1
v 4041 8 11
v 4042 0 9
v 4043 11 5
v 4044 6 5
v 4045 12 6
v 4046 5 4
v 4047 5 2
v 4048 12 1
v 4049 8 2
v 4050 0 3
v 4051 3 3
v 4052 9 1
v 4053 1 3
v 4054 7 1
v 4055 1 1
v 4056 5 1
v 4057 6 2
v 4058 12 5
v 4059 9 4
v 4060 3 4
v 4061 8 6
v 4062 0 1
v 4063 8 8
v 4064 8 2
v 4065 1 1
v 4066 0 3
v 4067 9 1
v 4068 5 8
v 4069 0 19
v 4070 5 3
v 4071 2 6
v 4072 5 8
v 4073 4 6
v 4074 7 4
v 4075 7 3
v 4076 12 10
v 4077 14 17
v 4078 14 6
v 4079 6 11
v 4080 0 6
v 4081 12 7
v 4082 10 6
v 4083 12 8
v 4084 3 6
v 4085 10 13
v 4086 10 5
v 4087 7 11
v 4088 11 5
v 4089 11 4
v 4090 14 6
v 4091 5 5
v 4092 10 2
v 4093 12 6
v 4094 13 1
v 4095 13 2
v 4096 12 5
v 4097 11 3
v 4098 2 5
v 4099 14 2
v 4100 0 1
v 4101 12 17
v 4102 11 7
v 4103 7 6
v 4104 8 1
v 4105 10 4
v 4106 14 6
v 4107 2 8
v 4108 13 5
v 4109 6 12
v 4110 11 5
v 4111 4 2
v 4112 10 10
v 4113 14 7
v 4114 9 3
v 4115 7 8
v 4116 3 11
v 4117 14 7
v 4118 0 2
v 4119 11 5
v 4120 7 2
v 4121 9 4
v 4122 9 10
v 4123 13 4
v 4124 10 1
v 4125 2 1
v 4126 9 10
v 4127 7 3
v 4128 5 5
v 4129 9 1
v 4130 5 15
v 4131 6 2
v 4132 9 6
v 4133 12 4
v 4134 13 2
v 4135 13 3
v 4136 10 1
v 4137 2 11
v 4138 8 6
v 4139 6 16
v 4140 6 7
v 4141 3 5
v 4142 5 5
v 4143 6 3
v 4144 4 1
v 4145 3 5
v 4146 3 4
v 4147 4 35
v 4148 3 24
v 4149 8 9
v 4150 9 6
v 4151 13 9
v 4152 14 6
v 4153 14 15
v 4154 5 5
v 4155 7 11
v 4156 3 5
v 4157 9 5
v 4158 5 5
v 4159 9 8
v 4160 10 9
v 4161 2 6
v 4162 5 5
v 4163 3 5
v 4164 2 1
v 4165 13 25
v 4166 12 17
v 4167 4 10
v 4168 8 2
v 4169 2 18
v 4170 8 13
v 4171 11 4
v 4172 11 4
v 4173 9 3
v 4174 1 8
v 4175 14 3
v 4176 14 16
v 4177 7 4
v 4178 7 5
v 4179 3 2
v 4180 11 8
v 4181 2 8
v 4182 9 10
v 4183 5 4
v 4184 9 1
v 4185 3 1
v 4186 11 6
v 4187 12 3
v 4188 1 3
v 4189 8 4
v 4190 7 5
v 4191 14 2
v 4192 3 9
v 4193 4 3
v 4194 6 2
v 4195 4 15
v 4196 8 4
v 4197 3 2
v 4198 5 2
v 4199 13 2
v 4200 6 2
v 4201 5 3
v 4202 11 1
v 4203 0 6
v 4204 0 1
v 4205 3 3
v 4206 3 1
v 4207 9 8
v 4208 13 11
v 4209 2 6
v 4210 13 4
v 4211 8 2
v 4212 7 2
v 4213 1 5
v 4214 4 13
v 4215 8 34
v 4216 4 5
v 4217 11 2
v 4218 7 2
v 4219 6 1
v 4220 13 1
v 4221 5 7
v 4222 13 1
v 4223 10 32
v 4224 11 5
v 4225 14 1
v 4226 11 1
v 4227 13 3
v 4228 11 1
v 4229 6 3
v 4230 0 5
v 4231 13 3
v 4232 14 2
v 4233 1 9
v 4234 14 9
v 4235 0 8
v 4236 5 1
v 4237 2 2
v 4238 12 2
v 4239 4 2
v 4240 9 2
v 4241 11 2
v 4242 8 1
v 4243 7 12
v 4244 4 4
v 4245 8 4
v 4246 14 7
v 4247 6 3
v 4248 13 3
v 4249 14 8
v 4250 7 6
v 4251 5 6
v 4252 3 1
v 4253 10 3
v 4254 1 4
v 4255 11 9
v 4256 1 1
v 4257 12 6
v 4258 10 10
v 4259 1 3
v 4260 8 5
v 4261 0 2
v 4262 13 2
v 4263 10 1
v 4264 9 1
v 4265 8 1
v 4266 5 3
v 4267 11 5
v 4268 13 5
v 4269 9 2
v 4270 1 3
v 4271 14 14
v 4272 9 4
v 4273 3 4
v 4274 0 6
v 4275 0 1
v 4276 12 5
v 4277 1 6
v 4278 13 8
v 4279 14 1
v 4280 11 4
v 4281 4 30
v 4282 1 3
v 4283 13 11
v 4284 9 3
v 4285 13 6
v 4286 6 27
v 4287 11 21
v 4288 2 7
v 4289 12 9
v 4290 14 4
v 4291 9 11
v 4292 14 11
v 4293 14 5
v 4294 9 5
v 4295 8 7
v 4296 13 1
v 4297 14 2
v 4298 3 13
v 4299 4 9
v 4300 4 1
v 4301 2 13
v 4302 14 14
v 4303 2 5
v 4304 9 8
v 4305 3 19
v 4306 2 1
v 4307 2 1
v 4308 14 2
v 4309 3 3
v 4310 4 6
v 4311 7 17
v 4312 12 18
v 4313 4 11
v 4314 2 7
v 4315 11 14
v 4316 9 9
v 4317 4 3
v 4318 3 3
v 4319 1 6
v 4320 2 13
v 4321 14 5
v 4322 13 2
v 4323 10 2
v 4324 6 9
v 4325 2 5
v 4326 3 4
v 4327 13 7
v 4328 9 6
v 4329 0 8
v 4330 5 3
v 4331 8 12
v 4332 10 2
v 4333 7 4
v 4334 10 5
v 4335 2 6
v 4336 12 9
v 4337 13 6
v 4338 11 14
v 4339 4 6
v 4340 1 4
v 4341 14 17
v 4342 11 18
v 4343 11 4
v 4344 9 4
v 4345 13 9
v 4346 11 6
v 4347 13 7
v 4348 4 1
v 4349 12 12
v 4350 9 1
v 4351 11 5
v 4352 3 5
v 4353 0 1
v 4354 14 2
v 4355 2 2
v 4356 13 16
v 4357 3 4
v 4358 11 12
v 4359 9 8
v 4360 10 1
v 4361 0 1
v 4362 6 10
v 4363 2 7
v 4364 2 1
v 4365 7 14
v 4366 8 5
v 4367 0 8
v 4368 8 20
v 4369 5 39
v 4370 3 4
v 4371 10 7
v 4372 2 8
v 4373 7 3
v 4374 5 2
v 4375 10 4
v 4376 14 12
v 4377 7 2
v 4378 3 4
v 4379 10 7
v 4380 10 5
v 4381 11 14
v 4382 4 2
v 4383 10 4
v 4384 11 2
v 4385 3 2
v 4386 1 8
v 4387 5 6
v 4388 7 7
v 4389 4 3
v 4390 5 5
v 4391 8 7
v 4392 9 13
v 4393 4 9
v 4394 3 4
v 4395 4 3
v 4396 8 2
v 4397 6 1
v 4398 1 1
v 4399 2 2
v 4400 6 8
v 4401 1 1
v 4402 9 3
v 4403 14 5
v 4404 10 4
v 4405 1 9
v 4406 8 1
v 4407 13 5
v 4408 2 2
v 4409 11 1
v 4410 13 2
v 4411 14 4
v 4412 14 14
v 4413 7 3
v 4414 2 7
v 4415 6 8
v 4416 4 9
v 4417 14 7
v 4418 11 2
v 4419 8 1
v 4420 3 1
v 4421 12 2
v 4422 12 1
v 4423 2 1
v 4424 11 1
v 4425 1 1
v 4426 4 3
v 4427 7 9
v 4428 5 3
v 4429 6 6
v 4430 8 9
v 4431 0 1
v 4432 5 7
v 4433 13 7
v 4434 13 11
v 4435 6 5
v 4436 11 5
v 4437 11 2
v 4438 6 3
v 4439 8 2
v 4440 2 3
v 4441 12 7
v 4442 11 2
v 4443 11 5
v 4444 8 5
v 4445 9 4
v 4446 2 2
v 4447 10 3
v 4448 0 6
v 4449 4 2
v 4450 9 3
v 4451 7 4
v 4452 8 2
v 4453 12 3
v 4454 9 1
v 4455 6 6
v 4456 3 1
v 4457 7 5
v 4458 3 7
v 4459 6 6
v 4460 1 3
v 4461 1 4
v 4462 8 9
v 4463 6 10
v 4464 1 6
v 4465 8 4
v 4466 10 3
v 4467 7 3
v 4468 11 4
v 4469 10 6
v 4470 2 11
v 4471 0 15
v 4472 3 2
v 4473 3 5
v 4474 3 2
v 4475 1 4
v 4476 9 5
v 4477 6 5
v 4478 6 4
v 4479 1 2
v 4480 14 3
v 4481 13 4
v 4482 8 3
v 4483 3 3
v 4484 8 1
v 4485 3 3
v 4486 3 9
v 4487 7 9
v 4488 1 1
v 4489 3 9
v 4490 14 4
v 4491 13 8
v 4492 1 5
v 4493 8 2
v 4494 2 7
v 4495 9 3
v 4496 3 1
v 4497 8 13
v 4498 9 1
v 4499 8 10
v 4500 10 25
v 4501 9 1
v 4502 6 13
v 4503 9 5
v 4504 6 7
v 4505 13 14
v 4506 10 8
v 4507 14 30
v 4508 4 6
v 4509 10 12
v 4510 12 13
v 4511 7 7
v 4512 10 5
v 4513 10 1
v 4514 9 1
v 4515 12 1
v 4516 0 2
v 4517 5 1
v 4518 5 2
v 4519 12 1
v 4520 12 7
v 4521 3 7
v 4522 11 2
v 4523 10 5
v 4524 0 3
v 4525 3 6
v 4526 7 3
v 4527 3 3
v 4528 8 6
v 4529 10 17
v 4530 3 6
v 4531 13 2
v 4532 0 13
v 4533 2 1
v 4534 3 6
v 4535 7 1
v 4536 7 1
v 4537 1 2
v 4538 9 1
v 4539 4 1
v 4540 13 5
v 4541 10 3
v 4542 4 7
v 4543 6 1
v 4544 5 6
v 4545 11 4
v 4546 11 2
v 4547 14 1
v 4548 10 1
v 4549 14 3
v 4550 11 6
v 4551 4 7
v 4552 14 5
v 4553 10 2
v 4554 1 5
v 4555 9 7
v 4556 1 1
v 4557 13 15
v 4558 7 7
v 4559 5 10
v 4560 9 4
v 4561 9 2
v 4562 10 2
v 4563 1 3
v 4564 3 7
v 4565 13 4
v 4566 2 2
v 4567 6 11
v 4568 14 2
v 4569 14 2
v 4570 3 2
v 4571 13 2
v 4572 0 6
v 4573 7 2
v 4574 4 7
v 4575 2 17
v 4576 8 4
v 4577 13 6
v 4578 10 7
v 4579 5 7
v 4580 11 10
v 4581 10 1
v 4582 2 4
v 4583 1 12
v 4584 8 3
v 4585 5 6
v 4586 5 1
v 4587 10 6
v 4588 11 14
v 4589 1 1
v 4590 5 2
v 4591 14 7
v 4592 12 11
v 4593 13 9
v 4594 3 8
v 4595 3 4
v 4596 4 7
v 4597 8 4
v 4598 11 5
v 4599 6 5
v 4600 10 2
v 4601 11 2
v 4602 11 6
v 4603 6 5
v 4604 6 10
v 4605 0 5
v 4606 2 8
v 4607 7 4
v 4608 1 3
v 4609 4 1
v 4610 10 1
v 4611 10 2
v 4612 2 5
v 4613 8 1
v 4614 3 1
v 4615 13 2
v 4616 9 1
v 4617 7 1
v 4618 5 1
v 4619 2 1
v 4620 9 3
v 4621 2 2
v 4622 14 1
v 4623 9 1
v 4624 6 9
v 4625 4 17
v 4626 11 2
v 4627 3 4
v 4628 1 6
v 4629 2 4
v 4630 2 7
v 4631 7 2
v 4632 14 1
v 4633 13 23
v 4634 8 2
v 4635 6 3
v 4636 14 4
v 4637 2 8
v 4638 13 6
v 4639 0 3
v 4640 4 5
v 4641 12 6
v 4642 7 1
v 4643 9 2
v 4644 1 5
v 4645 10 8
v 4646 5 4
v 4647 10 2
v 4648 14 3
v 4649 1 6
v 4650 1 3
v 4651 7 7
v 4652 3 3
v 4653 8 19
v 4654 0 17
v 4655 0 3
v 4656 13 12
v 4657 11 6
v 4658 10 6
v 4659 12 5
v 4660 9 4
v 4661 1 17
v 4662 7 3
v 4663 13 1
v 4664 4 3
v 4665 11 3
v 4666 9 11
v 4667 4 2
v 4668 11 5
v 4669 8 2
v 4670 12 3
v 4671 6 3
v 4672 2 4
v 4673 3 1
v 4674 10 3
v 4675 1 1
v 4676 10 1
v 4677 13 3
v 4678 9 1
v 4679 11 3
v 4680 12 4
v 4681 8 2
v 4682 2 4
v 4683 7 6
v 4684 10 1
v 4685 14 1
v 4686 10 2
v 4687 3 6
v 4688 0 5
v 4689 3 2
v 4690 2 4
v 4691 11 2
v 4692 9 9
v 4693 10 10
v 4694 12 7
v 4695 13 3
v 4696 2 16
v 4697 13 5
v 4698 10 7
v 4699 2 3
v 4700 13 7
v 4701 12 4
v 4702 12 8
v 4703 13 3
v 4704 9 1
v 4705 9 1
v 4706 2 2
v 4707 1 3
v 4708 1 20
v 4709 4 30
v 4710 1 5
v 4711 4 22
v 4712 9 14
v 4713 7 7
v 4714 9 3
v 4715 12 12
v 4716 4 1
v 4717 9 3
v 4718 6 6
v 4719 0 2
v 4720 11 8
v 4721 1 2
v 4722 2 5
v 4723 13 1
v 4724 7 3
v 4725 0 2
v 4726 5 5
v 4727 5 6
v 4728 4 7
v 4729 10 9
v 4730 6 17
v 4731 6 7
v 4732 14 13
v 4733 0 1
v 4734 4 2
v 4735 10 3
v 4736 3 9
v 4737 3 8
v 4738 12 5
v 4739 1 3
v 4740 9 2
v 4741 11 3
v 4742 2 4
v 4743 3 1
v 4744 13 3
v 4745 8 3
v 4746 3 3
v 4747 7 2
v 4748 5 1
v 4749 13 1
v 4750 0 5
v 4751 12 1
v 4752 4 2
v 4753 6 2
v 4754 9 4
v 4755 8 1
v 4756 8 2
v 4757 2 2
v 4758 11 5
v 4759 5 11
v 4760 11 11
v 4761 9 7
v 4762 10 9
v 4763 8 5
v 4764 6 6
v 4765 14 8
v 4766 3 6
v 4767 4 4
v 4768 1 5
v 4769 7 2
v 4770 10 3
v 4771 10 3
v 4772 4 4
v 4773 3 4
v 4774 12 1
v 4775 10 1
v 4776 4 2
v 4777 14 5
v 4778 12 1
v 4779 4 6
v 4780 1 11
v 4781 5 5
v 4782 2 9
v 4783 7 8
v 4784 0 21
v 4785 6 6
v 4786 10 6
v 4787 7 7
v 4788 0 4
v 4789 10 1
v 4790 12 1
v 4791 12 1
v 4792 4 2
v 4793 8 1
v 4794 9 6
v 4795 12 6
v 4796 6 4
v 4797 7 6
v 4798 9 1
v 4799 13 1
v 4800 9 2
v 4801 11 21
v 4802 8 7
v 4803 3 1
v 4804 2 27
v 4805 13 2
v 4806 0 3
v 4807 4 4
v 4808 1 15
v 4809 13 5
v 4810 6 3
v 4811 11 2
v 4812 4 6
v 4813 3 3
v 4814 7 9
v 4815 14 3
v 4816 7 24
v 4817 4 2
v 4818 8 3
v 4819 6 2
v 4820 2 4
v 4821 9 2
v 4822 7 1
v 4823 4 1
v 4824 13 6
v 4825 2 1
v 4826 11 7
v 4827 0 2
v 4828 3 1
v 4829 5 1
v 4830 4 2
v 4831 11 2
v 4832 11 3
v 4833 13 2
v 4834 13 2
v 4835 1 1
v 4836 10 13
v 4837 0 7
v 4838 6 1
v 4839 4 3
v 4840 5 11
v 4841 9 13
v 4842 11 6
v 4843 14 8
v 4844 3 2
v 4845 5 6
v 4846 6 9
v 4847 12 2
v 4848 14 4
v 4849 2 5
v 4850 10 6
v 4851 1 5
v 4852 3 4
v 4853 5 4
v 4854 12 2
v 4855 11 1
v 4856 14 3
v 4857 7 9
v 4858 7 3
v 4859 2 9
v 4860 10 1
v 4861 13 3
v 4862 5 2
v 4863 6 1
v 4864 13 1
v 4865 6 1
v 4866 6 3
v 4867 5 3
v 4868 9 1
v 4869 1 1
v 4870 1 1
v 4871 8 1
v 4872 12 5
v 4873 7 8
v 4874 2 1
v 4875 1 13
v 4876 0 3
v 4877 12 2
v 4878 8 3
v 4879 13 2
v 4880 11 9
v 4881 6 5
v 4882 10 10
v 4883 7 4
v 4884 3 3
v 4885 6 2
v 4886 10 11
v 4887 11 6
v 4888 1 6
v 4889 6 7
v 4890 0 2
v 4891 10 9
v 4892 13 16
v 4893 4 9
v 4894 9 3
v 4895 2 3
v 4896 4 3
v 4897 4 2
v 4898 8 7
v 4899 1 1
v 4900 8 2
v 4901 10 3
v 4902 10 1
v 4903 5 3
v 4904 0 3
v 4905 2 5
v 4906 0 5
v 4907 1 8
v 4908 5 5
v 4909 12 1
v 4910 5 1
v 4911 7 4
v 4912 13 3
v 4913 3 12
v 4914 3 5
v 4915 5 4
v 4916 14 5
v 4917 10 6
v 4918 9 5
v 4919 7 1
v 4920 4 2
v 4921 8 4
v 4922 2 3
v 4923 7 5
v 4924 6 4
v 4925 0 7
v 4926 1 5
v 4927 0 8
v 4928 1 6
v 4929 5 4
v 4930 11 5
v 4931 3 3
v 4932 4 6
v 4933 8 1
v 4934 1 8
v 4935 8 1
v 4936 12 4
v 4937 4 2
v 4938 14 7
v 4939 1 1
v 4940 1 5
v 4941 8 7
v 4942 9 2
v 4943 4 1
v 4944 11 6
v 4945 0 1
v 4946 3 1
v 4947 14 2
v 4948 13 1
v 4949 1 1
v 4950 10 1
v 4951 2 1
v 4952 7 3
v 4953 2 5
v 4954 2 6
v 4955 7 8
v 4956 4 2
v 4957 14 7
v 4958 13 2
v 4959 11 7
v 4960 2 5
v 4961 7 3
v 4962 11 3
v 4963 13 2
v 4964 9 5
v 4965 0 2
v 4966 8 10
v 4967 6 5
v 4968 0 1
v 4969 1 7
v 4970 1 12
v 4971 4 4
v 4972 1 2
v 4973 10 3
v 4974 12 1
v 4975 6 1
v 4976 3 5
v 4977 4 7
v 4978 11 1
v 4979 6 1
v 4980 3 2
v 4981 7 4
v 4982 10 3
v 4983 9 3
v 4984 8 1
v 4985 8 18
v 4986 13 8
v 4987 5 1
v 4988 2 1
v 4989 6 1
v 4990 10 1
v 4991 12 3
v 4992 0 4
v 4993 9 2
v 4994 6 1
v 4995 9 3
v 4996 3 5
v 4997 4 6
v 4998 5 11
v 4999 8 8
v 5000 5 3
v 5001 7 1
v 5002 10 11
v 5003 13 6
v 5004 12 7
v 5005 11 2
v 5006 7 9
v 5007 14 5
v 5008 11 4
v 5009 11 4
v 5010 14 6
v 5011 4 3
v 5012 5 2
v 5013 4 4
v 5014 12 4
v 5015 2 3
v 5016 2 10
v 5017 14 3
v 5018 3 4
v 5019 14 1
v 5020 7 2
v 5021 5 11
v 5022 10 5
v 5023 0 28
v 5024 5 5
v 5025 7 3
v 5026 9 1
v 5027 12 4
v 5028 11 1
v 5029 4 4
v 5030 10 1
v 5031 3 4
v 5032 0 4
v 5033 1 2
v 5034 7 3
v 5035 11 6
v 5036 8 7
v 5037 13 8
v 5038 14 5
v 5039 2 3
v 5040 3 1
v 5041 13 3
v 5042 6 2
v 5043 11 2
v 5044 9 2
v 5045 5 2
v 5046 8 2
v 5047 2 2
v 5048 0 4
v 5049 7 4
v 5050 6 3
v 5051 14 9
v 5052 7 4
v 5053 12 24
v 5054 14 1
v 5055 7 1
v 5056 5 5
v 5057 0 8
v 5058 3 2
v 5059 9 4
v 5060 3 10
v 5061 1 5
v 5062 7 3
v 5063 2 1
v 5064 10 3
v 5065 1 1
v 5066 11 1
v 5067 8 3
v 5068 11 1
v 5069 10 4
v 5070 8 3
v 5071 6 4
v 5072 9 9
v 5073 4 3
v 5074 3 4
v 5075 1 5
v 5076 6 3
v 5077 0 3
v 5078 8 11
v 5079 7 5
v 5080 11 6
v 5081 11 3
v 5082 5 1
v 5083 11 1
v 5084 14 1
v 5085 0 2
v 5086 3 8
v 5087 9 2
v 5088 4 4
v 5089 13 18
v 5090 12 1
v 5091 13 8
v 5092 14 3
v 5093 12 4
v 5094 12 2
v 5095 6 8
v 5096 7 4
v 5097 11 4
v 5098 8 21
v 5099 11 6
v 5100 4 2
v 5101 1 5
v 5102 0 3
v 5103 1 1
v 5104 5 6
v 5105 6 2
v 5106 10 8
v 5107 6 7
v 5108 6 2
v 5109 12 4
v 5110 10 2
v 5111 11 3
v 5112 12 2
v 5113 10 2
v 5114 12 7
v 5115 3 2
v 5116 4 2
v 5117 7 4
v 5118 6 8
v 5119 8 4
v 5120 0 1
v 5121 10 2
v 5122 6 11
v 5123 10 1
v 5124 4 9
v 5125 10 5
v 5126 7 3
v 5127 2 6
v 5128 6 3
v 5129 10 9
v 5130 13 13
v 5131 6 5
v 5132 14 10
v 5133 6 6
v 5134 11 5
v 5135 14 9
v 5136 14 3
v 5137 12 3
v 5138 13 2
v 5139 9 8
v 5140 11 3
v 5141 9 6
v 5142 4 3
v 5143 7 3
v 5144 8 3
v 5145 5 1
v 5146 4 2
v 5147 6 1
v 5148 13 1
v 5149 14 5
v 5150 9 2
v 5151 10 5
v 5152 12 3
v 5153 2 7
v 5154 5 2
v 5155 0 3
v 5156 6 3
v 5157 7 1
v 5158 7 1
v 5159 4 1
v 5160 1 1
v 5161 10 8
v 5162 3 2
v 5163 5 1
v 5164 3 5
v 5165 6 1
v 5166 0 17
v 5167 9 1
v 5168 5 3
v 5169 2 12
v 5170 2 2
v 5171 13 2
v 5172 14 2
v 5173 7 1
v 5174 14 3
v 5175 1 3
v 5176 12 8
v 5177 1 2
v 5178 2 2
v 5179 9 2
v 5180 0 3
v 5181 3 2
v 5182 10 2
v 5183 2 7
v 5184 0 2
v 5185 10 1
v 5186 8 9
v 5187 14 3
v 5188 14 3
v 5189 10 7
v 5190 6 2
v 5191 10 2
v 5192 6 2
v 5193 2 16
v 5194 4 3
v 5195 6 2
v 5196 7 2
v 5197 4 3
v 5198 8 3
v 5199 0 3
v 5200 2 1
v 5201 7 1
v 5202 2 1
v 5203 14 9
v 5204 14 3
v 5205 1 7
v 5206 10 7
v 5207 1 5
v 5208 7 2
v 5209 13 1
v 5210 11 3
v 5211 4 6
v 5212 11 6
v 5213 12 12
v 5214 4 1
v 5215 4 1
v 5216 6 2
v 5217 0 1
v 5218 9 4
v 5219 13 2
v 5220 4 3
v 5221 5 1
v 5222 12 3
v 5223 7 3
v 5224 1 18
v 5225 0 5
v 5226 12 3
v 5227 10 7
v 5228 11 8
v 5229 13 1
v 5230 4 8
v 5231 3 2
v 5232 14 8
v 5233 14 1
v 5234 7 5
v 5235 10 2
v 5236 4 2
v 5237 8 2
v 5238 14 4
v 5239 3 2
v 5240 6 3
v 5241 14 2
v 5242 1 1
v 5243 6 2
v 5244 0 1
v 5245 0 1
v 5246 12 2
v 5247 14 2
v 5248 1 1
v 5249 5 11
v 5250 0 8
v 5251 4 1
v 5252 4 13
v 5253 0 5
v 5254 0 4
v 5255 0 2
v 5256 9 1
v 5257 0 3
v 5258 2 4
v 5259 13 3
v 5260 9 1
v 5261 13 1
v 5262 2 3
v 5263 7 5
v 5264 10 10
v 5265 1 3
v 5266 9 10
v 5267 2 2
v 5268 0 3
v 5269 11 4
v 5270 8 6
v 5271 2 7
v 5272 12 2
v 5273 1 10
v 5274 1 1
v 5275 11 1
v 5276 1 16
v 5277 9 1
v 5278 12 2
v 5279 10 3
v 5280 1 6
v 5281 3 9
v 5282 13 2
v 5283 1 4
v 5284 14 11
v 5285 7 5
v 5286 6 3
v 5287 1 2
v 5288 1 1
v 5289 7 2
v 5290 11 6
v 5291 13 3
v 5292 7 1
v 5293 8 3
v 5294 11 2
v 5295 14 6
v 5296 2 2
v 5297 8 1
v 5298 1 2
v 5299 2 6
v 5300 13 1
v 5301 5 6
v 5302 11 2
v 5303 13 2
v 5304 6 6
v 5305 8 4
v 5306 2 3
v 5307 1 3
v 5308 10 4
v 5309 8 6
v 5310 0 8
v 5311 11 1
v 5312 14 3
v 5313 8 1
v 5314 3 7
v 5315 1 1
v 5316 11 4
v 5317 12 5
v 5318 6 3
v 5319 14 11
v 5320 5 2
v 5321 8 3
v 5322 14 3
v 5323 5 8
v 5324 8 4
v 5325 11 2
v 5326 9 1
v 5327 8 2
v 5328 6 3
v 5329 14 1
v 5330 4 1
v 5331 3 1
v 5332 9 2
v 5333 11 3
v 5334 1 4
v 5335 2 1
v 5336 9 3
v 5337 6 2
v 5338 13 3
v 5339 12 1
v 5340 5 7
v 5341 11 3
v 5342 4 3
v 5343 5 5
v 5344 8 3
v 5345 5 2
v 5346 0 2
v 5347 0 1
v 5348 0 2
v 5349 2 11
v 5350 4 2
v 5351 11 1
v 5352 10 3
v 5353 11 3
v 5354 3 1
v 5355 10 4
v 5356 14 16
v 5357 2 1
v 5358 2 1
v 5359 1 3
v 5360 13 1
v 5361 7 2
v 5362 11 3
v 5363 7 11
v 5364 10 2
v 5365 2 10
v 5366 4 7
v 5367 4 8
v 5368 13 2
v 5369 2 6
v 5370 13 4
v 5371 0 4
v 5372 2 11
v 5373 14 6
v 5374 10 4
v 5375 5 3
v 5376 13 3
v 5377 11 4
v 5378 5 3
v 5379 3 2
v 5380 10 10
v 5381 1 3
v 5382 8 2
v 5383 12 3
v 5384 7 1
v 5385 2 2
v 5386 10 3
v 5387 4 2
v 5388 5 2
v 5389 3 1
v 5390 10 1
v 5391 1 1
v 5392 9 2
v 5393 10 6
v 5394 11 2
v 5395 3 3
v 5396 5 5
v 5397 12 4
v 5398 6 2
v 5399 12 1
v 5400 1 5
v 5401 4 10
v 5402 12 5
v 5403 14 4
v 5404 6 6
v 5405 8 3
v 5406 5 1
v 5407 0 3
v 5408 10 3
v 5409 5 4
v 5410 3 4
v 5411 6 2
v 5412 0 1
v 5413 12 1
v 5414 6 1
v 5415 8 1
v 5416 4 1
v 5417 12 1
v 5418 12 2
v 5419 2 5
v 5420 14 7
v 5421 4 4
v 5422 0 5
v 5423 11 5
v 5424 4 5
v 5425 11 3
v 5426 1 8
v 5427 5 1
v 5428 10 3
v 5429 6 5
v 5430 0 10
v 5431 12 5
v 5432 10 5
v 5433 4 3
v 5434 3 2
v 5435 10 3
v 5436 14 3
v 5437 13 5
v 5438 13 1
v 5439 12 3
v 5440 11 5
v 5441 2 1
v 5442 4 1
v 5443 5 8
v 5444 14 4
v 5445 13 20
v 5446 8 7
v 5447 10 10
v 5448 1 5
v 5449 2 1
v 5450 7 1
v 5451 3 2
v 5452 13 3
v 5453 9 6
v 5454 9 1
v 5455 9 6
v 5456 1 3
v 5457 6 2
v 5458 4 1
v 5459 13 3
v 5460 11 2
v 5461 10 1
v 5462 0 6
v 5463 4 1
v 5464 0 2
v 5465 0 14
v 5466 12 1
v 5467 9 3
v 5468 2 1
v 5469 5 5
v 5470 2 3
v 5471 14 1
v 5472 6 2
v 5473 3 4
v 5474 9 2
v 5475 8 2
v 5476 13 6
v 5477 3 6
v 5478 14 8
v 5479 0 9
v 5480 10 6
v 5481 8 11
v 5482 12 2
v 5483 13 5
v 5484 14 1
v 5485 3 7
v 5486 7 3
v 5487 14 1
v 5488 8 5
v 5489 10 6
v 5490 7 3
v 5491 9 2
v 5492 9 4
v 5493 5 1
v 5494 13 3
v 5495 5 2
v 5496 5 1
v 5497 1 1
v 5498 12 18
v 5499 12 5
v 5500 0 1
v 5501 6 2
v 5502 5 4
v 5503 2 3
v 5504 7 5
v 5505 13 3
v 5506 14 1
v 5507 3 3
v 5508 11 5
v 5509 10 9
v 5510 11 9
v 5511 13 2
v 5512 10 9
v 5513 12 3
v 5514 14 1
v 5515 11 1
v 5516 11 2
v 5517 14 4
v 5518 10 6
v 5519 14 4
v 5520 14 3
v 5521 6 3
v 5522 12 17
v 5523 9 10
v 5524 0 2
v 5525 10 1
v 5526 13 4
v 5527 14 2
v 5528 3 7
v 5529 9 7
v 5530 11 2
v 5531 7 13
v 5532 6 1
v 5533 12 6
v 5534 6 11
v 5535 2 1
v 5536 2 1
v 5537 10 1
v 5538 6 2
v 5539 6 4
v 5540 7 1
v 5541 13 2
v 5542 11 1
v 5543 11 7
v 5544 10 3
v 5545 11 6
v 5546 3 1
v 5547 4 1
v 5548 1 1
v 5549 11 5
v 5550 14 2
v 5551 2 1
v 5552 14 3
v 5553 9 3
v 5554 0 1
v 5555 4 7
v 5556 14 1
v 5557 11 2
v 5558 2 2
v 5559 1 10
v 5560 2 2
v 5561 4 2
v 5562 2 1
v 5563 6 3
v 5564 4 2
v 5565 8 7
v 5566 14 2
v 5567 10 5
v 5568 6 2
v 5569 5 3
v 5570 8 1
v 5571 11 2
v 5572 6 3
v 5573 7 2
v 5574 7 2
v 5575 1 10
v 5576 4 3
v 5577 9 4
v 5578 5 2
v 5579 4 2
v 5580 4 1
v 5581 11 5
v 5582 4 2
v 5583 6 2
v 5584 9 3
v 5585 8 4
v 5586 0 4
v 5587 7 4
v 5588 14 3
v 5589 10 2
v 5590 8 3
v 5591 8 3
v 5592 3 4
v 5593 6 2
v 5594 4 11
v 5595 11 3
v 5596 10 1
v 5597 12 4
v 5598 6 9
v 5599 11 5
v 5600 0 2
v 5601 0 2
v 5602 6 5
v 5603 8 1
v 5604 1 1
v 5605 12 2
v 5606 4 4
v 5607 11 7
v 5608 12 9
v 5609 0 5
v 5610 0 2
v 5611 7 4
v 5612 10 1
v 5613 12 2
v 5614 6 1
v 5615 8 1
v 5616 5 13
v 5617 8 3
v 5618 7 3
v 5619 8 4
v 5620 7 4
v 5621 8 2
v 5622 11 3
v 5623 11 3
v 5624 11 1
v 5625 14 2
v 5626 7 1
v 5627 9 1
v 5628 2 7
v 5629 12 7
v 5630 9 2
v 5631 12 1
v 5632 0 2
v 5633 9 6
v 5634 5 4
v 5635 3 2
v 5636 4 5
v 5637 6 6
v 5638 1 4
v 5639 3 3
v 5640 1 2
v 5641 2 3
v 5642 12 2
v 5643 9 1
v 5644 7 4
v 5645 10 1
v 5646 2 2
v 5647 14 5
v 5648 7 7
v 5649 5 2
v 5650 13 2
v 5651 7 1
v 5652 13 1
v 5653 11 9
v 5654 2 9
v 5655 7 6
v 5656 12 6
v 5657 13 2
v 5658 4 1
v 5659 7 1
v 5660 5 2
v 5661 11 9
v 5662 8 6
v 5663 11 4
v 5664 12 2
v 5665 3 4
v 5666 12 4
v 5667 0 2
v 5668 5 1
v 5669 14 11
v 5670 8 8
v 5671 4 5
v 5672 6 13
v 5673 13 6
v 5674 8 5
v 5675 10 6
v 5676 14 8
v 5677 9 6
v 5678 1 5
v 5679 4 7
v 5680 14 4
v 5681 2 3
v 5682 8 3
v 5683 2 2
v 5684 2 1
v 5685 1 2
v 5686 14 2
v 5687 5 2
v 5688 3 2
v 5689 0 3
v 5690 0 6
v 5691 7 1
v 5692 7 2
v 5693 1 2
v 5694 9 3
v 5695 8 4
v 5696 0 3
v 5697 2 2
v 5698 10 11
v 5699 7 2
v 5700 9 5
v 5701 2 5
v 5702 9 3
v 5703 4 5
v 5704 1 2
v 5705 4 7
v 5706 5 4
v 5707 14 4
v 5708 2 14
v 5709 14 1
v 5710 7 3
v 5711 14 14
v 5712 5 14
v 5713 0 3
v 5714 5 2
v 5715 1 2
v 5716 14 2
v 5717 1 1
v 5718 9 5
v 5719 10 4
v 5720 1 1
v 5721 4 2
v 5722 10 3
v 5723 4 2
v 5724 9 12
v 5725 5 2
v 5726 2 1
v 5727 12 2
v 5728 0 5
v 5729 10 1
v 5730 12 1
v 5731 7 3
v 5732 6 1
v 5733 6 1
v 5734 10 2
v 5735 3 3
v 5736 1 1
v 5737 6 4
v 5738 13 4
v 5739 4 1
v 5740 7 5
v 5741 6 5
v 5742 10 2
v 5743 7 1
v 5744 14 2
v 5745 6 2
v 5746 2 4
v 5747 6 3
v 5748 12 3
v 5749 3 3
v 5750 12 2
v 5751 6 4
v 5752 10 2
v 5753 12 3
v 5754 3 1
v 5755 4 2
v 5756 1 1
v 5757 12 1
v 5758 2 2
v 5759 7 4
v 5760 5 2
v 5761 5 4
v 5762 4 9
v 5763 12 4
v 5764 12 1
v 5765 7 1
v 5766 5 1
v 5767 3 3
v 5768 2 1
v 5769 7 2
v 5770 2 1
v 5771 11 4
v 5772 5 1
v 5773 12 4
v 5774 3 5
v 5775 7 1
v 5776 2 4
v 5777 1 1
v 5778 8 2
v 5779 9 2
v 5780 9 5
v 5781 7 2
v 5782 11 1
v 5783 5 1
v 5784 2 1
v 5785 1 3
v 5786 10 1
v 5787 5 10
v 5788 2 2
v 5789 4 3
v 5790 14 4
v 5791 5 4
v 5792 10 2
v 5793 11 11
v 5794 1 1
v 5795 1 1
v 5796 6 3
v 5797 5 2
v 5798 12 5
v 5799 5 9
v 5800 4 4
v 5801 5 4
v 5802 13 1
v 5803 12 14
v 5804 13 12
v 5805 0 1
v 5806 3 3
v 5807 10 2
v 5808 10 10
v 5809 4 5
v 5810 10 2
v 5811 2 2
v 5812 2 2
v 5813 13 1
v 5814 8 2
v 5815 2 13
v 5816 7 2
v 5817 3 8
v 5818 1 2
v 5819 11 2
v 5820 8 6
v 5821 14 7
v 5822 4 4
v 5823 14 6
v 5824 11 1
v 5825 1 2
v 5826 0 1
v 5827 6 4
v 5828 11 2
v 5829 1 4
v 5830 6 1
v 5831 7 3
v 5832 7 10
v 5833 10 2
v 5834 2 1
v 5835 11 3
v 5836 2 11
v 5837 0 5
v 5838 14 4
v 5839 1 5
v 5840 2 5
v 5841 10 1
v 5842 1 8
v 5843 13 8
v 5844 6 1
v 5845 9 7
v 5846 14 7
v 5847 1 8
v 5848 4 13
v 5849 1 4
v 5850 9 1
v 5851 9 1
v 5852 1 5
v 5853 3 1
v 5854 13 5
v 5855 11 3
v 5856 14 2
v 5857 4 2
v 5858 13 1
v 5859 13 3
v 5860 6 6
v 5861 14 4
v 5862 2 3
v 5863 8 1
v 5864 7 1
v 5865 11 4
v 5866 4 1
v 5867 12 1
v 5868 5 1
v 5869 10 1
v 5870 2 4
v 5871 10 10
v 5872 12 11
v 5873 6 1
v 5874 4 4
v 5875 14 2
v 5876 14 3
v 5877 2 2
v 5878 14 2
v 5879 2 1
v 5880 13 1
v 5881 11 5
v 5882 1 12
v 5883 3 13
v 5884 10 2
v 5885 8 1
v 5886 13 8
v 5887 14 12
v 5888 12 7
v 5889 5 2
v 5890 10 1
v 5891 11 1
v 5892 7 14
v 5893 13 9
v 5894 14 1
v 5895 10 10
v 5896 13 6
v 5897 1 5
v 5898 5 1
v 5899 8 1
v 5900 6 2
v 5901 12 1
v 5902 12 3
v 5903 4 1
v 5904 7 1
v 5905 12 3
v 5906 0 3
v 5907 2 4
v 5908 5 2
v 5909 2 2
v 5910 7 1
v 5911 3 2
v 5912 14 6
v 5913 3 2
v 5914 1 2
v 5915 2 2
v 5916 14 14
v 5917 12 2
v 5918 7 3
v 5919 6 1
v 5920 1 2
v 5921 5 2
v 5922 12 2
v 5923 3 8
v 5924 1 7
v 5925 5 3
v 5926 2 1
v 5927 3 8
v 5928 3 6
v 5929 9 10
v 5930 8 15
v 5931 5 5
v 5932 10 1
v 5933 7 3
v 5934 13 3
v 5935 5 2
v 5936 9 5
v 5937 10 1
v 5938 13 5
v 5939 7 6
v 5940 14 2
v 5941 8 2
v 5942 10 3
v 5943 14 2
v 5944 4 2
v 5945 12 2
v 5946 4 4
v 5947 0 4
v 5948 9 2
v 5949 10 8
v 5950 9 4
v 5951 14 7
v 5952 2 1
v 5953 4 12
v 5954 3 2
v 5955 8 1
v 5956 8 3
v 5957 11 6
v 5958 13 6
v 5959 1 3
v 5960 4 1
v 5961 7 1
v 5962 2 1
v 5963 1 1
v 5964 0 3
v 5965 7 2
v 5966 8 1
v 5967 8 2
v 5968 8 1
v 5969 9 2
v 5970 9 2
v 5971 8 8
v 5972 11 2
v 5973 10 1
v 5974 6 5
v 5975 13 2
v 5976 6 3
v 5977 5 5
v 5978 9 2
v 5979 12 2
v 5980 5 3
v 5981 3 3
v 5982 5 1
v 5983 7 11
v 5984 2 11
v 5985 8 1
v 5986 11 4
v 5987 11 2
v 5988 13 4
v 5989 0 2
v 5990 11 7
v 5991 7 1
v 5992 12 3
v 5993 2 2
v 5994 0 1
v 5995 1 1
v 5996 8 1
v 5997 13 1
v 5998 0 4
v 5999 13 6
v 6000 2 4
v 6001 12 4
v 6002 13 1
v 6003 1 1
v 6004 0 1
v 6005 5 7
v 6006 14 2
v 6007 4 1
v 6008 10 3
v 6009 3 6
v 6010 12 2
v 6011 1 13
v 6012 10 6
v 6013 0 3
v 6014 12 6
v 6015 3 6
v 6016 11 13
v 6017 2 2
v 6018 14 3
v 6019 12 2
v 6020 5 3
v 6021 6 3
v 6022 10 3
v 6023 8 4
v 6024 9 3
v 6025 10 2
v 6026 5 2
v 6027 14 5
v 6028 6 2
v 6029 3 2
v 6030 6 2
v 6031 11 2
v 6032 0 1
v 6033 9 2
v 6034 11 2
v 6035 3 3
v 6036 9 2
v 6037 0 1
v 6038 14 6
v 6039 7 9
v 6040 11 4
v 6041 0 10
v 6042 6 8
v 6043 2 7
v 6044 12 10
v 6045 3 2
v 6046 1 8
v 6047 9 3
v 6048 10 5
v 6049 2 1
v 6050 14 4
v 6051 14 1
v 6052 14 3
v 6053 12 6
v 6054 5 4
v 6055 12 2
v 6056 4 11
v 6057 14 14
v 6058 4 1
v 6059 12 5
v 6060 14 10
v 6061 7 1
v 6062 5 1
v 6063 8 1
v 6064 6 1
v 6065 7 3
v 6066 5 1
v 6067 12 5
v 6068 4 2
v 6069 8 3
v 6070 13 5
v 6071 4 4
v 6072 7 2
v 6073 12 3
v 6074 8 2
v 6075 5 5
v 6076 6 7
v 6077 10 2
v 6078 5 2
v 6079 14 3
v 6080 6 6
v 6081 14 2
v 6082 12 5
v 6083 4 24
v 6084 14 12
v 6085 11 7
v 6086 0 6
v 6087 3 1
v 6088 13 5
v 6089 14 5
v 6090 11 3
v 6091 7 6
v 6092 12 5
v 6093 4 3
v 6094 6 3
v 6095 6 2
v 6096 11 1
v 6097 11 2
v 6098 13 1
v 6099 13 1
v 6100 14 3
v 6101 13 1
v 6102 10 1
v 6103 2 1
v 6104 14 2
v 6105 2 7
v 6106 7 3
v 6107 3 3
v 6108 2 2
v 6109 9 2
v 6110 14 3
v 6111 3 4
v 6112 1 1
v 6113 13 2
v 6114 14 5
v 6115 4 2
v 6116 8 7
v 6117 13 1
v 6118 8 12
v 6119 2 1
v 6120 9 4
v 6121 13 5
v 6122 2 3
v 6123 10 3
v 6124 7 1
v 6125 1 3
v 6126 7 1
v 6127 14 1
v 6128 3 4
v 6129 6 1
v 6130 2 1
v 6131 1 5
v 6132 13 3
v 6133 0 1
v 6134 8 1
v 6135 0 4
v 6136 11 1
v 6137 11 4
v 6138 1 4
v 6139 12 9
v 6140 11 4
v 6141 11 1
v 6142 1 6
v 6143 14 10
v 6144 9 4
v 6145 2 2
v 6146 2 4
v 6147 9 1
v 6148 3 2
v 6149 10 1
v 6150 5 12
v 6151 5 2
v 6152 1 3
v 6153 1 1
v 6154 6 6
v 6155 7 3
v 6156 2 6
v 6157 5 2
v 6158 9 2
v 6159 14 1
v 6160 8 4
v 6161 3 4
v 6162 9 4
v 6163 3 2
v 6164 12 2
v 6165 9 1
v 6166 9 7
v 6167 7 1
v 6168 9 1
v 6169 4 5
v 6170 1 7
v 6171 2 2
v 6172 6 3
v 6173 13 3
v 6174 1 1
v 6175 11 5
v 6176 14 4
v 6177 3 5
v 6178 11 4
v 6179 2 6
v 6180 2 2
v 6181 14 6
v 6182 11 5
v 6183 4 6
v 6184 4 6
v 6185 12 3
v 6186 10 3
v 6187 5 5
v 6188 2 6
v 6189 7 1
v 6190 11 1
v 6191 5 1
v 6192 8 1
v 6193 1 19
v 6194 12 2
v 6195 1 3
v 6196 6 2
v 6197 0 2
v 6198 0 1
v 6199 3 1
v 6200 5 2
v 6201 6 4
v 6202 14 9
v 6203 3 3
v 6204 12 3
v 6205 5 8
v 6206 14 10
v 6207 6 3
v 6208 9 1
v 6209 1 1
v 6210 5 2
v 6211 1 4
v 6212 7 1
v 6213 9 8
v 6214 7 4
v 6215 4 5
v 6216 3 4
v 6217 6 1
v 6218 13 4
v 6219 11 3
v 6220 0 1
v 6221 5 2
v 6222 5 3
v 6223 2 3
v 6224 1 2
v 6225 8 3
v 6226 4 2
v 6227 7 1
v 6228 0 1
v 6229 12 1
v 6230 12 1
v 6231 9 1
v 6232 10 2
v 6233 2 1
v 6234 13 1
v 6235 2 1
v 6236 11 1
v 6237 8 2
v 6238 9 1
v 6239 5 1
v 6240 10 1
v 6241 11 1
v 6242 7 2
v 6243 13 1
v 6244 13 2
v 6245 11 1
v 6246 1 1
v 6247 12 1
v 6248 6 4
v 6249 13 1
v 6250 4 3
v 6251 7 3
v 6252 4 2
v 6253 0 1
v 6254 6 2
v 6255 13 4
v 6256 0 2
v 6257 12 4
v 6258 14 4
v 6259 7 3
v 6260 12 2
v 6261 1 17
v 6262 2 8
v 6263 12 1
v 6264 13 16
v 6265 4 1
v 6266 5 7
v 6267 4 8
v 6268 9 2
v 6269 2 3
v 6270 7 2
v 6271 12 1
v 6272 7 1
v 6273 0 3
v 6274 9 2
v 6275 5 8
v 6276 14 1
v 6277 2 1
v 6278 6 1
v 6279 12 2
v 6280 0 4
v 6281 4 3
v 6282 13 3
v 6283 2 9
v 6284 9 2
v 6285 12 3
v 6286 12 7
v 6287 2 3
v 6288 1 5
v 6289 6 1
v 6290 13 5
v 6291 12 1
v 6292 8 1
v 6293 13 1
v 6294 7 14
v 6295 13 17
v 6296 13 6
v 6297 14 2
v 6298 8 3
v 6299 10 4
v 6300 12 4
v 6301 2 3
v 6302 14 3
v 6303 6 3
v 6304 13 1
v 6305 5 2
v 6306 2 5
v 6307 11 2
v 6308 14 1
v 6309 8 1
v 6310 5 1
v 6311 9 2
v 6312 2 2
v 6313 13 4
v 6314 1 3
v 6315 1 1
v 6316 3 2
v 6317 1 2
v 6318 3 4
v 6319 7 3
v 6320 14 5
v 6321 11 7
v 6322 13 1
v 6323 10 1
v 6324 3 1
v 6325 0 5
v 6326 12 5
v 6327 13 5
v 6328 6 5
v 6329 5 3
v 6330 4 5
v 6331 5 4
v 6332 9 4
v 6333 4 2
v 6334 7 1
v 6335 14 3
v 6336 8 2
v 6337 11 2
v 6338 0 3
v 6339 4 2
v 6340 13 1
v 6341 7 3
v 6342 6 1
v 6343 14 3
v 6344 13 4
v 6345 3 5
v 6346 14 3
v 6347 12 3
v 6348 11 2
v 6349 11 1
v 6350 7 1
v 6351 0 2
v 6352 8 1
v 6353 13 2
v 6354 9 3
v 6355 11 3
v 6356 6 4
v 6357 11 7
v 6358 12 5
v 6359 13 5
v 6360 12 2
v 6361 5 16
v 6362 3 4
v 6363 9 2
v 6364 5 8
v 6365 4 1
v 6366 12 1
v 6367 2 17
v 6368 2 2
v 6369 11 2
v 6370 11 4
v 6371 4 3
v 6372 3 2
v 6373 12 11
v 6374 1 5
v 6375 5 4
v 6376 11 4
v 6377 6 5
v 6378 2 3
v 6379 4 2
v 6380 12 16
v 6381 4 3
v 6382 11 3
v 6383 9 1
v 6384 13 3
v 6385 2 5
v 6386 13 1
v 6387 6 1
v 6388 0 2
v 6389 10 2
v 6390 14 1
v 6391 13 3
v 6392 1 5
v 6393 13 1
v 6394 2 3
v 6395 14 3
v 6396 6 1
v 6397 6 1
v 6398 1 2
v 6399 1 2
v 6400 10 13
v 6401 9 2
v 6402 3 1
v 6403 8 6
v 6404 1 5
v 6405 3 5
v 6406 5 6
v 6407 11 5
v 6408 7 2
v 6409 8 3
v 6410 11 1
v 6411 9 1
v 6412 12 7
v 6413 1 1
v 6414 12 1
v 6415 2 1
v 6416 12 1
v 6417 14 2
v 6418 2 2
v 6419 12 2
v 6420 9 2
v 6421 9 17
v 6422 9 1
v 6423 0 5
v 6424 13 5
v 6425 7 3
v 6426 12 4
v 6427 4 4
v 6428 3 3
v 6429 8 1
v 6430 0 2
v 6431 7 3
v 6432 1 3
v 6433 0 1
v 6434 10 1
v 6435 0 2
v 6436 9 2
v 6437 3 2
v 6438 2 1
v 6439 7 2
v 6440 12 5
v 6441 10 3
v 6442 3 3
v 6443 8 11
v 6444 4 2
v 6445 9 4
v 6446 11 4
v 6447 9 3
v 6448 1 3
v 6449 2 2
v 6450 5 6
v 6451 13 1
v 6452 8 4
v 6453 12 1
v 6454 12 2
v 6455 0 1
v 6456 14 1
v 6457 9 2
v 6458 5 1
v 6459 10 3
v 6460 4 1
v 6461 14 2
v 6462 8 1
v 6463 12 1
v 6464 3 3
v 6465 9 1
v 6466 4 2
v 6467 0 1
v 6468 9 1
v 6469 6 2
v 6470 5 2
v 6471 1 1
v 6472 5 1
v 6473 4 2
v 6474 13 1
v 6475 12 1
v 6476 5 1
v 6477 13 1
v 6478 1 2
v 6479 4 1
v 6480 9 2
v 6481 2 1
v 6482 5 2
v 6483 0 1
v 6484 11 1
v 6485 0 1
v 6486 13 2
v 6487 10 1
v 6488 9 3
v 6489 14 8
v 6490 13 2
v 6491 6 1
v 6492 0 2
v 6493 6 1
v 6494 3 1
v 6495 13 4
v 6496 6 2
v 6497 9 1
v 6498 7 4
v 6499 4 4
v 6500 13 1
v 6501 0 9
v 6502 2 13
v 6503 11 7
v 6504 9 17
v 6505 7 3
v 6506 8 8
v 6507 1 5
v 6508 10 1
v 6509 12 3
v 6510 0 1
v 6511 10 1
v 6512 0 5
v 6513 12 3
v 6514 1 2
v 6515 2 1
v 6516 6 1
v 6517 6 2
v 6518 9 1
v 6519 2 4
v 6520 11 1
v 6521 3 1
v 6522 10 4
v 6523 8 6
v 6524 1 2
v 6525 0 1
v 6526 13 2
v 6527 0 6
v 6528 6 2
v 6529 6 2
v 6530 13 6
v 6531 4 2
v 6532 2 2
v 6533 13 8
v 6534 6 2
v 6535 0 2
v 6536 10 1
v 6537 5 1
v 6538 10 1
v 6539 6 2
v 6540 8 2
v 6541 3 2
v 6542 14 5
v 6543 8 1
v 6544 12 7
v 6545 5 3
v 6546 9 2
v 6547 3 5
v 6548 10 2
v 6549 0 3
v 6550 6 3
v 6551 7 3
v 6552 8 1
v 6553 10 1
v 6554 0 4
v 6555 13 4
v 6556 13 1
v 6557 3 4
v 6558 5 5
v 6559 7 1
v 6560 11 4
v 6561 2 2
v 6562 9 6
v 6563 3 1
v 6564 3 4
v 6565 0 1
v 6566 3 2
v 6567 1 1
v 6568 4 1
v 6569 12 1
v 6570 5 5
v 6571 5 4
v 6572 11 2
v 6573 4 2
v 6574 12 3
v 6575 2 2
v 6576 2 1
v 6577 9 2
v 6578 11 5
v 6579 6 1
v 6580 4 2
v 6581 0 7
v 6582 6 1
v 6583 12 1
v 6584 12 1
v 6585 1 1
v 6586 12 2
v 6587 9 1
v 6588 12 2
v 6589 13 14
v 6590 14 1
v 6591 7 2
v 6592 2 2
v 6593 12 5
v 6594 6 5
v 6595 12 5
v 6596 3 1
v 6597 6 4
v 6598 12 2
v 6599 6 2
v 6600 2 6
v 6601 8 3
v 6602 10 7
v 6603 7 4
v 6604 14 2
v 6605 9 8
v 6606 11 1
v 6607 13 7
v 6608 5 3
v 6609 14 2
v 6610 0 4
v 6611 10 3
v 6612 9 1
v 6613 8 11
v 6614 3 1
v 6615 3 1
v 6616 8 1
v 6617 6 4
v 6618 7 2
v 6619 3 3
v 6620 9 4
v 6621 11 12
v 6622 1 3
v 6623 8 1
v 6624 1 4
v 6625 2 1
v 6626 14 5
v 6627 2 1
v 6628 4 1
v 6629 0 3
v 6630 5 10
v 6631 1 1
v 6632 2 4
v 6633 9 1
v 6634 10 1
v 6635 8 1
v 6636 9 7
v 6637 12 3
v 6638 2 6
v 6639 8 2
v 6640 6 2
v 6641 4 2
v 6642 0 4
v 6643 12 6
v 6644 12 3
v 6645 5 1
v 6646 2 2
v 6647 0 1
v 6648 8 1
v 6649 3 3
v 6650 11 2
v 6651 7 1
v 6652 10 1
v 6653 9 2
v 6654 4 2
v 6655 12 1
v 6656 6 3
v 6657 13 1
v 6658 14 1
v 6659 12 6
v 6660 0 5
v 6661 12 3
v 6662 3 1
v 6663 9 1
v 6664 4 3
v 6665 3 2
v 6666 5 1
v 6667 10 8
v 6668 1 5
v 6669 11 7
v 6670 13 4
v 6671 4 4
v 6672 7 1
v 6673 5 2
v 6674 13 1
v 6675 4 1
v 6676 0 3
v 6677 4 1
v 6678 11 3
v 6679 1 1
v 6680 5 7
v 6681 4 1
v 6682 3 1
v 6683 14 3
v 6684 5 1
v 6685 3 3
v 6686 3 7
v 6687 13 1
v 6688 3 1
v 6689 3 6
v 6690 10 2
v 6691 6 6
v 6692 1 1
v 6693 8 1
v 6694 4 1
v 6695 10 3
v 6696 2 1
v 6697 5 1
v 6698 14 1
v 6699 6 1
v 6700 0 8
v 6701 14 3
v 6702 8 4
v 6703 10 3
v 6704 0 3
v 6705 8 2
v 6706 6 1
v 6707 10 4
v 6708 1 1
v 6709 4 3
v 6710 12 5
v 6711 11 2
v 6712 3 1
v 6713 8 1
v 6714 4 4
v 6715 11 3
v 6716 1 1
v 6717 14 1
v 6718 1 2
v 6719 8 1
v 6720 6 1
v 6721 10 1
v 6722 8 3
v 6723 5 6
v 6724 2 2
v 6725 2 7
v 6726 12 5
v 6727 1 2
v 6728 4 1
v 6729 11 2
v 6730 13 2
v 6731 12 3
v 6732 11 2
v 6733 12 7
v 6734 4 1
v 6735 2 1
v 6736 7 2
v 6737 14 1
v 6738 4 2
v 6739 3 11
v 6740 14 2
v 6741 13 4
v 6742 14 3
v 6743 8 2
v 6744 9 3
v 6745 11 11
v 6746 3 3
v 6747 1 10
v 6748 7 2
v 6749 12 4
v 6750 3 5
v 6751 5 7
v 6752 6 4
v 6753 4 2
v 6754 14 2
v 6755 5 1
v 6756 14 1
v 6757 14 1
v 6758 1 2
v 6759 12 4
v 6760 2 3
v 6761 7 1
v 6762 13 3
v 6763 10 2
v 6764 5 3
v 6765 8 1
v 6766 2 1
v 6767 1 6
v 6768 14 2
v 6769 12 2
v 6770 7 3
v 6771 6 1
v 6772 12 1
v 6773 7 1
v 6774 5 9
v 6775 13 10
v 6776 9 2
v 6777 4 2
v 6778 7 3
v 6779 2 2
v 6780 4 6
v 6781 0 1
v 6782 6 1
v 6783 11 2
v 6784 12 2
v 6785 1 2
v 6786 7 9
v 6787 9 4
v 6788 2 2
v 6789 1 10
v 6790 12 12
v 6791 1 1
v 6792 13 1
v 6793 6 18
v 6794 3 1
v 6795 4 1
v 6796 10 1
v 6797 1 9
v 6798 6 3
v 6799 10 7
v 6800 9 2
v 6801 4 4
v 6802 8 2
v 6803 14 4
v 6804 0 2
v 6805 9 2
v 6806 0 2
v 6807 6 4
v 6808 11 6
v 6809 6 7
v 6810 8 4
v 6811 5 3
v 6812 3 3
v 6813 14 3
v 6814 12 1
v 6815 3 2
v 6816 2 8
v 6817 10 3
v 6818 10 2
v 6819 1 10
v 6820 1 11
v 6821 8 10
v 6822 9 2
v 6823 2 1
v 6824 4 1
v 6825 5 4
v 6826 7 4
v 6827 8 3
v 6828 3 6
v 6829 6 3
v 6830 12 1
v 6831 2 3
v 6832 14 1
v 6833 9 1
v 6834 9 3
v 6835 14 5
v 6836 2 3
v 6837 5 2
v 6838 2 1
v 6839 12 5
v 6840 10 1
v 6841 13 4
v 6842 0 2
v 6843 5 2
v 6844 2 1
v 6845 1 1
v 6846 8 2
v 6847 5 1
v 6848 9 5
v 6849 14 2
v 6850 3 2
v 6851 1 4
v 6852 11 1
v 6853 11 6
v 6854 14 3
v 6855 8 1
v 6856 14 4
v 6857 1 2
v 6858 11 1
v 6859 10 1
v 6860 7 1
v 6861 8 5
v 6862 9 1
v 6863 11 2
v 6864 14 6
v 6865 14 2
v 6866 7 2
v 6867 4 7
v 6868 5 4
v 6869 14 2
v 6870 9 4
v 6871 1 1
v 6872 3 2
v 6873 0 2
v 6874 10 3
v 6875 14 4
v 6876 6 1
v 6877 4 9
v 6878 8 1
v 6879 11 2
v 6880 5 3
v 6881 3 2
v 6882 9 4
v 6883 14 19
v 6884 5 3
v 6885 4 2
v 6886 11 2
v 6887 12 1
v 6888 11 4
v 6889 11 3
v 6890 14 1
v 6891 1 18
v 6892 12 2
v 6893 13 1
v 6894 7 3
v 6895 12 8
v 6896 2 2
v 6897 0 1
v 6898 10 2
v 6899 1 1
v 6900 7 1
v 6901 14 1
v 6902 11 1
v 6903 4 1
v 6904 12 4
v 6905 5 3
v 6906 4 4
v 6907 7 1
v 6908 0 1
v 6909 5 2
v 6910 11 1
v 6911 5 3
v 6912 10 3
v 6913 3 28
v 6914 13 3
v 6915 5 5
v 6916 11 3
v 6917 5 3
v 6918 5 2
v 6919 14 1
v 6920 11 1
v 6921 6 2
v 6922 3 1
v 6923 0 1
v 6924 6 1
v 6925 10 4
v 6926 9 1
v 6927 8 1
v 6928 4 2
v 6929 6 1
v 6930 12 4
v 6931 9 3
v 6932 0 3
v 6933 8 4
v 6934 13 2
v 6935 14 8
v 6936 1 1
v 6937 5 1
v 6938 0 3
v 6939 6 1
v 6940 2 2
v 6941 1 3
v 6942 13 2
v 6943 2 2
v 6944 0 3
v 6945 10 3
v 6946 14 3
v 6947 8 2
v 6948 4 1
v 6949 3 1
v 6950 12 2
v 6951 10 1
v 6952 5 7
v 6953 3 6
v 6954 9 3
v 6955 1 4
v 6956 12 2
v 6957 3 1
v 6958 10 3
v 6959 6 1
v 6960 5 2
v 6961 10 2
v 6962 10 3
v 6963 11 3
v 6964 10 4
v 6965 4 1
v 6966 0 1
v 6967 1 1
v 6968 7 2
v 6969 4 2
v 6970 10 2
v 6971 6 1
v 6972 3 5
v 6973 2 1
v 6974 11 3
v 6975 14 1
v 6976 7 1
v 6977 0 3
v 6978 2 2
v 6979 13 1
v 6980 0 1
v 6981 2 2
v 6982 9 2
v 6983 10 3
v 6984 14 10
v 6985 0 2
v 6986 1 1
v 6987 5 2
v 6988 12 3
v 6989 0 2
v 6990 10 1
v 6991 3 1
v 6992 13 1
v 6993 3 2
v 6994 7 5
v 6995 4 2
v 6996 4 1
v 6997 9 1
v 6998 12 2
v 6999 5 3
v 7000 11 2
v 7001 10 2
v 7002 8 2
v 7003 5 5
v 7004 10 2
v 7005 12 4
v 7006 11 4
v 7007 7 8
v 7008 14 2
v 7009 9 1
v 7010 8 2
v 7011 13 5
v 7012 13 2
v 7013 12 2
v 7014 0 1
v 7015 3 3
v 7016 2 2
v 7017 11 1
v 7018 3 1
v 7019 3 1
v 7020 1 6
v 7021 2 5
v 7022 1 2
v 7023 0 9
v 7024 9 1
v 7025 8 1
v 7026 1 7
v 7027 9 3
v 7028 13 1
v 7029 11 6
v 7030 12 2
v 7031 9 3
v 7032 6 2
v 7033 7 2
v 7034 10 1
v 7035 7 1
v 7036 6 2
v 7037 0 6
v 7038 11 2
v 7039 9 6
v 7040 12 3
v 7041 10 1
v 7042 8 3
v 7043 10 1
v 7044 14 2
v 7045 5 1
v 7046 11 2
v 7047 8 2
v 7048 3 2
v 7049 2 2
v 7050 9 1
v 7051 4 3
v 7052 8 1
v 7053 4 1
v 7054 10 2
v 7055 6 2
v 7056 9 1
v 7057 8 1
v 7058 12 2
v 7059 0 2
v 7060 7 2
v 7061 9 1
v 7062 9 3
v 7063 3 2
v 7064 14 2
v 7065 6 6
v 7066 4 1
v 7067 8 1
v 7068 10 2
v 7069 4 2
v 7070 11 2
v 7071 1 4
v 7072 13 1
v 7073 5 1
v 7074 9 1
v 7075 11 2
v 7076 4 2
v 7077 11 2
v 7078 8 4
v 7079 4 2
v 7080 7 2
v 7081 7 4
v 7082 1 4
v 7083 14 1
v 7084 9 2
v 7085 13 2
v 7086 4 1
v 7087 5 2
v 7088 11 3
v 7089 1 1
v 7090 11 3
v 7091 6 2
v 7092 13 2
v 7093 5 4
v 7094 11 1
v 7095 0 1
v 7096 12 2
v 7097 1 6
v 7098 13 3
v 7099 11 1
v 7100 5 3
v 7101 13 2
v 7102 9 1
v 7103 1 3
v 7104 8 2
v 7105 3 1
v 7106 9 1
v 7107 10 3
v 7108 10 4
v 7109 0 1
v 7110 14 2
v 7111 14 1
v 7112 0 2
v 7113 0 1
v 7114 4 2
v 7115 11 4
v 7116 7 5
v 7117 1 3
v 7118 8 2
v 7119 10 3
v 7120 14 2
v 7121 0 4
v 7122 7 2
v 7123 11 1
v 7124 3 1
v 7125 4 1
v 7126 13 1
v 7127 14 1
v 7128 8 1
v 7129 4 1
v 7130 12 3
v 7131 14 5
v 7132 4 2
v 7133 3 2
v 7134 11 4
v 7135 6 5
v 7136 9 1
v 7137 7 3
v 7138 14 3
v 7139 7 2
v 7140 4 2
v 7141 5 2
v 7142 0 2
v 7143 12 6
v 7144 13 3
v 7145 9 1
v 7146 12 1
v 7147 9 1
v 7148 9 2
v 7149 12 1
v 7150 4 5
v 7151 1 1
v 7152 5 1
v 7153 11 1
v 7154 1 1
v 7155 2 1
v 7156 6 1
v 7157 7 12
v 7158 4 5
v 7159 13 7
v 7160 5 3
v 7161 4 3
v 7162 9 5
v 7163 14 1
v 7164 10 1
v 7165 11 1
v 7166 12 1
v 7167 3 5
v 7168 11 3
v 7169 2 2
v 7170 8 2
v 7171 7 3
v 7172 7 1
v 7173 4 1
v 7174 7 1
v 7175 1 1
v 7176 1 2
v 7177 14 3
v 7178 10 3
v 7179 2 6
v 7180 8 5
v 7181 0 7
v 7182 12 3
v 7183 4 3
v 7184 5 3
v 7185 13 5
v 7186 5 2
v 7187 5 3
v 7188 0 1
v 7189 6 2
v 7190 10 2
v 7191 5 1
v 7192 2 1
v 7193 4 1
v 7194 14 1
v 7195 7 3
v 7196 0 1
v 7197 8 1
v 7198 8 6
v 7199 4 2
v 7200 5 2
v 7201 14 2
v 7202 4 3
v 7203 12 3
v 7204 9 3
v 7205 10 3
v 7206 5 4
v 7207 1 4
v 7208 13 1
v 7209 5 2
v 7210 13 3
v 7211 0 4
v 7212 12 5
v 7213 7 7
v 7214 13 2
v 7215 9 4
v 7216 2 2
v 7217 5 2
v 7218 14 2
v 7219 9 1
v 7220 4 2
v 7221 11 3
v 7222 4 2
v 7223 7 1
v 7224 0 2
v 7225 7 3
v 7226 2 4
v 7227 3 1
v 7228 5 1
v 7229 3 3
v 7230 1 2
v 7231 13 1
v 7232 10 1
v 7233 0 3
v 7234 6 6
v 7235 7 5
v 7236 12 1
v 7237 6 1
v 7238 10 6
v 7239 13 5
v 7240 9 1
v 7241 13 2
v 7242 0 2
v 7243 5 1
v 7244 0 2
v 7245 10 2
v 7246 0 1
v 7247 7 1
v 7248 4 1
v 7249 3 1
v 7250 11 5
v 7251 2 1
v 7252 7 1
v 7253 1 2
v 7254 11 2
v 7255 12 5
v 7256 11 1
v 7257 6 2
v 7258 8 6
v 7259 0 2
v 7260 4 1
v 7261 1 3
v 7262 2 1
v 7263 0 1
v 7264 0 1
v 7265 4 1
v 7266 6 1
v 7267 8 9
v 7268 10 6
v 7269 12 1
v 7270 13 7
v 7271 9 1
v 7272 4 1
v 7273 12 1
v 7274 1 4
v 7275 5 3
v 7276 7 3
v 7277 9 2
v 7278 5 2
v 7279 4 2
v 7280 5 2
v 7281 3 1
v 7282 0 1
v 7283 11 5
v 7284 8 1
v 7285 3 1
v 7286 7 4
v 7287 8 2
v 7288 11 3
v 7289 0 2
v 7290 10 1
v 7291 13 1
v 7292 6 2
v 7293 5 3
v 7294 0 2
v 7295 8 1
v 7296 14 1
v 7297 3 3
v 7298 11 1
v 7299 11 5
v 7300 1 2
v 7301 8 3
v 7302 3 1
v 7303 0 2
v 7304 13 2
v 7305 11 2
v 7306 8 1
v 7307 5 8
v 7308 2 1
v 7309 12 2
v 7310 11 1
v 7311 3 2
v 7312 9 5
v 7313 7 2
v 7314 8 3
v 7315 7 1
v 7316 6 1
v 7317 2 1
v 7318 7 2
v 7319 4 3
v 7320 2 2
v 7321 0 1
v 7322 5 2
v 7323 10 3
v 7324 4 11
v 7325 13 2
v 7326 13 4
v 7327 11 2
v 7328 5 1
v 7329 10 4
v 7330 4 5
v 7331 3 7
v 7332 6 1
v 7333 0 1
v 7334 0 4
v 7335 13 2
v 7336 14 2
v 7337 12 3
v 7338 10 1
v 7339 1 1
v 7340 2 1
v 7341 9 1
v 7342 5 1
v 7343 14 1
v 7344 9 1
v 7345 2 3
v 7346 0 2
v 7347 0 3
v 7348 12 1
v 7349 8 10
v 7350 14 3
v 7351 2 3
v 7352 9 1
v 7353 2 1
v 7354 1 2
v 7355 2 3
v 7356 2 2
v 7357 8 2
v 7358 2 1
v 7359 6 1
v 7360 6 6
v 7361 0 1
v 7362 5 2
v 7363 4 1
v 7364 5 1
v 7365 12 2
v 7366 9 1
v 7367 12 6
v 7368 0 1
v 7369 3 1
v 7370 9 4
v 7371 14 3
v 7372 0 6
v 7373 5 2
v 7374 12 1
v 7375 12 2
v 7376 5 5
v 7377 5 1
v 7378 1 5
v 7379 9 1
v 7380 10 3
v 7381 10 3
v 7382 5 2
v 7383 5 2
v 7384 1 9
v 7385 6 1
v 7386 3 2
v 7387 5 3
v 7388 9 1
v 7389 4 4
v 7390 12 2
v 7391 2 1
v 7392 3 4
v 7393 13 4
v 7394 8 1
v 7395 2 1
v 7396 9 2
v 7397 2 3
v 7398 13 5
v 7399 8 4
v 7400 12 1
v 7401 14 1
v 7402 1 3
v 7403 5 3
v 7404 9 1
v 7405 9 1
v 7406 8 1
v 7407 10 5
v 7408 9 2
v 7409 1 1
v 7410 9 3
v 7411 2 2
v 7412 5 3
v 7413 4 2
v 7414 7 2
v 7415 4 2
v 7416 7 1
v 7417 2 9
v 7418 6 5
v 7419 6 6
v 7420 5 1
v 7421 1 1
v 7422 5 3
v 7423 2 1
v 7424 4 2
v 7425 13 1
v 7426 12 1
v 7427 2 2
v 7428 5 1
v 7429 7 1
v 7430 12 4
v 7431 1 1
v 7432 5 4
v 7433 12 5
v 7434 5 6
v 7435 4 1
v 7436 13 1
v 7437 10 1
v 7438 5 2
v 7439 13 2
v 7440 2 5
v 7441 6 2
v 7442 3 6
v 7443 3 1
v 7444 2 2
v 7445 9 2
v 7446 7 5
v 7447 9 4
v 7448 6 4
v 7449 10 1
v 7450 12 1
v 7451 9 2
v 7452 11 1
v 7453 3 2
v 7454 12 2
v 7455 0 1
v 7456 5 1
v 7457 2 1
v 7458 0 1
v 7459 7 1
v 7460 6 2
v 7461 14 2
v 7462 9 2
v 7463 12 2
v 7464 1 1
v 7465 13 1
v 7466 0 1
v 7467 6 1
v 7468 4 1
v 7469 9 2
v 7470 11 6
v 7471 3 4
v 7472 6 4
v 7473 0 1
v 7474 13 1
v 7475 11 2
v 7476 9 2
v 7477 3 3
v 7478 6 1
v 7479 9 4
v 7480 7 3
v 7481 13 1
v 7482 7 1
v 7483 9 2
v 7484 6 3
v 7485 6 1
v 7486 14 5
v 7487 6 3
v 7488 0 2
v 7489 4 1
v 7490 2 2
v 7491 2 1
v 7492 13 1
v 7493 13 2
v 7494 5 3
v 7495 1 3
v 7496 8 1
v 7497 9 1
v 7498 7 2
v 7499 2 5
v 7500 9 1
v 7501 13 1
v 7502 6 1
v 7503 3 2
v 7504 11 1
v 7505 2 3
v 7506 4 3
v 7507 0 1
v 7508 14 1
v 7509 7 4
v 7510 12 1
v 7511 12 3
v 7512 5 2
v 7513 7 1
v 7514 13 1
v 7515 5 1
v 7516 8 1
v 7517 12 1
v 7518 3 2
v 7519 4 1
v 7520 9 2
v 7521 13 3
v 7522 0 1
v 7523 7 1
v 7524 11 1
v 7525 2 2
v 7526 4 1
v 7527 3 2
v 7528 5 1
v 7529 0 1
v 7530 13 1
v 7531 4 2
v 7532 9 2
v 7533 6 1
v 7534 11 1
v 7535 3 2
v 7536 14 1
v 7537 0 1
v 7538 3 2
v 7539 13 1
v 7540 12 3
v 7541 9 2
v 7542 6 2
v 7543 2 3
v 7544 13 4
v 7545 4 2
v 7546 11 2
v 7547 10 1
v 7548 9 2
v 7549 12 2
v 7550 8 2
v 7551 3 3
v 7552 12 1
v 7553 2 1
v 7554 14 1
v 7555 6 1
v 7556 9 1
v 7557 13 1
v 7558 10 1
v 7559 13 1
v 7560 11 2
v 7561 7 1
v 7562 5 1
v 7563 14 1
v 7564 13 1
v 7565 13 1
v 7566 10 1
v 7567 7 1
v 7568 9 1
v 7569 11 1
v 7570 12 1
v 7571 2 1
v 7572 0 1
v 7573 11 1
v 7574 9 1
v 7575 6 1
v 7576 10 1
v 7577 13 1
v 7578 6 1
v 7579 5 1
v 7580 4 2
v 7581 12 2
v 7582 2 2
v 7583 4 2
v 7584 7 3
v 7585 4 1
v 7586 6 1
v 7587 11 1
v 7588 9 1
v 7589 3 1
v 7590 12 1
v 7591 13 1
v 7592 7 1
v 7593 12 6
v 7594 14 5
v 7595 3 7
v 7596 11 5
v 7597 2 1
v 7598 7 2
v 7599 12 1
v 7600 7 1
v 7601 0 2
v 7602 11 4
v 7603 14 1
v 7604 13 4
v 7605 11 1
v 7606 6 1
v 7607 3 2
v 7608 8 2
v 7609 4 10
v 7610 11 2
v 7611 13 1
v 7612 6 5
v 7613 1 1
v 7614 4 4
v 7615 4 1
v 7616 2 2
v 7617 2 7
v 7618 12 1
v 7619 3 4
v 7620 4 1
v 7621 2 2
v 7622 2 1
v 7623 5 3
v 7624 3 1
v 7625 13 2
v 7626 9 1
v 7627 9 1
v 7628 12 1
v 7629 2 2
v 7630 0 5
v 7631 1 2
v 7632 2 1
v 7633 14 9
v 7634 4 4
v 7635 9 2
v 7636 4 2
v 7637 4 4
v 7638 2 1
v 7639 0 3
v 7640 4 8
v 7641 9 5
v 7642 13 1
v 7643 5 1
v 7644 1 2
v 7645 6 1
v 7646 4 4
v 7647 5 6
v 7648 11 3
v 7649 9 1
v 7650 8 5
v 7651 8 2
v 7652 10 5
v 7653 4 3
v 7654 13 5
v 7655 1 2
v 7656 8 2
v 7657 8 1
v 7658 12 2
v 7659 0 3
v 7660 0 4
v 7661 5 2
v 7662 11 2
v 7663 6 2
v 7664 9 3
v 7665 7 2
v 7666 12 2
v 7667 5 2
v 7668 14 2
v 7669 10 2
v 7670 9 2
v 7671 12 1
v 7672 3 1
v 7673 1 3
v 7674 6 2
v 7675 6 2
v 7676 10 1
v 7677 1 2
v 7678 9 2
v 7679 13 1
v 7680 4 6
v 7681 13 1
v 7682 12 1
v 7683 8 1
v 7684 5 1
v 7685 14 1
v 7686 11 5
v 7687 12 1
v 7688 2 1
v 7689 0 1
v 7690 0 2
v 7691 2 4
v 7692 6 1
v 7693 13 1
v 7694 5 2
v 7695 12 1
v 7696 0 3
v 7697 5 1
v 7698 12 1
v 7699 5 2
v 7700 8 2
v 7701 9 1
v 7702 14 3
v 7703 13 3
v 7704 13 1
v 7705 12 3
v 7706 9 4
v 7707 6 1
v 7708 8 2
v 7709 14 1
v 7710 11 2
v 7711 1 1
v 7712 1 2
v 7713 9 2
v 7714 8 2
v 7715 3 3
v 7716 3 1
v 7717 5 2
v 7718 10 2
v 7719 8 4
v 7720 6 1
v 7721 2 4
v 7722 0 2
v 7723 14 1
v 7724 14 1
v 7725 1 7
v 7726 14 1
v 7727 0 3
v 7728 10 1
v 7729 5 4
v 7730 3 4
v 7731 14 1
v 7732 6 2
v 7733 9 1
v 7734 11 1
v 7735 10 1
v 7736 1 4
v 7737 6 3
v 7738 3 1
v 7739 5 1
v 7740 1 1
v 7741 1 2
v 7742 14 4
v 7743 11 2
v 7744 12 1
v 7745 12 3
v 7746 2 1
v 7747 4 1
v 7748 3 1
v 7749 14 1
v 7750 10 1
v 7751 11 1
v 7752 2 2
v 7753 3 1
v 7754 14 1
v 7755 13 1
v 7756 6 1
v 7757 6 1
v 7758 3 1
v 7759 13 2
v 7760 3 1
v 7761 0 3
v 7762 8 1
v 7763 4 1
v 7764 6 3
v 7765 11 2
v 7766 12 3
v 7767 3 1
v 7768 8 1
v 7769 1 1
v 7770 12 1
v 7771 12 3
v 7772 9 4
v 7773 5 2
v 7774 13 2
v 7775 14 1
v 7776 10 2
v 7777 13 1
v 7778 5 3
v 7779 4 1
v 7780 8 1
v 7781 3 3
v 7782 7 4
v 7783 9 2
v 7784 3 3
v 7785 9 2
v 7786 0 1
v 7787 9 1
v 7788 14 1
v 7789 10 1
v 7790 1 2
v 7791 4 2
v 7792 6 1
v 7793 10 4
v 7794 1 1
v 7795 12 1
v 7796 0 4
v 7797 1 1
v 7798 5 2
v 7799 5 2
v 7800 1 3
v 7801 9 2
v 7802 4 1
v 7803 1 1
v 7804 3 8
v 7805 13 1
v 7806 12 1
v 7807 4 1
v 7808 12 1
v 7809 9 2
v 7810 1 1
v 7811 1 1
v 7812 6 3
v 7813 7 1
v 7814 2 2
v 7815 14 2
v 7816 5 1
v 7817 3 2
v 7818 2 4
v 7819 3 5
v 7820 2 1
v 7821 0 4
v 7822 11 4
v 7823 9 9
v 7824 0 4
v 7825 7 2
v 7826 7 3
v 7827 8 1
v 7828 8 2
v 7829 3 2
v 7830 6 2
v 7831 13 2
v 7832 3 5
v 7833 3 1
v 7834 9 8
v 7835 13 2
v 7836 1 2
v 7837 5 1
v 7838 2 1
v 7839 11 2
v 7840 4 1
v 7841 1 3
v 7842 7 2
v 7843 7 2
v 7844 3 1
v 7845 10 1
v 7846 7 2
v 7847 4 1
v 7848 12 1
v 7849 7 1
v 7850 3 2
v 7851 12 2
v 7852 7 3
v 7853 10 4
v 7854 2 1
v 7855 9 1
v 7856 3 1
v 7857 13 1
v 7858 9 3
v 7859 6 3
v 7860 5 1
v 7861 6 1
v 7862 4 1
v 7863 6 1
v 7864 2 1
v 7865 2 3
v 7866 11 10
v 7867 9 1
v 7868 8 1
v 7869 7 1
v 7870 1 1
v 7871 12 1
v 7872 3 1
v 7873 9 1
v 7874 14 2
v 7875 5 1
v 7876 10 1
v 7877 13 2
v 7878 9 1
v 7879 4 2
v 7880 0 2
v 7881 4 1
v 7882 7 1
v 7883 13 1
v 7884 14 1
v 7885 3 2
v 7886 6 1
v 7887 3 3
v 7888 4 1
v 7889 9 1
v 7890 5 1
v 7891 0 1
v 7892 5 2
v 7893 13 3
v 7894 0 1
v 7895 6 2
v 7896 14 3
v 7897 11 1
v 7898 12 3
v 7899 0 2
v 7900 9 2
v 7901 12 2
v 7902 10 2
v 7903 8 1
v 7904 12 2
v 7905 0 1
v 7906 11 1
v 7907 0 1
v 7908 0 1
v 7909 6 1
v 7910 9 1
v 7911 4 1
v 7912 7 1
v 7913 5 1
v 7914 10 2
v 7915 0 1
v 7916 14 1
v 7917 8 1
v 7918 6 3
v 7919 1 1
v 7920 6 1
v 7921 4 5
v 7922 12 1
v 7923 11 3
v 7924 0 4
v 7925 12 2
v 7926 5 1
v 7927 0 1
v 7928 0 3
v 7929 5 1
v 7930 10 1
v 7931 12 3
v 7932 10 2
v 7933 12 1
v 7934 10 1
v 7935 1 1
v 7936 9 1
v 7937 11 1
v 7938 11 1
v 7939 13 1
v 7940 0 1
v 7941 14 1
v 7942 10 1
v 7943 8 1
v 7944 10 1
v 7945 1 1
v 7946 13 1
v 7947 9 2
v 7948 12 1
v 7949 8 1
v 7950 0 1
v 7951 3 2
v 7952 9 1
v 7953 9 1
v 7954 6 1
v 7955 13 1
v 7956 4 1
v 7957 1 1
v 7958 1 1
v 7959 2 2
v 7960 1 1
v 7961 13 1
v 7962 2 1
v 7963 8 3
v 7964 3 2
v 7965 3 3
v 7966 7 2
v 7967 14 1
v 7968 9 1
v 7969 14 1
v 7970 4 1
v 7971 6 2
v 7972 3 4
v 7973 0 1
v 7974 8 1
v 7975 8 2
v 7976 7 1
v 7977 13 1
v 7978 1 2
v 7979 13 1
v 7980 3 1
v 7981 2 4
v 7982 6 1
v 7983 11 1
v 7984 14 1
v 7985 10 1
v 7986 7 3
v 7987 1 1
v 7988 3 2
v 7989 3 4
v 7990 13 1
v 7991 12 2
v 7992 1 1
v 7993 2 2
v 7994 6 1
v 7995 13 1
v 7996 10 4
v 7997 7 1
v 7998 6 1
v 7999 4 3
v 8000 9 1
v 8001 12 1
v 8002 3 1
v 8003 8 1
v 8004 0 5
v 8005 8 6
v 8006 11 3
v 8007 10 3
v 8008 6 1
v 8009 2 1
v 8010 11 2
v 8011 7 1
v 8012 11 1
v 8013 9 1
v 8014 12 1
v 8015 2 7
v 8016 0 3
v 8017 14 2
v 8018 4 1
v 8019 6 3
v 8020 9 2
v 8021 7 4
v 8022 10 1
v 8023 7 3
v 8024 9 1
v 8025 11 2
v 8026 12 1
v 8027 6 3
v 8028 5 2
v 8029 12 3
v 8030 10 3
v 8031 13 3
v 8032 8 1
v 8033 3 1
v 8034 13 2
v 8035 1 2
v 8036 4 1
v 8037 13 1
v 8038 8 2
v 8039 8 1
v 8040 3 1
v 8041 5 1
v 8042 14 2
v 8043 13 5
v 8044 11 4
v 8045 4 1
v 8046 3 1
v 8047 13 1
v 8048 8 1
v 8049 6 1
v 8050 4 1
v 8051 4 1
v 8052 12 1
v 8053 6 1
v 8054 5 1
v 8055 11 1
v 8056 5 1
v 8057 13 1
v 8058 13 4
v 8059 3 2
v 8060 13 3
v 8061 1 1
v 8062 4 1
v 8063 4 3
v 8064 3 3
v 8065 1 1
v 8066 3 6
v 8067 6 1
v 8068 8 5
v 8069 2 3
v 8070 5 1
v 8071 3 1
v 8072 6 1
v 8073 12 2
v 8074 7 2
v 8075 13 4
v 8076 13 4
v 8077 3 2
v 8078 4 1
v 8079 8 3
v 8080 5 3
v 8081 6 2
v 8082 13 1
v 8083 1 5
v 8084 9 6
v 8085 7 3
v 8086 7 2
v 8087 10 2
v 8088 1 3
v 8089 2 2
v 8090 10 1
v 8091 1 3
v 8092 12 1
v 8093 8 1
v 8094 12 3
v 8095 4 4
v 8096 4 1
v 8097 0 1
v 8098 6 1
v 8099 6 2
v 8100 3 1
v 8101 0 1
v 8102 9 1
v 8103 2 2
v 8104 12 1
v 8105 0 1
v 8106 6 1
v 8107 6 1
v 8108 5 4
v 8109 14 5
v 8110 6 2
v 8111 12 2
v 8112 11 2
v 8113 6 1
v 8114 0 2
v 8115 4 1
v 8116 14 5
v 8117 7 1
v 8118 10 1
v 8119 9 2
v 8120 9 3
v 8121 0 3
v 8122 14 1
v 8123 1 1
v 8124 0 1
v 8125 2 1
v 8126 9 1
v 8127 8 5
v 8128 3 1
v 8129 2 1
v 8130 14 1
v 8131 13 1
v 8132 11 2
v 8133 5 4
v 8134 6 2
v 8135 2 1
v 8136 8 2
v 8137 4 2
v 8138 14 1
v 8139 12 1
v 8140 14 1
v 8141 7 1
v 8142 3 1
v 8143 10 2
v 8144 1 1
v 8145 4 2
v 8146 2 3
v 8147 9 1
v 8148 3 1
v 8149 3 2
v 8150 2 2
v 8151 0 2
v 8152 14 1
v 8153 11 2
v 8154 0 2
v 8155 7 3
v 8156 4 1
v 8157 4 1
v 8158 11 1
v 8159 8 1
v 8160 0 1
v 8161 6 1
v 8162 7 1
v 8163 12 1
v 8164 9 1
v 8165 12 1
v 8166 10 1
v 8167 2 1
v 8168 0 1
v 8169 2 2
v 8170 10 1
v 8171 13 1
v 8172 0 1
v 8173 8 1
v 8174 6 1
v 8175 5 1
v 8176 1 1
v 8177 13 1
v 8178 5 1
v 8179 0 1
v 8180 10 1
v 8181 14 1
v 8182 7 1
v 8183 11 3
v 8184 8 1
v 8185 3 2
v 8186 4 3
v 8187 6 1
v 8188 0 1
v 8189 6 2
v 8190 13 1
v 8191 7 1
v 8192 7 1
v 8193 2 1
v 8194 13 2
v 8195 3 4
v 8196 10 1
v 8197 1 1
v 8198 13 2
v 8199 8 1
v 8200 8 3
v 8201 1 1
v 8202 8 2
v 8203 3 1
v 8204 10 1
v 8205 12 1
v 8206 11 1
v 8207 13 1
v 8208 11 3
v 8209 13 2
v 8210 8 2
v 8211 14 2
v 8212 6 1
v 8213 5 1
v 8214 4 2
v 8215 3 1
v 8216 11 1
v 8217 9 2
v 8218 0 2
v 8219 5 1
v 8220 10 1
v 8221 4 1
v 8222 14 2
v 8223 1 1
v 8224 14 1
v 8225 11 2
v 8226 12 1
v 8227 9 1
v 8228 9 1
v 8229 13 1
v 8230 12 1
v 8231 2 1
v 8232 1 1
v 8233 7 1
v 8234 12 1
v 8235 0 2
v 8236 7 2
v 8237 5 2
v 8238 4 1
v 8239 6 2
v 8240 14 2
v 8241 2 1
v 8242 0 2
v 8243 11 1
v 8244 8 1
v 8245 2 1
v 8246 13 1
v 8247 2 1
v 8248 6 2
v 8249 11 1
v 8250 11 1
v 8251 14 1
v 8252 11 4
v 8253 14 3
v 8254 12 3
v 8255 13 1
v 8256 11 1
v 8257 3 1
v 8258 4 1
v 8259 9 1
v 8260 8 1
v 8261 9 5
v 8262 0 2
v 8263 0 1
v 8264 3 5
v 8265 0 7
v 8266 9 1
v 8267 12 1
v 8268 13 1
v 8269 10 1
v 8270 12 1
v 8271 5 1
v 8272 12 2
v 8273 4 2
v 8274 7 1
v 8275 12 1
v 8276 11 1
v 8277 9 1
v 8278 4 1
v 8279 4 1
v 8280 8 2
v 8281 5 3
v 8282 5 1
v 8283 2 3
v 8284 1 3
v 8285 10 1
v 8286 7 1
v 8287 8 1
v 8288 1 2
v 8289 13 2
v 8290 11 1
v 8291 1 2
v 8292 2 1
v 8293 2 3
v 8294 5 2
v 8295 6 1
v 8296 3 2
v 8297 8 3
v 8298 4 3
v 8299 11 2
v 8300 5 2
v 8301 10 1
v 8302 5 1
v 8303 4 1
v 8304 8 1
v 8305 13 1
v 8306 11 1
v 8307 0 1
v 8308 8 1
v 8309 12 1
v 8310 14 1
v 8311 14 1
v 8312 1 1
v 8313 10 2
v 8314 6 1
v 8315 10 1
v 8316 14 1
v 8317 1 1
v 8318 9 1
v 8319 13 1
v 8320 11 1
v 8321 6 1
v 8322 7 1
v 8323 12 1
v 8324 1 1
v 8325 11 2
v 8326 1 2
v 8327 11 1
v 8328 7 2
v 8329 13 1
v 8330 10 1
v 8331 2 1
v 8332 6 1
v 8333 11 1
v 8334 2 4
v 8335 6 2
v 8336 13 1
v 8337 8 1
v 8338 0 1
v 8339 5 1
v 8340 6 1
v 8341 4 2
v 8342 4 1
v 8343 2 1
v 8344 1 1
v 8345 10 1
v 8346 9 4
v 8347 7 1
v 8348 8 2
v 8349 14 2
v 8350 5 2
v 8351 14 2
v 8352 12 1
v 8353 9 1
v 8354 3 2
v 8355 8 1
v 8356 10 1
v 8357 12 2
v 8358 10 1
v 8359 10 2
v 8360 14 1
v 8361 0 2
v 8362 13 1
v 8363 3 1
v 8364 7 1
v 8365 11 1
v 8366 11 1
v 8367 10 1
v 8368 8 1
v 8369 6 1
v 8370 2 2
v 8371 8 1
v 8372 8 3
v 8373 0 2
v 8374 11 1
v 8375 3 3
v 8376 14 1
v 8377 4 1
v 8378 8 1
v 8379 3 1
v 8380 4 4
v 8381 0 2
v 8382 8 1
v 8383 5 1
v 8384 11 2
v 8385 11 1
v 8386 4 1
v 8387 6 1
v 8388 2 1
v 8389 0 1
v 8390 3 1
v 8391 9 2
v 8392 4 2
v 8393 13 3
v 8394 3 1
v 8395 7 1
v 8396 4 4
v 8397 0 2
v 8398 0 1
v 8399 6 4
v 8400 6 1
v 8401 8 2
v 8402 11 1
v 8403 0 1
v 8404 11 1
v 8405 2 1
v 8406 10 5
v 8407 1 3
v 8408 5 3
v 8409 6 3
v 8410 3 2
v 8411 13 1
v 8412 12 1
v 8413 4 1
v 8414 12 2
v 8415 6 3
v 8416 8 1
v 8417 5 1
v 8418 9 1
v 8419 2 3
v 8420 11 2
v 8421 1 1
v 8422 5 1
v 8423 3 1
v 8424 10 2
v 8425 0 2
v 8426 6 1
v 8427 13 1
v 8428 12 1
v 8429 6 1
v 8430 4 2
v 8431 5 1
v 8432 3 1
v 8433 8 3
v 8434 11 1
v 8435 12 1
v 8436 3 2
v 8437 9 2
v 8438 9 1
v 8439 9 1
v 8440 0 1
v 8441 12 2
v 8442 7 1
v 8443 12 1
v 8444 3 1
v 8445 3 1
v 8446 4 1
v 8447 2 3
v 8448 13 2
v 8449 2 2
v 8450 7 1
v 8451 3 1
v 8452 0 1
v 8453 1 1
v 8454 3 2
v 8455 6 1
v 8456 6 2
v 8457 6 2
v 8458 10 1
v 8459 12 2
v 8460 0 6
v 8461 2 3
v 8462 9 4
v 8463 4 4
v 8464 11 7
v 8465 12 5
v 8466 14 1
v 8467 4 2
v 8468 10 1
v 8469 0 1
v 8470 9 2
v 8471 3 1
v 8472 4 1
v 8473 7 1
v 8474 6 1
v 8475 1 1
v 8476 9 4
v 8477 10 2
v 8478 12 1
v 8479 11 1
v 8480 5 1
v 8481 1 3
v 8482 10 2
v 8483 7 2
v 8484 5 1
v 8485 3 1
v 8486 9 1
v 8487 9 1
v 8488 0 1
v 8489 12 1
v 8490 1 1
v 8491 5 2
v 8492 10 1
v 8493 7 2
v 8494 13 1
v 8495 3 1
v 8496 4 2
v 8497 4 1
v 8498 11 1
v 8499 1 1
v 8500 12 1
v 8501 0 1
v 8502 1 2
v 8503 13 1
v 8504 10 1
v 8505 9 3
v 8506 6 1
v 8507 13 2
v 8508 3 2
v 8509 7 2
v 8510 3 1
v 8511 7 2
v 8512 13 2
v 8513 8 1
v 8514 10 1
v 8515 11 2
v 8516 6 2
v 8517 8 3
v 8518 7 1
v 8519 2 2
v 8520 2 3
v 8521 0 2
v 8522 8 2
v 8523 7 1
v 8524 1 1
v 8525 13 3
v 8526 6 1
v 8527 10 1
v 8528 14 1
v 8529 11 1
v 8530 5 1
v 8531 11 1
v 8532 2 1
v 8533 1 2
v 8534 9 1
v 8535 12 1
v 8536 9 2
v 8537 5 2
v 8538 7 1
v 8539 9 1
v 8540 3 3
v 8541 11 1
v 8542 7 6
v 8543 10 1
v 8544 12 1
v 8545 6 1
v 8546 0 1
v 8547 2 5
v 8548 4 1
v 8549 4 1
v 8550 8 2
v 8551 4 2
v 8552 13 1
v 8553 10 2
v 8554 6 4
v 8555 14 3
v 8556 12 1
v 8557 9 1
v 8558 0 1
v 8559 10 2
v 8560 7 1
v 8561 1 1
v 8562 7 1
v 8563 4 1
v 8564 11 2
v 8565 7 1
v 8566 10 1
v 8567 8 1
v 8568 5 2
v 8569 14 1
v 8570 7 1
v 8571 9 1
v 8572 1 1
v 8573 10 1
v 8574 4 1
v 8575 3 1
v 8576 12 3
v 8577 14 1
v 8578 6 1
v 8579 7 2
v 8580 5 4
v 8581 7 1
v 8582 10 1
v 8583 2 1
v 8584 12 1
v 8585 11 1
v 8586 7 1
v 8587 14 1
v 8588 5 1
v 8589 1 1
v 8590 4 2
v 8591 10 1
v 8592 9 1
v 8593 3 1
v 8594 9 1
v 8595 2 1
v 8596 10 1
v 8597 8 1
v 8598 4 1
v 8599 10 1
v 8600 1 1
v 8601 2 1
v 8602 11 1
v 8603 0 3
v 8604 13 4
v 8605 8 2
v 8606 9 2
v 8607 11 4
v 8608 12 2
v 8609 10 2
v 8610 11 2
v 8611 14 2
v 8612 8 1
v 8613 7 1
v 8614 12 1
v 8615 8 1
v 8616 7 1
v 8617 4 1
v 8618 2 1
v 8619 0 1
v 8620 13 1
v 8621 10 1
v 8622 14 1
v 8623 14 1
v 8624 6 1
v 8625 5 1
v 8626 4 1
v 8627 6 1
v 8628 0 2
v 8629 11 1
v 8630 14 3
v 8631 0 1
v 8632 0 1
v 8633 3 1
v 8634 6 3
v 8635 12 4
v 8636 10 1
v 8637 1 1
v 8638 0 5
v 8639 6 1
v 8640 7 3
v 8641 9 1
v 8642 3 1
v 8643 1 2
v 8644 4 1
v 8645 0 2
v 8646 2 1
v 8647 7 1
v 8648 9 1
v 8649 0 1
v 8650 1 2
v 8651 0 1
v 8652 4 1
v 8653 2 3
v 8654 7 1
v 8655 12 1
v 8656 2 2
v 8657 14 2
v 8658 13 1
v 8659 3 1
v 8660 3 1
v 8661 10 1
v 8662 3 1
v 8663 14 1
v 8664 8 1
v 8665 10 1
v 8666 0 1
v 8667 0 1
v 8668 12 1
v 8669 7 1
v 8670 7 1
v 8671 5 2
v 8672 2 2
v 8673 10 1
v 8674 1 1
v 8675 0 1
v 8676 13 1
v 8677 10 1
v 8678 9 1
v 8679 0 1
v 8680 14 1
v 8681 0 2
v 8682 10 1
v 8683 3 1
v 8684 13 1
v 8685 6 1
v 8686 12 1
v 8687 12 1
v 8688 4 2
v 8689 12 2
v 8690 0 3
v 8691 7 1
v 8692 4 2
v 8693 12 1
v 8694 14 2
v 8695 1 2
v 8696 8 1
v 8697 2 1
v 8698 1 1
v 8699 5 1
v 8700 11 1
v 8701 5 1
v 8702 10 1
v 8703 8 1
v 8704 13 1
v 8705 10 2
v 8706 3 1
v 8707 13 1
v 8708 8 1
v 8709 10 1
v 8710 9 4
v 8711 14 1
v 8712 12 1
v 8713 9 1
v 8714 12 1
v 8715 3 1
v 8716 8 1
v 8717 8 1
v 8718 4 2
v 8719 8 4
v 8720 3 1
v 8721 2 1
v 8722 2 1
v 8723 5 1
v 8724 1 1
v 8725 1 1
v 8726 4 1
v 8727 6 1
v 8728 14 1
v 8729 6 1
v 8730 8 1
v 8731 4 1
v 8732 8 1
v 8733 2 1
v 8734 1 7
v 8735 5 1
v 8736 6 1
v 8737 1 1
v 8738 13 1
v 8739 14 1
v 8740 2 1
v 8741 13 1
v 8742 0 1
v 8743 6 8
v 8744 8 4
v 8745 0 1
v 8746 9 1
v 8747 4 2
v 8748 14 1
v 8749 10 2
v 8750 11 1
v 8751 9 1
v 8752 11 1
v 8753 5 1
v 8754 3 1
v 8755 12 1
v 8756 0 1
v 8757 0 2
v 8758 14 1
v 8759 0 1
v 8760 0 1
v 8761 3 2
v 8762 12 1
v 8763 13 1
v 8764 5 1
v 8765 1 1
v 8766 10 1
v 8767 11 1
v 8768 13 1
v 8769 10 1
v 8770 11 1
v 8771 1 1
v 8772 4 3
v 8773 4 1
v 8774 7 1
v 8775 0 1
v 8776 12 1
v 8777 1 1
v 8778 6 1
v 8779 3 1
v 8780 4 1
v 8781 4 1
v 8782 14 1
v 8783 12 1
v 8784 9 1
v 8785 9 1
v 8786 11 1
v 8787 10 2
v 8788 11 2
v 8789 1 2
v 8790 14 1
v 8791 2 1
v 8792 8 2
v 8793 1 1
v 8794 5 1
v 8795 5 1
v 8796 14 1
v 8797 12 1
v 8798 4 1
v 8799 14 3
v 8800 5 1
v 8801 0 3
v 8802 1 1
v 8803 6 1
v 8804 4 1
v 8805 12 2
v 8806 5 1
v 8807 4 1
v 8808 13 1
v 8809 14 1
v 8810 0 1
v 8811 2 1
v 8812 7 1
v 8813 5 1
v 8814 3 1
v 8815 3 1
v 8816 1 1
v 8817 6 1
v 8818 5 2
v 8819 8 1
v 8820 10 1
v 8821 1 1
v 8822 2 1
v 8823 2 1
v 8824 10 2
v 8825 9 1
v 8826 3 1
v 8827 13 1
v 8828 8 4
v 8829 1 1
v 8830 4 1
v 8831 11 1
v 8832 8 1
v 8833 12 4
v 8834 12 1
v 8835 6 1
v 8836 0 2
v 8837 10 1
v 8838 5 1
v 8839 3 2
v 8840 7 1
v 8841 9 1
v 8842 9 1
v 8843 3 1
v 8844 7 1
v 8845 8 1
v 8846 1 3
v 8847 14 2
v 8848 7 2
v 8849 14 2
v 8850 3 2
v 8851 5 2
v 8852 13 1
v 8853 9 1
v 8854 5 1
v 8855 5 1
v 8856 11 3
v 8857 11 6
v 8858 13 6
v 8859 9 8
v 8860 9 6
v 8861 14 4
v 8862 13 6
v 8863 12 6
v 8864 0 3
v 8865 13 1
v 8866 14 1
v 8867 6 1
v 8868 12 2
v 8869 14 5
v 8870 10 1
v 8871 11 4
v 8872 1 3
v 8873 5 1
v 8874 6 1
v 8875 6 1
v 8876 5 1
v 8877 3 1
v 8878 2 1
v 8879 13 1
v 8880 14 1
v 8881 5 1
v 8882 14 1
v 8883 6 1
v 8884 6 1
v 8885 11 2
v 8886 8 1
v 8887 14 1
v 8888 4 3
v 8889 11 2
v 8890 13 1
v 8891 11 1
v 8892 10 1
v 8893 3 1
v 8894 12 1
v 8895 3 1
v 8896 1 1
v 8897 12 1
v 8898 6 1
v 8899 13 1
v 8900 3 1
v 8901 2 1
v 8902 3 1
v 8903 0 1
v 8904 5 3
v 8905 12 1
v 8906 13 1
v 8907 6 1
v 8908 10 1
v 8909 1 2
v 8910 14 2
v 8911 13 1
v 8912 1 1
v 8913 12 1
v 8914 9 1
v 8915 8 2
v 8916 9 1
v 8917 0 1
v 8918 5 3
v 8919 2 1
v 8920 2 2
v 8921 5 3
v 8922 7 1
v 8923 6 2
v 8924 5 2
v 8925 4 1
v 8926 14 1
v 8927 12 1
v 8928 4 1
v 8929 5 1
v 8930 6 1
v 8931 11 1
v 8932 2 1
v 8933 7 1
v 8934 10 1
v 8935 2 1
v 8936 10 1
v 8937 7 1
v 8938 2 1
v 8939 6 1
v 8940 8 2
v 8941 10 1
v 8942 5 1
v 8943 5 1
v 8944 1 2
v 8945 0 2
v 8946 14 1
v 8947 14 1
v 8948 11 1
v 8949 2 1
v 8950 11 1
v 8951 5 1
v 8952 5 1
v 8953 10 1
v 8954 3 2
v 8955 1 1
v 8956 11 2
v 8957 14 2
v 8958 4 2
v 8959 5 1
v 8960 9 4
v 8961 0 3
v 8962 1 1
v 8963 11 1
v 8964 7 1
v 8965 13 1
v 8966 10 1
v 8967 8 1
v 8968 13 2
v 8969 10 1
v 8970 9 2
v 8971 3 1
v 8972 0 1
v 8973 7 1
v 8974 7 1
v 8975 1 1
v 8976 3 1
v 8977 1 1
v 8978 3 1
v 8979 3 1
v 8980 14 2
v 8981 10 1
v 8982 12 2
v 8983 14 1
v 8984 9 2
v 8985 3 1
v 8986 5 1
v 8987 5 1
v 8988 0 1
v 8989 4 1
v 8990 11 1
v 8991 4 1
v 8992 13 1
v 8993 10 1
v 8994 0 1
v 8995 5 1
v 8996 9 1
v 8997 0 2
v 8998 5 4
v 8999 2 3
v 9000 6 2
v 9001 1 2
v 9002 11 1
v 9003 10 1
v 9004 6 1
v 9005 14 2
v 9006 8 1
v 9007 14 1
v 9008 11 2
v 9009 2 2
v 9010 10 2
v 9011 7 1
v 9012 7 1
v 9013 8 1
v 9014 10 1
v 9015 10 1
v 9016 5 1
v 9017 0 3
v 9018 5 3
v 9019 0 1
v 9020 1 1
v 9021 7 1
v 9022 7 2
v 9023 11 1
v 9024 0 1
v 9025 3 1
v 9026 8 1
v 9027 0 1
v 9028 10 1
v 9029 1 1
v 9030 14 1
v 9031 6 2
v 9032 1 1
v 9033 6 1
v 9034 2 1
v 9035 13 1
v 9036 7 1
v 9037 9 2
v 9038 9 1
v 9039 14 1
v 9040 4 1
v 9041 9 1
v 9042 6 1
v 9043 0 1
v 9044 13 1
v 9045 13 1
v 9046 8 1
v 9047 0 1
v 9048 9 1
v 9049 3 2
v 9050 14 1
v 9051 2 1
v 9052 9 2
v 9053 2 2
v 9054 7 1
v 9055 2 2
v 9056 7 2
v 9057 3 2
v 9058 0 2
v 9059 8 1
v 9060 12 2
v 9061 0 2
v 9062 14 1
v 9063 8 1
v 9064 7 1
v 9065 14 1
v 9066 7 1
v 9067 6 1
v 9068 4 2
v 9069 13 5
v 9070 10 1
v 9071 12 1
v 9072 14 1
v 9073 13 1
v 9074 7 1
v 9075 5 1
v 9076 9 2
v 9077 9 1
v 9078 8 1
v 9079 10 1
v 9080 10 1
v 9081 1 1
v 9082 12 1
v 9083 2 1
v 9084 9 1
v 9085 10 1
v 9086 10 1
v 9087 11 1
v 9088 10 1
v 9089 0 1
v 9090 7 2
v 9091 7 1
v 9092 14 1
v 9093 7 1
v 9094 4 1
v 9095 6 1
v 9096 3 1
v 9097 12 1
v 9098 12 1
v 9099 0 1
v 9100 0 1
v 9101 11 1
v 9102 14 1
v 9103 11 1
v 9104 5 1
v 9105 6 1
v 9106 7 1
v 9107 3 1
v 9108 9 1
v 9109 9 2
v 9110 0 1
v 9111 8 1
v 9112 10 1
v 9113 3 1
v 9114 9 1
v 9115 12 1
v 9116 5 1
v 9117 14 1
v 9118 3 1
v 9119 11 1
v 9120 2 1
v 9121 12 1
v 9122 4 1
v 9123 8 1
v 9124 8 2
v 9125 11 1
v 9126 2 1
v 9127 6 1
v 9128 13 1
v 9129 14 1
v 9130 9 1
v 9131 14 1
v 9132 1 1
v 9133 11 5
v 9134 4 1
v 9135 6 1
v 9136 3 1
v 9137 1 1
v 9138 9 2
v 9139 14 2
v 9140 5 1
v 9141 13 1
v 9142 6 1
v 9143 2 1
v 9144 12 1
v 9145 12 1
v 9146 10 1
v 9147 13 1
v 9148 6 1
v 9149 12 1
v 9150 8 1
v 9151 7 1
v 9152 14 1
v 9153 1 2
v 9154 4 1
v 9155 6 1
v 9156 5 1
v 9157 12 1
v 9158 13 1
v 9159 5 1
v 9160 14 1
v 9161 13 1
v 9162 12 1
v 9163 6 1
v 9164 5 1
v 9165 13 1
v 9166 12 1
v 9167 6 1
v 9168 10 1
v 9169 4 1
v 9170 0 1
v 9171 3 1
v 9172 14 1
v 9173 7 1
v 9174 5 1
v 9175 3 1
v 9176 1 1
v 9177 5 1
v 9178 0 1
v 9179 6 1
v 9180 13 1
v 9181 14 1
v 9182 6 1
v 9183 3 1
v 9184 9 1
v 9185 6 2
v 9186 3 1
v 9187 14 1
v 9188 10 1
v 9189 10 1
v 9190 14 1
v 9191 11 1
v 9192 11 1
v 9193 10 1
v 9194 10 3
v 9195 6 2
v 9196 5 1
v 9197 1 1
v 9198 0 1
v 9199 3 1
v 9200 10 1
v 9201 4 1
v 9202 1 1
v 9203 3 1
v 9204 4 1
v 9205 14 1
v 9206 1 1
v 9207 3 1
v 9208 2 1
v 9209 3 1
v 9210 9 1
v 9211 11 1
v 9212 12 1
v 9213 6 1
v 9214 10 1
v 9215 5 1
v 9216 4 1
v 9217 14 1
v 9218 13 1
v 9219 2 1
v 9220 3 1
v 9221 10 1
v 9222 8 1
v 9223 7 2
v 9224 0 1
v 9225 12 1
v 9226 2 1
v 9227 7 1
v 9228 10 1
v 9229 9 1
v 9230 1 1
v 9231 0 1
v 9232 4 1
v 9233 13 1
v 9234 7 1
v 9235 11 1
v 9236 4 1
v 9237 3 1
v 9238 8 2
v 9239 8 1
v 9240 2 1
v 9241 10 1
v 9242 13 1
v 9243 13 1
v 9244 10 1
v 9245 5 1
v 9246 4 1
v 9247 2 1
v 9248 2 1
v 9249 12 2
v 9250 5 1
v 9251 6 1
v 9252 11 1
v 9253 4 1
v 9254 5 1
v 9255 7 1
v 9256 7 1
v 9257 13 1
v 9258 6 1
v 9259 2 2
v 9260 9 1
v 9261 7 1
v 9262 3 1
v 9263 4 1
v 9264 12 1
v 9265 6 1
v 9266 10 1
v 9267 13 1
v 9268 6 1
v 9269 7 2
v 9270 0 1
v 9271 5 3
v 9272 14 1
v 9273 12 1
v 9274 13 1
v 9275 7 1
v 9276 5 1
v 9277 10 1
v 9278 0 1
v 9279 5 1
v 9280 7 1
v 9281 5 1
v 9282 10 1
v 9283 10 1
v 9284 7 1
v 9285 14 1
v 9286 1 1
v 9287 1 1
v 9288 13 1
v 9289 11 1
v 9290 13 1
v 9291 8 1
v 9292 4 1
v 9293 10 1
v 9294 14 1
v 9295 4 1
v 9296 9 1
v 9297 6 1
v 9298 13 1
v 9299 5 1
v 9300 14 1
v 9301 10 1
v 9302 10 1
e 0 1
e 0 2
e 0 3
e 0 4
e 0 5
e 0 6
e 0 7
e 0 8
e 0 9
e 0 10
e 0 11
e 0 12
e 0 13
e 0 14
e 0 15
e 0 16
e 0 17
e 0 18
e 0 19
e 0 20
e 0 21
e 0 22
e 0 23
e 0 24
e 0 25
e 0 26
e 0 27
e 0 28
e 0 29
e 0 30
e 0 31
e 0 32
e 0 33
e 0 34
e 0 35
e 0 36
e 0 37
e 0 38
e 0 39
e 0 40
e 0 41
e 0 42
e 0 43
e 0 44
e 0 45
e 0 46
e 0 47
e 0 48
e 0 49
e 0 50
e 0 51
e 0 52
e 0 53
e 0 54
e 0 55
e 0 56
e 0 57
e 0 58
e 0 59
e 0 60
e 0 61
e 0 62
e 0 63
e 0 64
e 0 65
e 0 66
e 0 67
e 0 68
e 0 69
e 0 70
e 0 71
e 0 72
e 0 73
e 0 74
e 0 75
e 0 76
e 0 77
e 0 78
e 0 79
e 0 80
e 0 81
e 0 82
e 0 83
e 0 84
e 0 85
e 0 86
e 0 87
e 0 88
e 0 89
e 0 90
e 0 91
e 0 92
e 0 93
e 0 94
e 0 95
e 0 96
e 0 97
e 0 98
e 0 99
e 0 100
e 0 101
e 0 102
e 0 103
e 0 104
e 0 105
e 0 106
e 0 107
e 0 108
e 0 109
e 0 110
e 0 111
e 0 112
e 0 113
e 0 114
e 0 115
e 0 116
e 0 117
e 0 118
e 0 119
e 0 120
e 0 121
e 0 122
e 0 123
e 0 124
e 0 125
e 0 126
e 0 127
e 0 128
e 0 129
e 0 130
e 0 131
e 0 132
e 0 133
e 0 134
e 0 135
e 0 136
e 0 137
e 0 138
e 0 139
e 0 140
e 0 141
e 0 142
e 0 143
e 0 144
e 0 145
e 0 146
e 0 147
e 0 148
e 0 149
e 0 150
e 1 20
e 1 31
e 1 46
e 1 49
e 1 68
e 1 80
e 1 93
e 1 98
e 1 151
e 1 152
e 1 153
e 1 154
e 1 155
e 1 156
e 1 157
e 1 158
e 1 159
e 1 160
e 1 161
e 1 162
e 1 163
e 1 164
e 1 165
e 1 166
e 1 167
e 1 168
e 1 169
e 1 170
e 1 171
e 1 172
e 1 173
e 1 174
e 1 175
e 1 176
e 1 177
e 1 178
e 1 179
e 1 180
e 1 181
e 1 182
e 1 183
e 1 184
e 1 185
e 1 186
e 1 187
e 1 188
e 1 189
e 1 190
e 1 191
e 1 192
e 1 193
e 1 194
e 1 195
e 1 196
e 1 197
e 1 198
e 1 199
e 1 200
e 1 201
e 1 202
e 1 203
e 1 204
e 1 205
e 1 206
e 1 207
e 1 208
e 1 209
e 1 210
e 1 211
e 1 212
e 1 213
e 1 214
e 1 215
e 1 216
e 1 217
e 1 218
e 1 219
e 1 220
e 1 221
e 1 222
e 1 223
e 1 224
e 1 225
e 1 226
e 1 227
e 1 228
e 1 229
e 1 230
e 1 231
e 1 232
e 1 233
e 1 234
e 1 235
e 1 236
e 1 237
e 1 238
e 1 239
e 1 240
e 1 241
e 1 242
e 1 243
e 1 244
e 1 245
e 1 246
e 1 247
e 1 248
e 1 249
e 1 250
e 1 251
e 2 3
e 2 4
e 2 6
e 2 7
e 2 9
e 2 10
e 2 20
e 2 24
e 2 33
e 2 41
e 2 49
e 2 54
e 2 59
e 2 71
e 2 73
e 2 74
e 2 75
e 2 82
e 2 91
e 2 104
e 2 107
e 2 153
e 2 174
e 2 291
e 2 312
e 2 322
e 2 401
e 2 405
e 2 406
e 2 415
e 2 607
e 2 715
e 2 824
e 2 876
e 2 877
e 2 879
e 2 880
e 2 884
e 2 885
e 2 897
e 2 898
e 2 925
e 2 926
e 2 944
e 2 956
e 2 961
e 2 970
e 2 980
e 2 1000
e 2 1002
e 2 1007
e 2 1013
e 2 1018
e 2 1036
e 2 1041
e 2 1046
e 2 1056
e 2 1058
e 2 1063
e 2 1080
e 2 1105
e 2 1140
e 2 1177
e 2 1184
e 2 1191
e 2 1192
e 2 1196
e 2 1197
e 2 1198
e 2 1208
e 2 1209
e 2 1210
e 2 1211
e 2 1212
e 2 1213
e 2 1214
e 2 1215
e 2 1216
e 2 1217
e 2 1218
e 2 1219
e 2 1220
e 2 1221
e 2 1222
e 2 1223
e 2 1224
e 2 1225
e 2 1226
e 2 1227
e 2 1228
e 2 1229
e 2 1230
e 2 1231
e 2 1232
e 2 1233
e 2 1234
e 2 1235
e 2 1236
e 2 1237
e 2 1238
e 2 1239
e 2 1240
e 2 1241
e 2 1242
e 2 1243
e 2 1244
e 2 1245
e 2 1246
e 2 1247
e 2 1248
e 2 1249
e 2 1250
e 2 1251
e 2 1252
e 2 1253
e 2 1254
e 2 1255
e 2 1256
e 2 1257
e 2 1258
e 2 1259
e 2 1260
e 2 1261
e 2 1262
e 2 1263
e 2 1264
e 2 1265
e 2 1266
e 2 1267
e 2 1268
e 2 1269
e 2 1270
e 2 1271
e 2 1272
e 2 1273
e 2 1274
e 2 1275
e 2 1276
e 2 1277
e 2 1278
e 2 1279
e 2 1280
e 2 1281
e 2 1282
e 2 1283
e 2 1284
e 2 1285
e 2 1286
e 2 1287
e 2 1288
e 2 1289
e 2 1290
e 2 1291
e 2 1292
e 2 1293
e 2 1294
e 2 1295
e 2 1296
e 2 1297
e 2 1298
e 2 1299
e 2 1300
e 2 1301
e 2 1302
e 2 1303
e 2 1304
e 2 1305
e 2 1306
e 2 1307
e 2 1308
e 2 1309
e 2 1310
e 2 1311
e 2 1312
e 2 1313
e 2 1314
e 2 1315
e 2 1316
e 2 1317
e 2 1318
e 2 1319
e 2 1320
e 2 1321
e 2 1322
e 2 1323
e 2 1324
e 2 1325
e 2 1326
e 2 1327
e 2 1328
e 2 1329
e 2 1330
e 2 1331
e 2 1332
e 2 1333
e 2 1334
e 2 1335
e 3 7
e 3 10
e 3 41
e 3 64
e 3 104
e 3 869
e 3 877
e 3 878
e 3 880
e 3 945
e 3 989
e 3 1000
e 3 1184
e 3 1505
e 3 1506
e 3 1507
e 3 1508
e 4 7
e 4 9
e 4 10
e 4 15
e 4 20
e 4 22
e 4 39
e 4 40
e 4 41
e 4 49
e 4 52
e 4 162
e 4 164
e 4 322
e 4 368
e 4 388
e 4 393
e 4 401
e 4 403
e 4 406
e 4 407
e 4 408
e 4 426
e 4 571
e 4 581
e 4 607
e 4 643
e 4 665
e 4 871
e 4 955
e 4 956
e 4 1001
e 4 1018
e 4 1031
e 4 1034
e 4 1039
e 4 1040
e 4 1041
e 4 1042
e 4 1046
e 4 1052
e 4 1062
e 4 1064
e 4 1078
e 4 1084
e 4 1099
e 4 1191
e 4 1192
e 4 1195
e 4 1197
e 4 1220
e 4 1221
e 4 1237
e 4 1238
e 4 1239
e 4 1384
e 4 1409
e 4 1410
e 4 1417
e 4 1450
e 4 1457
e 4 1541
e 4 1588
e 4 1610
e 4 1611
e 4 1657
e 4 1685
e 4 1686
e 4 1687
e 4 1688
e 4 1689
e 4 1690
e 4 1691
e 4 1692
e 4 1693
e 4 1694
e 4 1695
e 4 1696
e 4 1697
e 4 1698
e 4 1699
e 4 1700
e 4 1701
e 4 1702
e 4 1703
e 4 1704
e 4 1705
e 4 1706
e 4 1707
e 4 1708
e 4 1709
e 4 1710
e 4 1711
e 4 1712
e 4 1713
e 4 1714
e 4 1715
e 4 1716
e 4 1717
e 4 1718
e 5 297
e 6 7
e 6 10
e 6 15
e 6 18
e 6 20
e 6 181
e 6 326
e 6 401
e 6 416
e 6 783
e 6 871
e 6 878
e 6 891
e 6 915
e 6 1034
e 6 1056
e 6 1177
e 6 1178
e 6 1192
e 6 1195
e 6 1241
e 6 1368
e 6 1411
e 6 1459
e 6 1735
e 6 1761
e 6 2218
e 6 2219
e 6 2220
e 6 2221
e 6 2222
e 6 2223
e 6 2224
e 6 2225
e 6 2226
e 6 2227
e 6 2228
e 6 2229
e 6 2230
e 6 2231
e 6 2232
e 7 9
e 7 10
e 7 14
e 7 15
e 7 20
e 7 22
e 7 33
e 7 36
e 7 38
e 7 41
e 7 49
e 7 57
e 7 82
e 7 83
e 7 283
e 7 337
e 7 404
e 7 405
e 7 415
e 7 607
e 7 629
e 7 643
e 7 661
e 7 662
e 7 667
e 7 715
e 7 861
e 7 869
e 7 876
e 7 880
e 7 945
e 7 1005
e 7 1018
e 7 1049
e 7 1061
e 7 1062
e 7 1063
e 7 1082
e 7 1087
e 7 1118
e 7 1182
e 7 1191
e 7 1192
e 7 1194
e 7 1195
e 7 1198
e 7 1213
e 7 1233
e 7 1235
e 7 1238
e 7 1242
e 7 1247
e 7 1248
e 7 1266
e 7 1270
e 7 1271
e 7 1274
e 7 1282
e 7 1283
e 7 1303
e 7 1306
e 7 1307
e 7 1346
e 7 1349
e 7 1384
e 7 1412
e 7 1413
e 7 1423
e 7 1454
e 7 1472
e 7 1505
e 7 1526
e 7 1607
e 7 1702
e 7 1711
e 7 1754
e 7 1764
e 7 1805
e 7 2057
e 7 2267
e 7 2268
e 7 2269
e 7 2270
e 7 2271
e 7 2272
e 7 2273
e 7 2274
e 7 2275
e 7 2276
e 7 2277
e 7 2278
e 7 2279
e 7 2280
e 7 2281
e 7 2282
e 7 2283
e 7 2284
e 7 2285
e 7 2286
e 7 2287
e 7 2288
e 7 2289
e 7 2290
e 8 9
e 8 12
e 8 15
e 8 20
e 8 28
e 8 40
e 8 41
e 8 49
e 8 59
e 8 93
e 8 322
e 8 327
e 8 329
e 8 352
e 8 371
e 8 415
e 8 416
e 8 420
e 8 461
e 8 547
e 8 550
e 8 554
e 8 578
e 8 580
e 8 581
e 8 644
e 8 645
e 8 660
e 8 661
e 8 745
e 8 769
e 8 813
e 8 868
e 8 872
e 8 877
e 8 878
e 8 881
e 8 914
e 8 921
e 8 926
e 8 931
e 8 935
e 8 1028
e 8 1129
e 8 1192
e 8 1194
e 8 1195
e 8 1196
e 8 1210
e 8 1212
e 8 1213
e 8 1230
e 8 1235
e 8 1237
e 8 1241
e 8 1265
e 8 1271
e 8 1295
e 8 1309
e 8 1315
e 8 1317
e 8 1336
e 8 1337
e 8 1338
e 8 1340
e 8 1343
e 8 1344
e 8 1347
e 8 1349
e 8 1351
e 8 1352
e 8 1354
e 8 1355
e 8 1357
e 8 1362
e 8 1363
e 8 1364
e 8 1365
e 8 1366
e 8 1367
e 8 1377
e 8 1378
e 8 1380
e 8 1382
e 8 1388
e 8 1412
e 8 1413
e 8 1414
e 8 1417
e 8 1425
e 8 1427
e 8 1472
e 8 1475
e 8 1512
e 8 1615
e 8 1622
e 8 1807
e 8 1832
e 8 1847
e 8 1869
e 8 1943
e 8 2047
e 8 2102
e 8 2143
e 8 2163
e 8 2164
e 8 2168
e 8 2199
e 8 2216
e 8 2235
e 8 2245
e 8 2248
e 8 2270
e 8 2291
e 8 2310
e 8 2318
e 8 2340
e 8 2341
e 8 2342
e 8 2343
e 8 2344
e 8 2345
e 8 2346
e 8 2347
e 8 2348
e 8 2349
e 8 2350
e 8 2351
e 8 2352
e 8 2353
e 8 2354
e 8 2355
e 8 2356
e 8 2357
e 8 2358
e 8 2359
e 8 2360
e 8 2361
e 8 2362
e 8 2363
e 8 2364
e 8 2365
e 8 2366
e 8 2367
e 8 2368
e 8 2369
e 8 2370
e 8 2371
e 8 2372
e 8 2373
e 8 2374
e 8 2375
e 8 2376
e 9 10
e 9 11
e 9 12
e 9 15
e 9 20
e 9 24
e 9 33
e 9 36
e 9 41
e 9 47
e 9 57
e 9 67
e 9 74
e 9 160
e 9 174
e 9 190
e 9 274
e 9 312
e 9 337
e 9 368
e 9 370
e 9 401
e 9 414
e 9 415
e 9 416
e 9 420
e 9 426
e 9 429
e 9 433
e 9 532
e 9 550
e 9 605
e 9 619
e 9 665
e 9 715
e 9 731
e 9 745
e 9 869
e 9 875
e 9 1002
e 9 1007
e 9 1025
e 9 1033
e 9 1036
e 9 1055
e 9 1056
e 9 1066
e 9 1072
e 9 1075
e 9 1101
e 9 1153
e 9 1178
e 9 1179
e 9 1191
e 9 1192
e 9 1195
e 9 1213
e 9 1221
e 9 1235
e 9 1236
e 9 1282
e 9 1383
e 9 1389
e 9 1409
e 9 1410
e 9 1423
e 9 1454
e 9 1470
e 9 1472
e 9 1477
e 9 1588
e 9 1591
e 9 1592
e 9 1593
e 9 1594
e 9 1610
e 9 1626
e 9 1727
e 9 1766
e 9 1780
e 9 1792
e 9 1805
e 9 1955
e 9 1996
e 9 2041
e 9 2042
e 9 2043
e 9 2047
e 9 2049
e 9 2051
e 9 2052
e 9 2056
e 9 2058
e 9 2061
e 9 2063
e 9 2080
e 9 2130
e 9 2270
e 9 2272
e 9 2339
e 9 2478
e 9 2479
e 9 2480
e 9 2481
e 9 2482
e 9 2483
e 9 2484
e 9 2485
e 9 2486
e 9 2487
e 9 2488
e 9 2489
e 9 2490
e 9 2491
e 9 2492
e 9 2493
e 9 2494
e 9 2495
e 9 2496
e 9 2497
e 9 2498
e 9 2499
e 9 2500
e 9 2501
e 9 2502
e 9 2503
e 9 2504
e 9 2505
e 9 2506
e 9 2507
e 10 11
e 10 12
e 10 15
e 10 18
e 10 20
e 10 24
e 10 36
e 10 41
e 10 49
e 10 59
e 10 60
e 10 87
e 10 104
e 10 107
e 10 115
e 10 154
e 10 174
e 10 202
e 10 291
e 10 322
e 10 337
e 10 406
e 10 458
e 10 607
e 10 618
e 10 665
e 10 715
e 10 872
e 10 873
e 10 876
e 10 888
e 10 891
e 10 897
e 10 927
e 10 928
e 10 944
e 10 956
e 10 957
e 10 963
e 10 975
e 10 1000
e 10 1007
e 10 1011
e 10 1023
e 10 1024
e 10 1035
e 10 1036
e 10 1044
e 10 1046
e 10 1056
e 10 1063
e 10 1066
e 10 1084
e 10 1093
e 10 1107
e 10 1116
e 10 1128
e 10 1136
e 10 1159
e 10 1188
e 10 1191
e 10 1192
e 10 1195
e 10 1196
e 10 1197
e 10 1208
e 10 1209
e 10 1210
e 10 1213
e 10 1214
e 10 1216
e 10 1217
e 10 1218
e 10 1219
e 10 1221
e 10 1224
e 10 1225
e 10 1226
e 10 1232
e 10 1234
e 10 1235
e 10 1237
e 10 1240
e 10 1241
e 10 1243
e 10 1246
e 10 1250
e 10 1251
e 10 1252
e 10 1253
e 10 1254
e 10 1255
e 10 1257
e 10 1262
e 10 1266
e 10 1267
e 10 1270
e 10 1271
e 10 1274
e 10 1275
e 10 1276
e 10 1282
e 10 1295
e 10 1296
e 10 1297
e 10 1299
e 10 1300
e 10 1301
e 10 1304
e 10 1307
e 10 1308
e 10 1310
e 10 1312
e 10 1313
e 10 1314
e 10 1317
e 10 1318
e 10 1320
e 10 1321
e 10 1323
e 10 1328
e 10 1332
e 10 1335
e 10 1337
e 10 1338
e 10 1345
e 10 1362
e 10 1368
e 10 1391
e 10 1395
e 10 1411
e 10 1413
e 10 1417
e 10 1421
e 10 1423
e 10 1425
e 10 1427
e 10 1451
e 10 1453
e 10 1460
e 10 1484
e 10 1528
e 10 1559
e 10 1563
e 10 1605
e 10 1610
e 10 1652
e 10 1672
e 10 1695
e 10 1699
e 10 1715
e 10 1722
e 10 1740
e 10 1744
e 10 1746
e 10 1761
e 10 1789
e 10 1794
e 10 1993
e 10 2049
e 10 2131
e 10 2220
e 10 2402
e 10 2488
e 10 2559
e 10 2562
e 10 2563
e 10 2564
e 10 2565
e 10 2566
e 10 2567
e 10 2568
e 10 2569
e 10 2570
e 10 2571
e 10 2572
e 10 2573
e 10 2574
e 10 2575
e 10 2576
e 10 2577
e 10 2578
e 10 2579
e 10 2580
e 10 2581
e 10 2582
e 10 2583
e 10 2584
e 10 2585
e 10 2586
e 10 2587
e 10 2588
e 10 2589
e 10 2590
e 10 2591
e 10 2592
e 10 2593
e 10 2594
e 10 2595
e 11 20
e 11 27
e 11 41
e 11 42
e 11 49
e 11 64
e 11 103
e 11 262
e 11 401
e 11 404
e 11 715
e 11 895
e 11 971
e 11 989
e 11 1191
e 11 1192
e 11 1362
e 11 1573
e 11 1752
e 11 2705
e 11 2706
e 11 2707
e 12 13
e 12 16
e 12 19
e 12 20
e 12 28
e 12 32
e 12 33
e 12 47
e 12 53
e 12 54
e 12 55
e 12 60
e 12 64
e 12 68
e 12 78
e 12 80
e 12 81
e 12 83
e 12 88
e 12 91
e 12 92
e 12 93
e 12 94
e 12 100
e 12 104
e 12 105
e 12 109
e 12 110
e 12 113
e 12 116
e 12 125
e 12 129
e 12 131
e 12 132
e 12 134
e 12 137
e 12 141
e 12 142
e 12 153
e 12 169
e 12 180
e 12 189
e 12 200
e 12 207
e 12 215
e 12 220
e 12 536
e 12 569
e 12 884
e 12 889
e 12 1056
e 12 1090
e 12 1105
e 12 1252
e 12 1329
e 12 1390
e 12 1482
e 12 1484
e 12 1506
e 12 1600
e 12 1758
e 12 1887
e 12 2213
e 12 2467
e 12 2488
e 12 2522
e 12 2567
e 12 2716
e 12 2921
e 12 2926
e 12 2932
e 12 2938
e 12 2947
e 12 2948
e 12 2949
e 12 2950
e 12 2951
e 12 2952
e 12 2953
e 12 2954
e 12 2955
e 12 2956
e 12 2957
e 12 2958
e 12 2959
e 12 2960
e 12 2961
e 12 2962
e 12 2963
e 12 2964
e 12 2965
e 12 2966
e 12 2967
e 12 2968
e 12 2969
e 12 2970
e 12 2971
e 12 2972
e 12 2973
e 12 2974
e 12 2975
e 12 2976
e 12 2977
e 12 2978
e 12 2979
e 12 2980
e 13 68
e 13 93
e 13 100
e 13 110
e 13 153
e 13 189
e 13 200
e 13 207
e 13 232
e 13 237
e 13 361
e 13 619
e 13 686
e 13 737
e 13 1252
e 13 1625
e 13 1758
e 13 1885
e 13 2176
e 13 2716
e 13 2957
e 13 2964
e 13 2965
e 13 2979
e 13 2980
e 13 2981
e 13 2982
e 13 2983
e 13 2984
e 13 2985
e 13 2986
e 13 2987
e 14 20
e 14 49
e 14 64
e 14 91
e 14 402
e 14 1000
e 14 1105
e 14 1179
e 14 1421
e 14 1441
e 14 3007
e 14 3008
e 15 20
e 15 41
e 15 42
e 15 49
e 15 58
e 15 59
e 15 103
e 15 322
e 15 368
e 15 401
e 15 404
e 15 408
e 15 439
e 15 644
e 15 721
e 15 824
e 15 873
e 15 878
e 15 927
e 15 963
e 15 1000
e 15 1005
e 15 1018
e 15 1041
e 15 1063
e 15 1080
e 15 1082
e 15 1127
e 15 1140
e 15 1162
e 15 1178
e 15 1179
e 15 1181
e 15 1188
e 15 1191
e 15 1195
e 15 1197
e 15 1202
e 15 1239
e 15 1248
e 15 1262
e 15 1271
e 15 1309
e 15 1317
e 15 1384
e 15 1385
e 15 1386
e 15 1410
e 15 1413
e 15 1428
e 15 1455
e 15 1481
e 15 1526
e 15 1528
e 15 1536
e 15 1607
e 15 1610
e 15 1616
e 15 1715
e 15 1756
e 15 2069
e 15 2236
e 15 2270
e 15 2276
e 15 2566
e 15 3022
e 15 3023
e 15 3046
e 15 3047
e 15 3048
e 15 3049
e 15 3050
e 15 3051
e 15 3052
e 15 3053
e 15 3054
e 15 3055
e 15 3056
e 15 3057
e 15 3058
e 16 17
e 16 20
e 16 21
e 16 22
e 16 24
e 16 28
e 16 29
e 16 32
e 16 43
e 16 49
e 16 55
e 16 66
e 16 72
e 16 76
e 16 78
e 16 88
e 16 94
e 16 99
e 16 101
e 16 106
e 16 109
e 16 116
e 16 121
e 16 124
e 16 125
e 16 126
e 16 130
e 16 131
e 16 132
e 16 134
e 16 137
e 16 138
e 16 140
e 16 142
e 16 153
e 16 170
e 16 296
e 16 309
e 16 343
e 16 536
e 16 550
e 16 569
e 16 575
e 16 591
e 16 675
e 16 744
e 16 814
e 16 871
e 16 936
e 16 1000
e 16 1016
e 16 1058
e 16 1090
e 16 1163
e 16 1201
e 16 1228
e 16 1368
e 16 1545
e 16 1566
e 16 1658
e 16 1684
e 16 1723
e 16 1753
e 16 1780
e 16 1860
e 16 1892
e 16 1902
e 16 1908
e 16 1909
e 16 2033
e 16 2063
e 16 2105
e 16 2116
e 16 2346
e 16 2392
e 16 2488
e 16 2544
e 16 2547
e 16 2617
e 16 2620
e 16 2635
e 16 2651
e 16 2716
e 16 2918
e 16 2919
e 16 2920
e 16 2921
e 16 2922
e 16 2923
e 16 2924
e 16 2925
e 16 2926
e 16 2928
e 16 2929
e 16 2931
e 16 2932
e 16 2933
e 16 2934
e 16 2936
e 16 2938
e 16 2939
e 16 2940
e 16 2951
e 16 2956
e 16 2962
e 16 2966
e 16 2969
e 16 2970
e 16 3034
e 16 3060
e 16 3061
e 16 3062
e 16 3063
e 16 3064
e 16 3065
e 16 3066
e 16 3067
e 16 3068
e 16 3069
e 16 3070
e 16 3071
e 16 3072
e 16 3073
e 16 3074
e 16 3075
e 16 3076
e 16 3077
e 16 3078
e 16 3079
e 16 3080
e 16 3081
e 16 3082
e 16 3083
e 16 3084
e 16 3085
e 16 3086
e 16 3087
e 16 3088
e 16 3089
e 16 3090
e 16 3091
e 16 3092
e 16 3093
e 16 3094
e 16 3095
e 16 3096
e 16 3097
e 16 3098
e 16 3099
e 16 3100
e 17 20
e 17 21
e 17 24
e 17 28
e 17 72
e 17 99
e 17 309
e 17 426
e 17 744
e 17 814
e 17 1000
e 17 1002
e 17 1201
e 17 1368
e 17 1566
e 17 1690
e 17 1892
e 17 1896
e 17 1902
e 17 1903
e 17 1908
e 17 1909
e 17 1998
e 17 2049
e 17 2105
e 17 2544
e 17 2547
e 17 2646
e 17 2956
e 17 3069
e 17 3078
e 17 3097
e 17 3098
e 17 3101
e 18 49
e 18 368
e 18 660
e 18 869
e 18 1006
e 18 1184
e 18 1383
e 18 1385
e 18 1393
e 18 1414
e 18 1416
e 18 1439
e 18 1459
e 18 2562
e 18 2566
e 18 3186
e 19 155
e 19 552
e 19 1846
e 19 2203
e 19 2431
e 19 2612
e 19 2621
e 19 2626
e 19 2640
e 19 2643
e 19 2655
e 19 2763
e 19 3067
e 19 3303
e 20 24
e 20 32
e 20 34
e 20 39
e 20 40
e 20 41
e 20 42
e 20 44
e 20 45
e 20 46
e 20 47
e 20 48
e 20 49
e 20 53
e 20 56
e 20 57
e 20 58
e 20 59
e 20 60
e 20 61
e 20 64
e 20 68
e 20 69
e 20 71
e 20 73
e 20 74
e 20 75
e 20 77
e 20 78
e 20 81
e 20 87
e 20 88
e 20 91
e 20 93
e 20 95
e 20 96
e 20 97
e 20 100
e 20 102
e 20 110
e 20 111
e 20 114
e 20 115
e 20 131
e 20 134
e 20 155
e 20 157
e 20 160
e 20 166
e 20 181
e 20 189
e 20 200
e 20 205
e 20 209
e 20 232
e 20 234
e 20 246
e 20 290
e 20 309
e 20 322
e 20 336
e 20 337
e 20 415
e 20 431
e 20 439
e 20 618
e 20 619
e 20 650
e 20 660
e 20 661
e 20 667
e 20 671
e 20 770
e 20 827
e 20 871
e 20 880
e 20 884
e 20 885
e 20 924
e 20 944
e 20 965
e 20 1000
e 20 1011
e 20 1025
e 20 1034
e 20 1042
e 20 1056
e 20 1087
e 20 1158
e 20 1188
e 20 1197
e 20 1201
e 20 1253
e 20 1271
e 20 1275
e 20 1316
e 20 1317
e 20 1412
e 20 1421
e 20 1460
e 20 1497
e 20 1609
e 20 1696
e 20 1758
e 20 1759
e 20 1785
e 20 1843
e 20 1845
e 20 1901
e 20 2213
e 20 2345
e 20 2498
e 20 2572
e 20 2577
e 20 2578
e 20 2716
e 20 2732
e 20 2781
e 20 2956
e 20 2959
e 20 2961
e 20 3003
e 20 3016
e 20 3052
e 20 3069
e 20 3303
e 20 3311
e 20 3312
e 20 3313
e 20 3314
e 20 3315
e 20 3316
e 20 3317
e 20 3318
e 20 3319
e 20 3320
e 20 3321
e 20 3322
e 20 3323
e 20 3324
e 20 3325
e 20 3326
e 20 3327
e 20 3328
e 20 3329
e 20 3330
e 20 3331
e 20 3332
e 20 3333
e 20 3334
e 20 3335
e 20 3336
e 20 3337
e 20 3338
e 20 3339
e 20 3340
e 20 3341
e 20 3342
e 20 3343
e 20 3344
e 20 3345
e 20 3346
e 20 3347
e 21 153
e 21 297
e 21 324
e 21 325
e 21 329
e 21 1039
e 21 1689
e 21 2689
e 21 2952
e 21 2959
e 21 3150
e 21 3373
e 21 3437
e 21 3438
e 21 3439
e 21 3440
e 21 3441
e 21 3442
e 21 3443
e 21 3444
e 21 3445
e 21 3446
e 21 3447
e 21 3448
e 21 3449
e 21 3450
e 21 3451
e 21 3452
e 22 32
e 22 65
e 22 78
e 22 322
e 22 375
e 22 415
e 22 420
e 22 441
e 22 442
e 22 505
e 22 547
e 22 755
e 22 822
e 22 825
e 22 827
e 22 1007
e 22 1049
e 22 1076
e 22 1197
e 22 1199
e 22 1254
e 22 1286
e 22 1337
e 22 1364
e 22 1451
e 22 1508
e 22 1535
e 22 1547
e 22 1637
e 22 1693
e 22 1724
e 22 1753
e 22 1799
e 22 1828
e 22 1859
e 22 1860
e 22 1953
e 22 2120
e 22 2174
e 22 2223
e 22 2433
e 22 2584
e 22 2781
e 22 2804
e 22 2959
e 22 3474
e 22 3681
e 22 3685
e 22 3686
e 22 3687
e 22 3688
e 22 3689
e 23 265
e 23 314
e 23 548
e 23 619
e 23 657
e 23 761
e 23 801
e 23 915
e 23 3538
e 23 3647
e 23 3648
e 23 3925
e 23 3926
e 23 3927
e 23 3928
e 23 3929
e 23 3930
e 23 3931
e 23 3932
e 23 3933
e 23 3934
e 24 34
e 24 45
e 24 49
e 24 60
e 24 74
e 24 75
e 24 165
e 24 254
e 24 336
e 24 341
e 24 368
e 24 373
e 24 403
e 24 420
e 24 557
e 24 608
e 24 642
e 24 715
e 24 721
e 24 751
e 24 754
e 24 771
e 24 782
e 24 814
e 24 825
e 24 828
e 24 878
e 24 903
e 24 925
e 24 1012
e 24 1016
e 24 1018
e 24 1023
e 24 1049
e 24 1052
e 24 1058
e 24 1059
e 24 1201
e 24 1208
e 24 1209
e 24 1221
e 24 1233
e 24 1241
e 24 1258
e 24 1409
e 24 1420
e 24 1461
e 24 1487
e 24 1563
e 24 1568
e 24 1610
e 24 1753
e 24 1780
e 24 1827
e 24 1829
e 24 1838
e 24 1901
e 24 1937
e 24 1939
e 24 1950
e 24 1980
e 24 1984
e 24 2073
e 24 2103
e 24 2161
e 24 2164
e 24 2177
e 24 2183
e 24 2201
e 24 2202
e 24 2258
e 24 2270
e 24 2313
e 24 2340
e 24 2377
e 24 2392
e 24 2829
e 24 2837
e 24 2838
e 24 2839
e 24 2870
e 24 3241
e 24 3242
e 24 3316
e 24 3434
e 24 3499
e 24 3574
e 24 3696
e 24 3785
e 24 4042
e 24 4043
e 24 4044
e 24 4045
e 24 4046
e 24 4047
e 24 4048
e 24 4049
e 24 4050
e 24 4051
e 24 4052
e 24 4053
e 24 4054
e 24 4055
e 24 4056
e 24 4057
e 24 4058
e 24 4059
e 24 4060
e 24 4061
e 24 4062
e 24 4063
e 24 4064
e 24 4065
e 24 4066
e 24 4067
e 25 31
e 25 64
e 25 333
e 25 369
e 25 571
e 25 1636
e 25 1925
e 25 2867
e 25 3133
e 25 3135
e 25 3483
e 25 4116
e 25 4314
e 25 4341
e 25 4342
e 25 4343
e 25 4344
e 26 369
e 26 2959
e 26 4405
e 27 31
e 27 33
e 27 36
e 27 47
e 27 68
e 27 156
e 27 187
e 27 268
e 27 361
e 27 397
e 27 400
e 27 450
e 27 492
e 27 522
e 27 594
e 27 689
e 27 824
e 27 1083
e 27 1441
e 27 1509
e 27 1582
e 27 1725
e 27 1740
e 27 1959
e 27 2066
e 27 2103
e 27 2201
e 27 2464
e 27 2639
e 27 2641
e 27 2662
e 27 2665
e 27 2705
e 27 2892
e 27 3135
e 27 3303
e 27 3331
e 27 3402
e 27 3590
e 27 3813
e 27 4085
e 27 4602
e 27 4603
e 27 4604
e 27 4605
e 27 4606
e 27 4607
e 27 4608
e 27 4609
e 27 4610
e 27 4611
e 27 4612
e 27 4613
e 27 4614
e 27 4615
e 27 4616
e 27 4617
e 27 4618
e 27 4619
e 27 4620
e 27 4621
e 27 4622
e 28 41
e 28 49
e 28 66
e 28 74
e 28 153
e 28 255
e 28 256
e 28 263
e 28 323
e 28 370
e 28 420
e 28 514
e 28 552
e 28 619
e 28 665
e 28 689
e 28 745
e 28 813
e 28 825
e 28 827
e 28 1006
e 28 1018
e 28 1210
e 28 1228
e 28 1338
e 28 1357
e 28 1723
e 28 1822
e 28 1852
e 28 2047
e 28 2072
e 28 2248
e 28 2429
e 28 2439
e 28 2550
e 28 2637
e 28 2644
e 28 2646
e 28 2829
e 28 2956
e 28 2959
e 28 3066
e 28 3216
e 28 3241
e 28 3276
e 28 3480
e 28 3484
e 28 3660
e 28 3784
e 28 4773
e 28 4774
e 28 4775
e 28 4776
e 28 4777
e 28 4778
e 29 255
e 29 326
e 29 330
e 29 331
e 29 817
e 29 917
e 29 1052
e 29 2444
e 29 2766
e 29 2959
e 29 4122
e 29 4750
e 30 49
e 30 50
e 30 100
e 30 123
e 30 155
e 30 168
e 30 187
e 30 188
e 30 256
e 30 263
e 30 280
e 30 336
e 30 559
e 30 583
e 30 689
e 30 804
e 30 864
e 30 968
e 30 993
e 30 1017
e 30 1048
e 30 1083
e 30 1090
e 30 1099
e 30 1106
e 30 1112
e 30 1113
e 30 1119
e 30 1121
e 30 1132
e 30 1165
e 30 1166
e 30 1167
e 30 1171
e 30 1210
e 30 1472
e 30 1489
e 30 1513
e 30 1587
e 30 1642
e 30 1643
e 30 1653
e 30 1684
e 30 1787
e 30 1824
e 30 1854
e 30 1921
e 30 1924
e 30 1951
e 30 2104
e 30 2424
e 30 2602
e 30 2789
e 30 2851
e 30 3312
e 30 3392
e 30 3408
e 30 3551
e 30 4159
e 30 4379
e 30 4416
e 30 4444
e 30 4500
e 30 4698
e 30 4807
e 30 4808
e 30 4809
e 30 4810
e 30 4811
e 30 4812
e 30 4813
e 30 4814
e 30 4815
e 30 4816
e 30 4817
e 30 4818
e 30 4819
e 30 4820
e 30 4821
e 30 4822
e 30 4823
e 31 64
e 31 86
e 31 274
e 31 290
e 31 640
e 31 816
e 31 818
e 31 1509
e 31 1684
e 31 1910
e 31 1918
e 31 1960
e 31 2161
e 31 2260
e 31 2379
e 31 2394
e 31 2441
e 31 2784
e 31 2786
e 31 2793
e 31 2867
e 31 2887
e 31 2947
e 31 3049
e 31 3126
e 31 3127
e 31 3130
e 31 3132
e 31 3140
e 31 3141
e 31 3162
e 31 3166
e 31 3167
e 31 3169
e 31 3170
e 31 3171
e 31 3178
e 31 3179
e 31 3180
e 31 3379
e 31 3484
e 31 3493
e 31 3612
e 31 3666
e 31 3736
e 31 3746
e 31 3895
e 31 3897
e 31 4116
e 31 4243
e 31 4335
e 31 4336
e 31 4337
e 31 4340
e 31 4470
e 31 4481
e 31 4489
e 31 4490
e 31 4520
e 31 4696
e 31 4930
e 31 4931
e 31 4932
e 31 4933
e 31 4934
e 31 4935
e 31 4936
e 31 4937
e 31 4938
e 31 4939
e 32 49
e 32 116
e 32 153
e 32 441
e 32 442
e 32 461
e 32 545
e 32 547
e 32 769
e 32 1411
e 32 1515
e 32 1527
e 32 1615
e 32 1723
e 32 2078
e 32 2347
e 32 2433
e 32 2434
e 32 2584
e 32 2707
e 32 2799
e 32 2959
e 32 4659
e 32 5049
e 32 5050
e 32 5051
e 32 5052
e 33 36
e 33 41
e 33 42
e 33 47
e 33 64
e 33 67
e 33 104
e 33 262
e 33 322
e 33 336
e 33 373
e 33 404
e 33 607
e 33 743
e 33 869
e 33 923
e 33 927
e 33 944
e 33 989
e 33 1007
e 33 1080
e 33 1191
e 33 1208
e 33 1358
e 33 1368
e 33 1395
e 33 1411
e 33 1462
e 33 1484
e 33 1523
e 33 1573
e 33 2270
e 33 2286
e 33 3041
e 33 4133
e 33 4810
e 33 5053
e 33 5054
e 33 5055
e 34 49
e 34 323
e 34 329
e 34 336
e 34 341
e 34 350
e 34 353
e 34 363
e 34 365
e 34 557
e 34 1018
e 34 1059
e 34 1368
e 34 2430
e 34 2710
e 34 4179
e 34 5118
e 34 5119
e 34 5120
e 34 5121
e 34 5122
e 34 5123
e 35 254
e 35 1202
e 35 2686
e 35 4653
e 35 5333
e 35 5334
e 35 5335
e 35 5336
e 35 5337
e 36 37
e 36 41
e 36 57
e 36 64
e 36 67
e 36 71
e 36 104
e 36 154
e 36 178
e 36 299
e 36 322
e 36 400
e 36 401
e 36 409
e 36 415
e 36 506
e 36 522
e 36 533
e 36 544
e 36 607
e 36 652
e 36 731
e 36 827
e 36 869
e 36 884
e 36 927
e 36 945
e 36 955
e 36 957
e 36 971
e 36 1002
e 36 1013
e 36 1024
e 36 1061
e 36 1089
e 36 1105
e 36 1135
e 36 1196
e 36 1241
e 36 1271
e 36 1273
e 36 1309
e 36 1317
e 36 1362
e 36 1405
e 36 1462
e 36 1463
e 36 1487
e 36 1505
e 36 1510
e 36 1511
e 36 1512
e 36 1513
e 36 1514
e 36 1519
e 36 1520
e 36 1522
e 36 1523
e 36 1526
e 36 1556
e 36 1558
e 36 1561
e 36 1570
e 36 1633
e 36 2112
e 36 2250
e 36 2450
e 36 2699
e 36 3013
e 36 3016
e 36 3033
e 36 3041
e 36 3466
e 36 4711
e 36 4977
e 36 5088
e 36 5446
e 36 5479
e 36 5526
e 36 5527
e 36 5528
e 36 5529
e 36 5530
e 36 5531
e 36 5532
e 36 5533
e 36 5534
e 36 5535
e 36 5536
e 37 328
e 37 370
e 37 373
e 37 1286
e 37 1512
e 37 1515
e 37 1572
e 37 1834
e 37 1859
e 37 2341
e 37 2433
e 37 2517
e 37 2520
e 37 2645
e 37 2959
e 37 4072
e 37 4074
e 37 4708
e 37 5098
e 37 5693
e 37 5694
e 38 40
e 38 41
e 38 49
e 38 322
e 38 571
e 38 876
e 38 1044
e 38 1045
e 38 1111
e 38 1124
e 38 1145
e 38 1157
e 38 1161
e 38 1213
e 38 1233
e 38 1724
e 38 2046
e 38 2067
e 38 2573
e 38 2807
e 38 3074
e 38 3743
e 38 5314
e 38 5504
e 38 5529
e 38 5725
e 39 41
e 39 660
e 39 661
e 39 1266
e 39 1412
e 39 1413
e 39 2278
e 39 2282
e 39 2283
e 39 2284
e 39 3469
e 39 5727
e 40 41
e 40 404
e 40 661
e 40 667
e 40 1005
e 40 1087
e 40 1118
e 40 1266
e 40 1306
e 40 1346
e 40 1412
e 40 1413
e 40 1758
e 40 2282
e 40 2283
e 40 2284
e 40 5727
e 41 42
e 41 49
e 41 59
e 41 73
e 41 74
e 41 75
e 41 78
e 41 87
e 41 107
e 41 154
e 41 174
e 41 254
e 41 322
e 41 388
e 41 403
e 41 404
e 41 405
e 41 414
e 41 416
e 41 417
e 41 419
e 41 420
e 41 443
e 41 490
e 41 550
e 41 644
e 41 648
e 41 660
e 41 665
e 41 715
e 41 769
e 41 783
e 41 813
e 41 814
e 41 825
e 41 870
e 41 875
e 41 878
e 41 879
e 41 885
e 41 887
e 41 888
e 41 889
e 41 900
e 41 915
e 41 926
e 41 927
e 41 960
e 41 964
e 41 966
e 41 1005
e 41 1007
e 41 1033
e 41 1036
e 41 1052
e 41 1058
e 41 1072
e 41 1099
e 41 1100
e 41 1101
e 41 1178
e 41 1179
e 41 1181
e 41 1184
e 41 1188
e 41 1191
e 41 1195
e 41 1213
e 41 1219
e 41 1221
e 41 1235
e 41 1236
e 41 1265
e 41 1275
e 41 1282
e 41 1309
e 41 1353
e 41 1354
e 41 1409
e 41 1410
e 41 1417
e 41 1428
e 41 1454
e 41 1459
e 41 1539
e 41 1587
e 41 1588
e 41 1589
e 41 1591
e 41 1592
e 41 1593
e 41 1594
e 41 1610
e 41 1612
e 41 1711
e 41 1714
e 41 1796
e 41 1803
e 41 1973
e 41 1984
e 41 2044
e 41 2050
e 41 2051
e 41 2052
e 41 2053
e 41 2064
e 41 2079
e 41 2080
e 41 2102
e 41 2164
e 41 2222
e 41 2233
e 41 2277
e 41 2285
e 41 2319
e 41 2345
e 41 2414
e 41 2481
e 41 2483
e 41 2491
e 41 2496
e 41 2505
e 41 2591
e 41 2596
e 41 2609
e 41 2674
e 41 2685
e 41 2850
e 41 3026
e 41 3028
e 41 3047
e 41 3101
e 41 3224
e 41 3398
e 41 3527
e 41 3620
e 41 4693
e 41 4859
e 41 5422
e 41 5699
e 41 5700
e 41 5737
e 41 5773
e 41 5786
e 41 5787
e 41 5788
e 41 5789
e 41 5790
e 41 5791
e 41 5792
e 41 5793
e 41 5794
e 41 5795
e 41 5796
e 41 5797
e 42 49
e 42 174
e 42 254
e 42 414
e 42 665
e 42 769
e 42 783
e 42 879
e 42 889
e 42 915
e 42 1033
e 42 1178
e 42 1179
e 42 1213
e 42 1219
e 42 1235
e 42 1275
e 42 1309
e 42 1353
e 42 1354
e 42 1417
e 42 1592
e 42 1612
e 42 1803
e 42 2053
e 42 2061
e 42 2222
e 42 2273
e 42 2277
e 42 2491
e 42 2505
e 42 2674
e 42 5009
e 42 5616
e 42 5737
e 42 5773
e 42 5788
e 42 5792
e 42 5793
e 42 5797
e 43 256
e 43 488
e 43 647
e 43 652
e 43 751
e 43 769
e 43 813
e 43 956
e 43 1212
e 43 1747
e 43 1822
e 43 2107
e 43 2115
e 43 2133
e 43 2165
e 43 2184
e 43 2194
e 43 2214
e 43 2509
e 44 49
e 44 263
e 44 331
e 44 552
e 44 689
e 44 758
e 44 879
e 44 1014
e 44 1134
e 44 1368
e 44 2337
e 44 2358
e 44 2390
e 44 2434
e 44 2617
e 44 2618
e 44 2631
e 44 2815
e 44 4656
e 44 4944
e 44 5594
e 44 5836
e 44 6070
e 44 6071
e 45 336
e 45 444
e 45 496
e 45 928
e 45 1191
e 45 1409
e 45 1748
e 45 1776
e 45 1843
e 45 1990
e 45 2223
e 45 2338
e 45 2781
e 45 3303
e 45 4215
e 45 4606
e 45 4714
e 45 5053
e 45 5137
e 45 5284
e 45 6272
e 46 103
e 46 490
e 46 689
e 46 723
e 46 770
e 46 1018
e 46 3199
e 46 3201
e 46 3241
e 46 4781
e 46 5270
e 46 6286
e 47 49
e 47 60
e 47 64
e 47 104
e 47 322
e 47 397
e 47 400
e 47 401
e 47 431
e 47 450
e 47 507
e 47 510
e 47 824
e 47 934
e 47 945
e 47 951
e 47 965
e 47 967
e 47 969
e 47 979
e 47 989
e 47 1031
e 47 1109
e 47 1136
e 47 1216
e 47 1217
e 47 1368
e 47 1456
e 47 1505
e 47 1587
e 47 2718
e 47 3802
e 47 5227
e 47 5701
e 47 6120
e 48 49
e 48 50
e 48 390
e 48 392
e 48 2344
e 48 2522
e 48 5034
e 48 5426
e 48 6294
e 48 6295
e 48 6296
e 48 6297
e 49 53
e 49 58
e 49 60
e 49 64
e 49 66
e 49 68
e 49 73
e 49 78
e 49 81
e 49 82
e 49 85
e 49 87
e 49 88
e 49 91
e 49 93
e 49 97
e 49 98
e 49 99
e 49 100
e 49 104
e 49 106
e 49 109
e 49 110
e 49 114
e 49 115
e 49 116
e 49 123
e 49 125
e 49 130
e 49 131
e 49 132
e 49 134
e 49 157
e 49 160
e 49 164
e 49 166
e 49 183
e 49 200
e 49 204
e 49 206
e 49 208
e 49 211
e 49 215
e 49 216
e 49 224
e 49 229
e 49 290
e 49 309
e 49 322
e 49 336
e 49 337
e 49 401
e 49 462
e 49 476
e 49 536
e 49 661
e 49 667
e 49 722
e 49 827
e 49 871
e 49 873
e 49 878
e 49 911
e 49 924
e 49 944
e 49 965
e 49 1005
e 49 1056
e 49 1090
e 49 1105
e 49 1197
e 49 1201
e 49 1212
e 49 1222
e 49 1275
e 49 1381
e 49 1421
e 49 1433
e 49 1472
e 49 1537
e 49 1600
e 49 1609
e 49 1622
e 49 1696
e 49 1725
e 49 1826
e 49 1845
e 49 2063
e 49 2083
e 49 2136
e 49 2147
e 49 2213
e 49 2257
e 49 2345
e 49 2488
e 49 2525
e 49 2577
e 49 2716
e 49 2956
e 49 2961
e 49 2962
e 49 2972
e 49 2979
e 49 2980
e 49 3069
e 49 3074
e 49 3209
e 49 3313
e 49 3317
e 49 3318
e 49 3320
e 49 3322
e 49 3323
e 49 3347
e 49 3659
e 49 3867
e 49 4235
e 49 4267
e 49 4354
e 49 5002
e 49 5032
e 49 5607
e 49 5669
e 49 5703
e 49 6206
e 49 6261
e 49 6298
e 49 6299
e 49 6300
e 49 6301
e 49 6302
e 49 6303
e 49 6304
e 49 6305
e 49 6306
e 49 6307
e 49 6308
e 49 6309
e 49 6310
e 50 1609
e 50 1926
e 50 2488
e 50 2526
e 51 443
e 51 974
e 51 1170
e 51 2005
e 51 2070
e 51 2446
e 51 3286
e 51 3788
e 51 5481
e 51 6349
e 51 6350
e 51 6351
e 51 6352
e 52 190
e 52 555
e 52 647
e 52 731
e 52 755
e 52 1048
e 52 1150
e 52 1530
e 52 4972
e 52 5953
e 52 6116
e 52 6143
e 52 6364
e 52 6365
e 53 163
e 53 385
e 53 428
e 53 787
e 53 825
e 53 1201
e 53 1368
e 53 1829
e 53 1937
e 53 2336
e 53 4032
e 53 4128
e 53 5694
e 54 128
e 54 185
e 54 260
e 54 326
e 54 333
e 54 334
e 54 354
e 54 362
e 54 367
e 54 493
e 54 494
e 54 500
e 54 505
e 54 512
e 54 527
e 54 604
e 54 658
e 54 688
e 54 689
e 54 697
e 54 915
e 54 1031
e 54 1141
e 54 1248
e 54 1482
e 54 1747
e 54 1754
e 54 1775
e 54 1801
e 54 1849
e 54 2176
e 54 2415
e 54 2462
e 54 2484
e 54 2550
e 54 2576
e 54 2584
e 54 2861
e 54 2967
e 54 3187
e 54 3282
e 54 3315
e 54 3399
e 54 3469
e 54 3652
e 54 3685
e 54 3775
e 54 3996
e 54 4083
e 54 4085
e 54 4173
e 54 4365
e 54 4436
e 54 4473
e 54 4662
e 54 4729
e 54 4916
e 54 4964
e 54 5025
e 54 5265
e 54 5372
e 54 5378
e 54 5526
e 54 5591
e 54 5796
e 54 6122
e 54 6166
e 54 6441
e 54 6442
e 54 6443
e 54 6444
e 54 6445
e 54 6446
e 54 6447
e 54 6448
e 54 6449
e 54 6450
e 54 6451
e 54 6452
e 54 6453
e 54 6454
e 54 6455
e 54 6456
e 54 6457
e 54 6458
e 54 6459
e 54 6460
e 54 6461
e 54 6462
e 54 6463
e 54 6464
e 54 6465
e 54 6466
e 54 6467
e 54 6468
e 54 6469
e 54 6470
e 54 6471
e 54 6472
e 54 6473
e 54 6474
e 54 6475
e 54 6476
e 54 6477
e 54 6478
e 54 6479
e 54 6480
e 54 6481
e 54 6482
e 54 6483
e 54 6484
e 54 6485
e 55 153
e 55 783
e 55 915
e 55 2222
e 55 2893
e 55 3498
e 55 4273
e 55 4886
e 55 5804
e 56 420
e 56 554
e 56 607
e 56 619
e 56 683
e 56 685
e 56 711
e 56 724
e 56 781
e 56 915
e 56 1238
e 56 1244
e 56 2361
e 56 2390
e 56 2398
e 56 2429
e 56 2439
e 56 2832
e 56 3433
e 56 3508
e 56 5594
e 56 6431
e 56 6525
e 56 6526
e 57 59
e 57 70
e 57 660
e 57 661
e 57 667
e 57 1018
e 57 1195
e 57 1208
e 57 1214
e 57 1228
e 57 1248
e 57 1266
e 57 1349
e 57 1412
e 57 1461
e 57 1699
e 57 2272
e 57 2273
e 57 2274
e 57 3106
e 57 3507
e 57 5698
e 57 6643
e 57 6644
e 57 6645
e 58 401
e 58 407
e 58 784
e 58 871
e 58 1034
e 58 1040
e 58 1050
e 58 1067
e 58 1197
e 58 1208
e 58 1252
e 58 1253
e 58 1254
e 58 1421
e 58 1589
e 58 1610
e 58 1696
e 58 1712
e 58 1754
e 58 1996
e 58 2221
e 58 2461
e 58 3017
e 58 3019
e 58 3020
e 58 3021
e 58 6689
e 59 74
e 59 337
e 59 403
e 59 415
e 59 420
e 59 652
e 59 722
e 59 861
e 59 961
e 59 966
e 59 1005
e 59 1055
e 59 1063
e 59 1103
e 59 1106
e 59 1177
e 59 1191
e 59 1195
e 59 1196
e 59 1197
e 59 1208
e 59 1214
e 59 1237
e 59 1242
e 59 1246
e 59 1247
e 59 1248
e 59 1249
e 59 1265
e 59 1314
e 59 1346
e 59 1409
e 59 1417
e 59 1423
e 59 1624
e 59 3568
e 59 4487
e 59 5698
e 59 6205
e 59 6700
e 59 6701
e 60 618
e 60 903
e 60 945
e 60 956
e 60 1215
e 60 1230
e 60 1362
e 60 1606
e 60 1975
e 60 4567
e 60 6714
e 60 6715
e 60 6716
e 61 660
e 61 673
e 61 1018
e 61 1176
e 61 1197
e 61 1203
e 61 1205
e 61 1256
e 61 1383
e 61 1393
e 61 1627
e 61 1628
e 61 1629
e 61 1630
e 61 1714
e 61 3966
e 61 6778
e 61 6779
e 62 1034
e 62 6814
e 63 384
e 63 426
e 63 505
e 63 975
e 63 1690
e 63 2012
e 63 2047
e 63 3376
e 63 3788
e 64 68
e 64 111
e 64 166
e 64 181
e 64 205
e 64 213
e 64 232
e 64 234
e 64 457
e 64 605
e 64 621
e 64 1025
e 64 1108
e 64 1178
e 64 1179
e 64 1190
e 64 1456
e 64 1511
e 64 1583
e 64 1751
e 64 1845
e 64 1857
e 64 1873
e 64 2201
e 64 2716
e 64 2747
e 64 2835
e 64 2955
e 64 3033
e 64 3127
e 64 3133
e 64 3199
e 64 3200
e 64 3201
e 64 3317
e 64 3403
e 64 3763
e 64 4310
e 64 4351
e 64 4882
e 64 4947
e 64 5672
e 64 5893
e 64 6307
e 64 6904
e 64 6914
e 64 6915
e 64 6916
e 64 6917
e 64 6918
e 64 6919
e 64 6920
e 64 6921
e 64 6922
e 64 6923
e 64 6924
e 64 6925
e 64 6926
e 64 6927
e 64 6928
e 64 6929
e 65 322
e 65 416
e 65 665
e 65 689
e 65 1011
e 65 1025
e 65 1032
e 65 1039
e 65 1052
e 65 1078
e 65 1191
e 65 1236
e 65 1710
e 65 2781
e 65 3303
e 65 5840
e 65 6809
e 66 153
e 66 488
e 66 552
e 66 1723
e 66 2632
e 66 6956
e 67 104
e 67 869
e 67 1198
e 67 1237
e 67 1303
e 67 1381
e 67 1507
e 67 1524
e 67 1720
e 67 3332
e 67 4133
e 67 5531
e 67 7088
e 68 886
e 68 2585
e 68 2716
e 68 3393
e 68 3405
e 68 3687
e 68 3794
e 68 3803
e 68 4031
e 68 4165
e 68 4166
e 68 4470
e 68 5141
e 68 6084
e 68 6361
e 68 6444
e 68 7089
e 69 279
e 69 424
e 69 608
e 69 778
e 69 932
e 69 1336
e 69 1429
e 69 1466
e 69 1612
e 69 1755
e 69 2981
e 69 3244
e 69 3539
e 69 3584
e 69 4177
e 69 4393
e 69 4578
e 69 4605
e 69 4627
e 69 5581
e 69 5751
e 69 5934
e 69 5935
e 69 6251
e 69 6412
e 69 7110
e 69 7111
e 69 7112
e 70 666
e 70 1349
e 70 1350
e 70 1357
e 70 1359
e 70 1375
e 71 204
e 71 402
e 71 1179
e 71 3691
e 71 3965
e 71 7150
e 72 1195
e 72 1512
e 72 3107
e 72 5293
e 72 7300
e 72 7301
e 73 74
e 73 322
e 73 414
e 73 660
e 73 715
e 73 1033
e 73 1209
e 73 1213
e 73 1317
e 73 1328
e 73 1353
e 73 1428
e 73 1592
e 73 1596
e 73 1597
e 73 1794
e 73 2056
e 73 2080
e 73 4580
e 73 5702
e 73 5791
e 74 81
e 74 254
e 74 665
e 74 689
e 74 881
e 74 1012
e 74 1014
e 74 1107
e 74 1221
e 74 1224
e 74 3793
e 74 7360
e 74 7361
e 74 7362
e 75 81
e 75 665
e 75 1014
e 75 2079
e 75 2522
e 76 2048
e 76 2156
e 76 3441
e 76 3471
e 77 153
e 77 398
e 77 399
e 77 534
e 77 814
e 77 911
e 77 918
e 77 1025
e 77 1185
e 77 1723
e 77 2047
e 77 2106
e 77 2164
e 77 2598
e 77 2644
e 77 2649
e 77 2716
e 77 3788
e 77 3925
e 77 4359
e 77 5939
e 77 6394
e 77 6495
e 78 416
e 78 419
e 78 439
e 78 825
e 78 920
e 78 1212
e 78 1591
e 78 1604
e 78 1723
e 78 2227
e 78 2959
e 78 3947
e 78 5273
e 78 5931
e 78 7077
e 78 7629
e 79 1702
e 79 4271
e 79 6296
e 79 6317
e 80 643
e 80 1055
e 80 1136
e 80 1288
e 80 3008
e 80 5074
e 80 5224
e 80 6214
e 80 7505
e 80 7683
e 81 87
e 81 114
e 81 401
e 81 1583
e 81 1606
e 81 1899
e 81 1977
e 81 3031
e 81 7712
e 82 334
e 82 444
e 82 493
e 82 2059
e 82 2467
e 82 4801
e 82 5029
e 82 6193
e 82 7752
e 83 180
e 83 1887
e 83 2004
e 83 2951
e 83 7760
e 84 103
e 84 816
e 84 818
e 85 99
e 85 732
e 85 1368
e 85 1893
e 85 1894
e 85 1895
e 85 1898
e 85 1905
e 85 2259
e 85 2545
e 86 713
e 86 1893
e 86 5774
e 87 665
e 87 689
e 87 1014
e 87 1058
e 87 1107
e 87 1753
e 87 4176
e 88 153
e 88 757
e 88 1723
e 88 2716
e 88 2959
e 89 153
e 89 371
e 89 757
e 89 2047
e 89 2638
e 89 2716
e 89 3806
e 89 3925
e 89 5240
e 89 5822
e 89 7312
e 89 7913
e 90 343
e 90 663
e 90 931
e 90 1057
e 90 1704
e 90 1877
e 90 2047
e 90 2554
e 90 2598
e 90 3491
e 90 4529
e 90 4713
e 90 7641
e 91 1761
e 91 5053
e 91 6935
e 91 7137
e 91 7138
e 91 7976
e 92 1054
e 92 1141
e 92 1319
e 93 825
e 93 1456
e 93 1730
e 93 2881
e 93 2951
e 93 6747
e 94 265
e 94 1832
e 94 2100
e 94 2508
e 94 2614
e 94 2616
e 94 2619
e 94 2623
e 94 2624
e 94 2627
e 94 2636
e 94 4794
e 94 5045
e 94 5998
e 95 689
e 95 1055
e 95 1362
e 95 3023
e 95 8063
e 95 8064
e 96 650
e 96 887
e 96 1055
e 96 1220
e 97 1285
e 97 1312
e 97 1430
e 97 1827
e 97 1838
e 97 2268
e 97 4118
e 97 4123
e 98 737
e 98 2167
e 99 1887
e 99 1902
e 99 1905
e 99 3220
e 100 293
e 100 322
e 100 433
e 100 450
e 100 951
e 100 954
e 100 1044
e 100 1188
e 100 1456
e 100 1583
e 100 1606
e 100 1748
e 100 1899
e 100 2112
e 100 2416
e 100 2421
e 100 2423
e 100 2710
e 100 3374
e 100 4061
e 100 5888
e 100 6083
e 101 504
e 101 524
e 101 580
e 101 1588
e 101 2716
e 101 4176
e 101 7725
e 102 271
e 102 1114
e 102 1725
e 102 4393
e 103 155
e 103 166
e 103 189
e 103 205
e 103 210
e 103 223
e 103 234
e 103 253
e 103 306
e 103 386
e 103 432
e 103 696
e 103 884
e 103 943
e 103 1072
e 103 1171
e 103 1222
e 103 1389
e 103 1456
e 103 1559
e 103 1705
e 103 1782
e 103 2077
e 103 2161
e 103 2301
e 103 2437
e 103 2747
e 103 2791
e 103 2871
e 103 3011
e 103 3127
e 103 3135
e 103 3324
e 103 3341
e 103 3392
e 103 3399
e 103 3416
e 103 3527
e 103 3616
e 103 3837
e 103 3937
e 103 4286
e 103 4339
e 103 5002
e 103 5592
e 103 5852
e 103 5990
e 103 6917
e 103 6918
e 103 7581
e 103 8225
e 103 8226
e 103 8227
e 103 8228
e 103 8229
e 103 8230
e 103 8231
e 103 8232
e 103 8233
e 104 111
e 104 196
e 104 207
e 104 298
e 104 522
e 104 605
e 104 884
e 104 1089
e 104 1108
e 104 1191
e 104 1456
e 104 1521
e 104 1751
e 104 3813
e 104 6921
e 104 8245
e 105 1319
e 106 153
e 106 922
e 106 1723
e 106 2426
e 106 2716
e 106 6008
e 107 439
e 107 1135
e 108 4138
e 109 135
e 109 153
e 109 471
e 109 1637
e 109 1723
e 109 1795
e 109 2716
e 109 2959
e 109 3311
e 109 3474
e 109 3686
e 109 3687
e 109 3914
e 109 8514
e 111 1069
e 111 3041
e 112 2382
e 113 969
e 113 1456
e 113 1929
e 113 2433
e 113 2959
e 114 1387
e 114 5708
e 115 401
e 115 408
e 115 1503
e 116 135
e 116 153
e 116 827
e 116 1066
e 116 1212
e 116 1570
e 116 1637
e 116 1723
e 116 2959
e 116 3687
e 116 5445
e 116 6786
e 116 8667
e 117 1134
e 119 2625
e 119 8772
e 120 689
e 120 2955
e 120 6913
e 120 7250
e 120 7417
e 120 8828
e 121 2716
e 121 4633
e 122 396
e 122 2708
e 122 2709
e 122 7417
e 123 737
e 123 954
e 124 153
e 124 1723
e 124 2423
e 124 2716
e 124 3330
e 124 3795
e 124 3839
e 124 4207
e 125 8516
e 126 716
e 126 1723
e 126 2959
e 128 583
e 129 153
e 129 2959
e 130 153
e 130 2093
e 131 153
e 131 1723
e 131 2716
e 132 153
e 132 1723
e 132 8463
e 134 1723
e 136 740
e 136 3395
e 136 3841
e 136 3994
e 136 5400
e 136 6749
e 138 4215
e 142 1723
e 142 3966
e 142 4301
e 142 9197
e 143 1700
e 143 3572
e 144 1368
e 144 1723
e 144 2959
e 151 253
e 151 373
e 151 376
e 151 420
e 151 421
e 151 422
e 151 423
e 151 424
e 151 425
e 151 426
e 151 427
e 151 428
e 151 429
e 151 430
e 151 431
e 152 155
e 152 253
e 152 583
e 152 584
e 153 418
e 153 569
e 153 878
e 153 880
e 153 887
e 153 1662
e 153 1753
e 153 1891
e 153 1892
e 153 1893
e 153 1894
e 153 1895
e 153 1897
e 153 1898
e 153 1907
e 153 2063
e 153 2620
e 153 2918
e 153 2919
e 153 2920
e 153 2921
e 153 2922
e 153 2923
e 153 2924
e 153 2925
e 153 2926
e 153 2927
e 153 2928
e 153 2929
e 153 2930
e 153 2931
e 153 2932
e 153 2933
e 153 2934
e 153 2935
e 153 2936
e 153 2937
e 153 2938
e 153 2939
e 153 2940
e 154 181
e 154 417
e 154 715
e 154 876
e 154 888
e 154 1000
e 154 1018
e 154 1178
e 154 1213
e 154 1440
e 154 1516
e 154 2272
e 154 2578
e 154 2991
e 154 2992
e 154 2993
e 154 2994
e 154 2995
e 154 2996
e 154 2997
e 155 253
e 155 258
e 155 263
e 155 265
e 155 272
e 155 273
e 155 274
e 155 275
e 155 279
e 155 280
e 155 286
e 155 290
e 155 323
e 155 389
e 155 403
e 155 422
e 155 424
e 155 425
e 155 433
e 155 437
e 155 489
e 155 491
e 155 576
e 155 583
e 155 608
e 155 750
e 155 768
e 155 822
e 155 907
e 155 928
e 155 951
e 155 1009
e 155 1016
e 155 1210
e 155 1220
e 155 1382
e 155 1564
e 155 1684
e 155 1828
e 155 1900
e 155 1946
e 155 2065
e 155 2180
e 155 2267
e 155 2269
e 155 2431
e 155 2725
e 155 2727
e 155 2732
e 155 2761
e 155 2830
e 155 2831
e 155 3016
e 155 3178
e 155 3192
e 155 3193
e 155 3194
e 155 3195
e 155 3196
e 155 3197
e 155 3198
e 155 3199
e 155 3200
e 155 3201
e 155 3202
e 155 3203
e 155 3204
e 155 3205
e 155 3206
e 155 3207
e 155 3208
e 155 3209
e 155 3210
e 155 3211
e 155 3212
e 155 3213
e 155 3214
e 155 3215
e 155 3216
e 155 3217
e 155 3218
e 155 3219
e 155 3220
e 155 3221
e 155 3222
e 155 3223
e 155 3224
e 155 3225
e 155 3226
e 155 3227
e 155 3228
e 155 3229
e 156 187
e 156 529
e 156 780
e 156 827
e 156 978
e 156 1038
e 156 1675
e 156 1827
e 156 1838
e 156 1977
e 156 2562
e 156 2872
e 156 3188
e 156 3700
e 156 3790
e 156 3925
e 156 4186
e 156 4187
e 156 4188
e 156 4189
e 156 4190
e 156 4191
e 156 4192
e 156 4193
e 156 4194
e 156 4195
e 156 4196
e 156 4197
e 156 4198
e 156 4199
e 156 4200
e 156 4201
e 156 4202
e 156 4203
e 156 4204
e 156 4205
e 156 4206
e 157 4445
e 157 4447
e 158 328
e 158 1565
e 158 3635
e 158 3687
e 158 5062
e 158 5064
e 158 5065
e 158 5066
e 159 333
e 159 571
e 159 870
e 159 1075
e 159 3135
e 159 3189
e 159 4281
e 159 4400
e 159 4916
e 159 5363
e 159 5364
e 159 5365
e 160 386
e 160 533
e 160 620
e 160 642
e 160 1105
e 160 1351
e 160 2102
e 160 2182
e 160 2385
e 160 2488
e 160 2807
e 160 3240
e 160 4161
e 160 5323
e 160 5529
e 160 5537
e 160 5538
e 160 5539
e 160 5540
e 160 5541
e 160 5542
e 161 187
e 161 428
e 161 439
e 161 452
e 161 592
e 161 647
e 161 656
e 161 689
e 161 770
e 161 890
e 161 920
e 161 1011
e 161 1016
e 161 1019
e 161 1116
e 161 1236
e 161 1240
e 161 1305
e 161 1529
e 161 1565
e 161 1637
e 161 1657
e 161 1724
e 161 1750
e 161 1760
e 161 1852
e 161 2072
e 161 2113
e 161 2154
e 161 2193
e 161 2280
e 161 2343
e 161 2345
e 161 2432
e 161 2550
e 161 2566
e 161 2823
e 161 2850
e 161 2890
e 161 2929
e 161 3245
e 161 3259
e 161 3305
e 161 3510
e 161 3521
e 161 3576
e 161 3640
e 161 3732
e 161 3783
e 161 3786
e 161 3796
e 161 3797
e 161 3798
e 161 3801
e 161 3809
e 161 3845
e 161 3856
e 161 3862
e 161 3970
e 161 4077
e 161 4195
e 161 4637
e 161 4644
e 161 4837
e 161 5401
e 161 5404
e 161 5409
e 161 6290
e 161 6291
e 162 217
e 162 407
e 162 864
e 162 1975
e 162 2914
e 162 3642
e 162 4362
e 162 4887
e 162 4952
e 162 5686
e 162 6379
e 162 6380
e 162 6381
e 162 6382
e 162 6383
e 163 421
e 163 428
e 163 1639
e 163 1836
e 163 4780
e 163 5808
e 163 6392
e 164 620
e 164 1044
e 164 3130
e 164 4546
e 164 5534
e 164 6680
e 164 6681
e 164 6682
e 165 451
e 165 689
e 165 1341
e 165 2338
e 165 2836
e 165 5808
e 165 6403
e 165 6404
e 165 6405
e 165 6406
e 165 6727
e 166 952
e 166 2750
e 166 2818
e 166 3177
e 166 4328
e 167 2888
e 167 4416
e 167 4715
e 167 7021
e 168 979
e 168 1456
e 168 1899
e 168 2423
e 168 2708
e 168 3374
e 168 3922
e 168 5369
e 169 1758
e 170 1758
e 170 2112
e 170 2716
e 170 2959
e 170 6522
e 171 334
e 172 583
e 172 636
e 172 644
e 172 1527
e 172 1531
e 172 1640
e 172 1853
e 172 1956
e 172 2804
e 172 3009
e 172 3318
e 172 3373
e 172 3447
e 172 3451
e 172 3795
e 172 4898
e 172 5440
e 172 5882
e 172 7286
e 173 513
e 173 676
e 173 951
e 173 1125
e 173 1684
e 173 1798
e 173 3137
e 173 3348
e 173 3398
e 173 7332
e 174 254
e 174 415
e 174 827
e 174 1195
e 174 1740
e 174 2813
e 175 1102
e 175 1220
e 175 2422
e 175 7198
e 175 7323
e 175 7376
e 176 2684
e 177 439
e 177 442
e 177 510
e 177 544
e 177 571
e 177 642
e 177 920
e 177 955
e 177 1141
e 177 1686
e 177 1835
e 177 2045
e 177 4916
e 177 7606
e 177 7607
e 178 300
e 178 326
e 178 431
e 178 1189
e 178 1629
e 178 1655
e 178 1673
e 178 1674
e 178 1677
e 178 1689
e 178 3453
e 178 3969
e 178 4019
e 178 6025
e 178 6523
e 178 7626
e 178 7627
e 178 7628
e 179 196
e 179 303
e 179 1044
e 179 1124
e 179 1161
e 179 1189
e 179 2578
e 179 2579
e 179 3003
e 179 3374
e 179 3635
e 179 3729
e 179 4235
e 179 6447
e 179 6581
e 179 7666
e 179 7667
e 180 326
e 180 875
e 180 1297
e 180 1730
e 180 3918
e 180 7097
e 181 1315
e 181 2268
e 181 5445
e 182 266
e 182 7267
e 182 7299
e 183 930
e 183 1470
e 183 1473
e 183 2959
e 183 5509
e 184 198
e 184 3282
e 184 4182
e 184 8053
e 185 1315
e 185 1511
e 185 1520
e 185 2281
e 185 3567
e 186 3008
e 187 328
e 187 346
e 187 349
e 187 392
e 187 529
e 187 544
e 187 560
e 187 565
e 187 602
e 187 780
e 187 796
e 187 827
e 187 878
e 187 951
e 187 969
e 187 978
e 187 996
e 187 1007
e 187 1038
e 187 1049
e 187 1103
e 187 1429
e 187 1675
e 187 1740
e 187 1933
e 187 1972
e 187 2049
e 187 2112
e 187 2144
e 187 2149
e 187 2250
e 187 2580
e 187 2584
e 187 2611
e 187 2714
e 187 2763
e 187 2772
e 187 2776
e 187 2868
e 187 2967
e 187 3147
e 187 3188
e 187 3257
e 187 3287
e 187 3430
e 187 3462
e 187 3474
e 187 3482
e 187 3488
e 187 3646
e 187 3687
e 187 3700
e 187 3918
e 187 3958
e 187 4166
e 187 4187
e 187 4188
e 187 4189
e 187 4192
e 187 4193
e 187 4196
e 187 4197
e 187 4199
e 187 4200
e 187 4201
e 187 4203
e 187 4329
e 187 4352
e 187 4452
e 187 4463
e 187 4465
e 187 4469
e 187 4570
e 187 4577
e 187 4606
e 187 4728
e 187 5152
e 187 5281
e 187 5291
e 187 5348
e 187 5372
e 187 5499
e 187 5575
e 187 5619
e 187 5661
e 187 5836
e 187 5909
e 187 5990
e 187 6015
e 187 6086
e 187 6104
e 187 6120
e 187 6179
e 187 6344
e 187 6357
e 187 6551
e 187 6605
e 187 6702
e 187 6747
e 187 6964
e 187 6989
e 187 7003
e 187 7229
e 187 7583
e 187 7607
e 187 7669
e 187 7706
e 187 7801
e 187 7839
e 187 8146
e 187 8147
e 187 8148
e 187 8149
e 187 8150
e 187 8151
e 187 8152
e 187 8153
e 187 8154
e 187 8155
e 187 8156
e 187 8157
e 187 8158
e 187 8159
e 187 8160
e 187 8161
e 187 8162
e 187 8163
e 187 8164
e 187 8165
e 187 8166
e 187 8167
e 187 8168
e 187 8169
e 187 8170
e 187 8171
e 187 8172
e 187 8173
e 187 8174
e 187 8175
e 187 8176
e 187 8177
e 187 8178
e 187 8179
e 188 394
e 188 583
e 188 951
e 188 2823
e 188 6564
e 188 8060
e 188 8185
e 189 605
e 189 1252
e 189 1368
e 189 1577
e 189 1614
e 189 1804
e 189 3058
e 190 322
e 190 583
e 190 1098
e 190 1181
e 190 1573
e 190 1700
e 190 3019
e 190 3947
e 190 4079
e 190 4583
e 190 4606
e 190 5283
e 190 5285
e 190 7023
e 190 7445
e 190 8155
e 190 8294
e 190 8295
e 190 8296
e 191 403
e 191 2050
e 192 396
e 192 2313
e 192 2434
e 192 3404
e 192 4181
e 192 7652
e 193 388
e 193 1025
e 193 6420
e 193 6752
e 193 8384
e 194 1606
e 195 322
e 195 1195
e 195 1732
e 195 4529
e 195 5166
e 196 475
e 196 1875
e 196 2771
e 196 4257
e 196 6593
e 196 6754
e 197 280
e 197 450
e 197 941
e 197 965
e 197 1039
e 197 1188
e 197 1487
e 197 1544
e 197 1699
e 197 1726
e 197 2417
e 197 3700
e 197 4063
e 197 4147
e 197 5518
e 197 5598
e 197 7267
e 197 7299
e 197 7650
e 197 8019
e 197 8080
e 197 8445
e 198 336
e 198 3379
e 198 7823
e 198 8004
e 198 8480
e 199 4079
e 199 4787
e 200 406
e 200 1044
e 201 1642
e 202 254
e 202 401
e 202 408
e 202 1178
e 202 1179
e 202 1198
e 202 1413
e 202 1415
e 202 1424
e 202 1454
e 202 1587
e 202 1796
e 202 2356
e 202 4960
e 203 2955
e 204 2860
e 204 5957
e 204 6913
e 204 7417
e 204 8127
e 205 334
e 205 581
e 205 605
e 205 1368
e 205 2219
e 205 2573
e 205 5445
e 206 957
e 206 6373
e 207 967
e 207 2127
e 207 3566
e 207 3793
e 207 5799
e 207 8922
e 208 4150
e 208 8111
e 209 1621
e 209 2421
e 209 2524
e 209 8929
e 209 8930
e 209 8931
e 210 887
e 210 1621
e 210 4780
e 210 8943
e 211 8872
e 212 1028
e 212 1703
e 212 6316
e 213 1049
e 213 2709
e 213 4507
e 214 5983
e 215 3808
e 216 7594
e 217 723
e 217 2417
e 217 2423
e 217 3282
e 222 5061
e 229 3687
e 229 5445
e 232 1368
e 234 1201
e 243 451
e 243 4816
e 251 5848
e 252 253
e 252 254
e 252 255
e 252 256
e 252 257
e 253 258
e 253 259
e 253 260
e 253 261
e 253 262
e 253 263
e 253 264
e 253 265
e 253 266
e 253 267
e 253 268
e 253 269
e 253 270
e 253 271
e 253 272
e 253 273
e 253 274
e 253 275
e 253 276
e 253 277
e 253 278
e 253 279
e 253 280
e 253 281
e 253 282
e 253 283
e 253 284
e 253 285
e 253 286
e 253 287
e 253 288
e 253 289
e 254 256
e 254 309
e 254 326
e 254 332
e 254 375
e 254 416
e 254 420
e 254 425
e 254 429
e 254 444
e 254 488
e 254 490
e 254 492
e 254 498
e 254 550
e 254 582
e 254 593
e 254 607
e 254 621
e 254 642
e 254 643
e 254 644
e 254 647
e 254 648
e 254 652
e 254 665
e 254 689
e 254 697
e 254 711
e 254 713
e 254 714
e 254 736
e 254 742
e 254 743
e 254 745
e 254 752
e 254 754
e 254 772
e 254 779
e 254 813
e 254 814
e 254 825
e 254 830
e 254 843
e 254 857
e 254 868
e 254 879
e 254 889
e 254 896
e 254 901
e 254 914
e 254 918
e 254 922
e 254 923
e 254 941
e 254 947
e 254 1006
e 254 1019
e 254 1058
e 254 1103
e 254 1177
e 254 1192
e 254 1209
e 254 1210
e 254 1212
e 254 1227
e 254 1271
e 254 1274
e 254 1286
e 254 1314
e 254 1336
e 254 1381
e 254 1417
e 254 1418
e 254 1427
e 254 1509
e 254 1573
e 254 1615
e 254 1750
e 254 1753
e 254 1760
e 254 1822
e 254 1834
e 254 1835
e 254 1847
e 254 1949
e 254 1953
e 254 1962
e 254 1963
e 254 1970
e 254 1973
e 254 1984
e 254 2047
e 254 2062
e 254 2072
e 254 2073
e 254 2101
e 254 2103
e 254 2108
e 254 2109
e 254 2117
e 254 2118
e 254 2119
e 254 2123
e 254 2125
e 254 2132
e 254 2147
e 254 2161
e 254 2164
e 254 2166
e 254 2168
e 254 2182
e 254 2183
e 254 2196
e 254 2199
e 254 2210
e 254 2215
e 254 2248
e 254 2249
e 254 2280
e 254 2299
e 254 2305
e 254 2311
e 254 2313
e 254 2315
e 254 2316
e 254 2322
e 254 2325
e 254 2336
e 254 2337
e 254 2338
e 254 2349
e 254 2364
e 254 2378
e 254 2383
e 254 2388
e 254 2389
e 254 2390
e 254 2403
e 254 2429
e 254 2430
e 254 2431
e 254 2432
e 254 2433
e 254 2434
e 254 2435
e 254 2436
e 254 2437
e 254 2438
e 254 2439
e 254 2440
e 254 2441
e 254 2442
e 254 2443
e 254 2444
e 254 2445
e 254 2446
e 254 2447
e 254 2448
e 254 2449
e 254 2450
e 254 2451
e 254 2452
e 254 2453
e 254 2454
e 254 2455
e 254 2456
e 254 2457
e 254 2458
e 254 2459
e 254 2460
e 254 2461
e 254 2462
e 254 2463
e 254 2464
e 254 2465
e 254 2466
e 254 2467
e 254 2468
e 254 2469
e 254 2470
e 254 2471
e 254 2472
e 254 2473
e 254 2474
e 255 258
e 255 261
e 255 262
e 255 264
e 255 265
e 255 266
e 255 273
e 255 274
e 255 275
e 255 322
e 255 323
e 255 326
e 255 384
e 255 420
e 255 423
e 255 435
e 255 436
e 255 491
e 255 492
e 255 616
e 255 643
e 255 649
e 255 709
e 255 734
e 255 735
e 255 770
e 255 774
e 255 914
e 255 917
e 255 918
e 255 947
e 255 950
e 255 1009
e 255 1015
e 255 1210
e 255 1832
e 255 1833
e 255 2336
e 255 2340
e 255 2377
e 255 2378
e 255 2382
e 255 2386
e 255 2429
e 255 2430
e 255 2613
e 255 2720
e 255 2721
e 255 2722
e 255 2723
e 255 2724
e 255 2725
e 255 2726
e 255 2727
e 255 2728
e 255 2729
e 255 2730
e 255 2731
e 255 2732
e 255 2733
e 255 2734
e 255 2735
e 255 2736
e 255 2737
e 255 2738
e 255 2739
e 255 2740
e 255 2741
e 255 2742
e 255 2743
e 255 2744
e 255 2745
e 255 2746
e 255 2747
e 255 2748
e 255 2749
e 255 2750
e 255 2751
e 255 2752
e 255 2753
e 255 2754
e 255 2755
e 255 2756
e 255 2757
e 255 2758
e 255 2759
e 255 2760
e 256 307
e 256 343
e 256 344
e 256 420
e 256 429
e 256 441
e 256 442
e 256 461
e 256 488
e 256 642
e 256 643
e 256 644
e 256 647
e 256 710
e 256 711
e 256 742
e 256 743
e 256 751
e 256 754
e 256 769
e 256 772
e 256 813
e 256 822
e 256 825
e 256 923
e 256 941
e 256 1019
e 256 1072
e 256 1212
e 256 1229
e 256 1336
e 256 1747
e 256 1750
e 256 1832
e 256 1841
e 256 1853
e 256 1864
e 256 1945
e 256 1946
e 256 1953
e 256 1970
e 256 1979
e 256 1980
e 256 1992
e 256 2073
e 256 2101
e 256 2102
e 256 2103
e 256 2107
e 256 2110
e 256 2119
e 256 2132
e 256 2146
e 256 2147
e 256 2156
e 256 2162
e 256 2163
e 256 2166
e 256 2180
e 256 2182
e 256 2184
e 256 2193
e 256 2194
e 256 2207
e 256 2214
e 256 2215
e 256 2245
e 256 2258
e 256 2280
e 256 2299
e 256 2317
e 256 2318
e 256 2439
e 256 2461
e 256 2509
e 256 2519
e 256 2616
e 256 2637
e 256 2778
e 256 2795
e 256 3448
e 256 3534
e 256 3646
e 256 3649
e 256 3660
e 256 4110
e 256 4367
e 256 4985
e 256 4986
e 256 4987
e 256 4988
e 257 508
e 257 523
e 257 524
e 257 1454
e 257 1629
e 257 1719
e 257 2374
e 257 2602
e 257 3438
e 257 3439
e 257 3442
e 257 3685
e 257 3984
e 257 4004
e 257 4007
e 257 6432
e 257 8694
e 257 8805
e 257 9079
e 257 9080
e 257 9081
e 257 9082
e 257 9083
e 258 290
e 258 291
e 258 292
e 258 293
e 258 294
e 258 295
e 258 296
e 259 368
e 259 369
e 259 370
e 259 371
e 259 372
e 259 373
e 259 374
e 259 375
e 259 376
e 259 377
e 259 378
e 259 379
e 259 380
e 259 381
e 259 382
e 259 383
e 261 384
e 261 385
e 261 386
e 261 387
e 261 388
e 261 389
e 261 390
e 261 391
e 261 392
e 261 393
e 261 394
e 261 395
e 261 396
e 261 397
e 261 398
e 261 399
e 262 414
e 262 415
e 262 416
e 262 417
e 262 418
e 262 419
e 263 385
e 263 388
e 263 389
e 263 422
e 263 431
e 263 432
e 263 433
e 263 434
e 263 435
e 263 436
e 263 437
e 263 438
e 263 439
e 263 440
e 263 441
e 263 442
e 263 443
e 263 444
e 263 445
e 263 446
e 263 447
e 263 448
e 263 449
e 263 450
e 263 451
e 263 452
e 263 453
e 263 454
e 263 455
e 263 456
e 263 457
e 263 458
e 263 459
e 263 460
e 263 461
e 263 462
e 263 463
e 263 464
e 263 465
e 263 466
e 263 467
e 263 468
e 263 469
e 263 470
e 263 471
e 263 472
e 263 473
e 263 474
e 263 475
e 263 476
e 263 477
e 263 478
e 263 479
e 263 480
e 263 481
e 263 482
e 263 483
e 263 484
e 263 485
e 264 274
e 264 280
e 264 423
e 264 486
e 264 487
e 264 488
e 264 489
e 264 490
e 264 491
e 264 492
e 264 493
e 264 494
e 264 495
e 264 496
e 264 497
e 264 498
e 264 499
e 264 500
e 264 501
e 264 502
e 265 323
e 265 326
e 265 343
e 265 420
e 265 546
e 265 547
e 265 548
e 265 549
e 265 550
e 265 551
e 265 552
e 265 553
e 265 554
e 265 555
e 265 556
e 266 280
e 266 323
e 266 495
e 266 572
e 266 573
e 266 574
e 266 575
e 268 576
e 269 422
e 270 577
e 271 315
e 271 578
e 271 579
e 271 580
e 271 581
e 272 582
e 273 291
e 274 368
e 274 369
e 274 492
e 274 648
e 274 685
e 274 697
e 274 745
e 274 1227
e 274 2304
e 274 2450
e 274 2724
e 274 2813
e 274 2814
e 274 2815
e 274 2816
e 275 291
e 275 422
e 275 544
e 275 584
e 275 689
e 275 948
e 275 1014
e 275 1570
e 275 1927
e 275 2597
e 275 2815
e 275 3212
e 275 3213
e 275 3214
e 275 3276
e 275 3277
e 275 3278
e 275 3279
e 275 3280
e 275 3281
e 276 906
e 276 1464
e 276 2045
e 276 2073
e 276 2887
e 276 3000
e 276 3298
e 276 3299
e 276 3300
e 277 2383
e 277 2452
e 277 2683
e 277 3163
e 278 1348
e 278 1619
e 279 323
e 279 491
e 279 539
e 279 552
e 279 643
e 279 751
e 279 813
e 279 2550
e 279 2637
e 279 2648
e 279 2748
e 279 3273
e 279 3380
e 279 3381
e 279 3382
e 280 824
e 280 923
e 280 953
e 280 982
e 280 988
e 280 1163
e 280 1168
e 280 1660
e 280 1826
e 280 2104
e 280 2118
e 280 2439
e 280 2538
e 280 3094
e 280 3572
e 280 4719
e 280 4878
e 280 4879
e 280 4880
e 280 4881
e 280 4882
e 280 4883
e 280 4884
e 281 330
e 281 428
e 281 429
e 281 941
e 281 954
e 281 981
e 281 1654
e 281 1922
e 281 2012
e 281 2022
e 281 3102
e 281 3373
e 281 3804
e 281 4506
e 281 4808
e 281 5129
e 281 5309
e 281 5595
e 281 6300
e 281 6512
e 281 7446
e 281 7804
e 281 7805
e 281 7806
e 281 7807
e 281 7808
e 281 7809
e 282 1997
e 282 2101
e 283 415
e 283 429
e 283 430
e 283 433
e 283 434
e 283 439
e 283 444
e 283 607
e 283 651
e 283 655
e 283 1009
e 283 1023
e 283 1062
e 283 1067
e 283 1092
e 283 1132
e 283 1172
e 283 1192
e 283 1412
e 283 1626
e 283 1697
e 283 1823
e 283 1958
e 283 2041
e 283 2082
e 283 2312
e 283 2551
e 283 2626
e 283 2684
e 283 2732
e 283 2789
e 283 2814
e 283 3016
e 283 3069
e 283 3101
e 283 3208
e 283 3411
e 283 3611
e 283 3735
e 283 3754
e 283 3791
e 283 4645
e 283 4845
e 283 4973
e 283 5206
e 283 5243
e 283 5481
e 283 5672
e 283 5762
e 283 6042
e 283 6059
e 283 6120
e 283 6421
e 283 6943
e 283 7062
e 283 7071
e 283 7383
e 283 7463
e 283 7705
e 283 8094
e 283 8095
e 283 8096
e 283 8097
e 283 8098
e 283 8099
e 283 8100
e 283 8101
e 283 8102
e 283 8103
e 283 8104
e 283 8105
e 283 8106
e 283 8107
e 284 328
e 284 431
e 284 507
e 284 508
e 284 541
e 284 689
e 284 784
e 284 795
e 284 3453
e 284 3454
e 284 3456
e 284 3468
e 285 727
e 285 823
e 285 923
e 285 1051
e 285 1531
e 285 1648
e 285 2109
e 285 2120
e 285 2843
e 285 2845
e 285 3223
e 285 4122
e 285 4147
e 285 4953
e 285 5089
e 285 6016
e 285 7776
e 285 8328
e 285 8504
e 286 3212
e 286 3276
e 287 419
e 287 538
e 287 1304
e 287 2031
e 287 2072
e 287 2165
e 287 2549
e 287 3678
e 287 3806
e 287 4312
e 287 4345
e 287 5253
e 287 5380
e 287 5392
e 287 5946
e 287 6632
e 287 7245
e 287 8280
e 287 8671
e 287 8802
e 287 8803
e 287 8804
e 288 323
e 288 2340
e 288 2401
e 288 2621
e 288 2647
e 289 968
e 289 2032
e 289 4027
e 289 6570
e 290 343
e 290 368
e 290 388
e 290 434
e 290 676
e 290 824
e 290 1195
e 290 2241
e 290 2441
e 290 2452
e 290 2551
e 290 2807
e 290 2867
e 290 3106
e 290 3538
e 290 3746
e 290 3749
e 290 4520
e 290 4521
e 290 4522
e 290 4523
e 290 4524
e 291 583
e 291 588
e 291 1009
e 291 1210
e 291 1684
e 291 2721
e 291 2723
e 291 2727
e 291 2741
e 291 4170
e 292 766
e 292 993
e 292 1037
e 292 1060
e 292 1065
e 292 1115
e 292 1121
e 292 1125
e 292 1130
e 292 1165
e 292 1170
e 292 1527
e 292 1824
e 292 2279
e 292 2299
e 292 2417
e 292 3103
e 292 3145
e 292 4783
e 292 4952
e 292 4953
e 292 4954
e 293 875
e 293 993
e 293 1008
e 293 1019
e 293 1020
e 293 1051
e 293 1081
e 293 1083
e 293 1087
e 293 1090
e 293 1112
e 293 1121
e 293 1132
e 293 1167
e 293 1170
e 293 1771
e 293 2279
e 293 3102
e 293 3305
e 293 3312
e 293 4680
e 293 4849
e 293 6091
e 293 6506
e 293 7384
e 293 7385
e 294 296
e 294 550
e 294 665
e 294 745
e 294 1012
e 294 2072
e 294 2385
e 294 2441
e 294 2755
e 294 2867
e 294 3607
e 294 7318
e 294 7454
e 294 7455
e 294 7456
e 295 1191
e 295 1198
e 295 1409
e 295 1756
e 295 5599
e 295 7439
e 295 7785
e 295 8054
e 296 407
e 296 514
e 296 2755
e 296 2959
e 296 3463
e 296 5166
e 296 5818
e 297 298
e 297 299
e 297 300
e 297 301
e 297 302
e 297 303
e 297 304
e 297 305
e 297 306
e 297 307
e 297 308
e 297 309
e 297 310
e 297 311
e 297 312
e 297 313
e 297 314
e 297 315
e 297 316
e 297 317
e 297 318
e 297 319
e 297 320
e 297 321
e 298 302
e 298 322
e 298 323
e 298 324
e 298 325
e 298 326
e 298 327
e 298 328
e 298 329
e 298 330
e 298 331
e 298 332
e 298 333
e 298 334
e 298 335
e 298 336
e 298 337
e 298 338
e 298 339
e 298 340
e 298 341
e 298 342
e 298 343
e 298 344
e 298 345
e 298 346
e 298 347
e 298 348
e 298 349
e 298 350
e 298 351
e 298 352
e 298 353
e 298 354
e 298 355
e 298 356
e 298 357
e 298 358
e 298 359
e 298 360
e 298 361
e 298 362
e 298 363
e 298 364
e 298 365
e 298 366
e 298 367
e 299 400
e 299 401
e 299 402
e 299 403
e 299 404
e 299 405
e 299 406
e 299 407
e 299 408
e 299 409
e 299 410
e 299 411
e 299 412
e 299 413
e 300 302
e 300 324
e 300 325
e 300 328
e 300 334
e 300 342
e 300 346
e 300 347
e 300 407
e 300 503
e 300 504
e 300 505
e 300 506
e 300 507
e 300 508
e 300 509
e 300 510
e 300 511
e 300 512
e 300 513
e 300 514
e 300 515
e 300 516
e 300 517
e 300 518
e 300 519
e 300 520
e 300 521
e 300 522
e 300 523
e 300 524
e 300 525
e 300 526
e 300 527
e 300 528
e 300 529
e 300 530
e 300 531
e 300 532
e 300 533
e 300 534
e 300 535
e 300 536
e 300 537
e 300 538
e 300 539
e 300 540
e 300 541
e 300 542
e 300 543
e 301 544
e 301 545
e 302 340
e 302 361
e 302 557
e 302 558
e 302 559
e 302 560
e 302 561
e 302 562
e 302 563
e 302 564
e 302 565
e 302 566
e 302 567
e 303 325
e 303 568
e 303 569
e 303 570
e 303 571
e 304 326
e 304 586
e 304 587
e 304 607
e 304 608
e 304 609
e 304 610
e 304 611
e 305 586
e 305 618
e 305 619
e 305 620
e 305 621
e 305 622
e 305 623
e 305 624
e 305 625
e 305 626
e 305 627
e 305 628
e 305 629
e 305 630
e 305 631
e 305 632
e 305 633
e 305 634
e 305 635
e 305 636
e 305 637
e 305 638
e 305 639
e 305 640
e 305 641
e 306 347
e 306 2989
e 306 2990
e 307 644
e 307 779
e 307 813
e 307 814
e 307 822
e 307 1953
e 307 1983
e 307 1984
e 307 2107
e 307 2110
e 307 2342
e 307 2868
e 307 4700
e 307 5277
e 308 325
e 308 742
e 308 751
e 308 769
e 308 814
e 308 822
e 308 1417
e 308 1427
e 308 1686
e 308 2172
e 308 2446
e 308 5257
e 308 5258
e 309 330
e 309 331
e 309 336
e 309 426
e 309 557
e 309 773
e 309 774
e 309 813
e 309 906
e 309 1049
e 309 1210
e 309 1227
e 309 2432
e 309 2441
e 309 2716
e 309 5969
e 309 5970
e 310 374
e 310 2189
e 310 2205
e 310 2211
e 310 4567
e 310 4707
e 310 5421
e 311 1018
e 311 1228
e 311 6705
e 312 325
e 312 336
e 312 439
e 312 919
e 312 1006
e 312 1027
e 312 1841
e 312 3449
e 313 325
e 313 578
e 313 1006
e 313 3609
e 313 4059
e 313 5266
e 314 323
e 314 328
e 314 373
e 314 1286
e 314 1690
e 314 1749
e 314 1900
e 314 2526
e 314 3468
e 314 3542
e 314 3647
e 315 325
e 315 578
e 315 2867
e 315 3449
e 315 3904
e 315 5857
e 315 6705
e 316 325
e 316 1570
e 316 1853
e 316 7469
e 317 465
e 317 797
e 317 5881
e 317 7796
e 317 7981
e 318 325
e 319 338
e 319 754
e 319 1414
e 319 1915
e 319 2168
e 319 2502
e 319 3269
e 319 3274
e 319 3824
e 319 4175
e 319 4528
e 319 5312
e 319 6399
e 319 6961
e 319 7162
e 319 8711
e 319 8712
e 319 8713
e 319 8714
e 319 8715
e 319 8716
e 320 2192
e 320 5666
e 322 326
e 322 371
e 322 372
e 322 400
e 322 402
e 322 403
e 322 404
e 322 415
e 322 416
e 322 426
e 322 437
e 322 443
e 322 444
e 322 450
e 322 485
e 322 552
e 322 559
e 322 572
e 322 581
e 322 643
e 322 650
e 322 661
e 322 662
e 322 667
e 322 689
e 322 723
e 322 731
e 322 743
e 322 766
e 322 824
e 322 875
e 322 876
e 322 885
e 322 887
e 322 920
e 322 927
e 322 944
e 322 955
e 322 956
e 322 965
e 322 971
e 322 975
e 322 1000
e 322 1001
e 322 1002
e 322 1003
e 322 1004
e 322 1005
e 322 1006
e 322 1007
e 322 1008
e 322 1009
e 322 1010
e 322 1011
e 322 1012
e 322 1013
e 322 1014
e 322 1015
e 322 1016
e 322 1017
e 322 1018
e 322 1019
e 322 1020
e 322 1021
e 322 1022
e 322 1023
e 322 1024
e 322 1025
e 322 1026
e 322 1027
e 322 1028
e 322 1029
e 322 1030
e 322 1031
e 322 1032
e 322 1033
e 322 1034
e 322 1035
e 322 1036
e 322 1037
e 322 1038
e 322 1039
e 322 1040
e 322 1041
e 322 1042
e 322 1043
e 322 1044
e 322 1045
e 322 1046
e 322 1047
e 322 1048
e 322 1049
e 322 1050
e 322 1051
e 322 1052
e 322 1053
e 322 1054
e 322 1055
e 322 1056
e 322 1057
e 322 1058
e 322 1059
e 322 1060
e 322 1061
e 322 1062
e 322 1063
e 322 1064
e 322 1065
e 322 1066
e 322 1067
e 322 1068
e 322 1069
e 322 1070
e 322 1071
e 322 1072
e 322 1073
e 322 1074
e 322 1075
e 322 1076
e 322 1077
e 322 1078
e 322 1079
e 322 1080
e 322 1081
e 322 1082
e 322 1083
e 322 1084
e 322 1085
e 322 1086
e 322 1087
e 322 1088
e 322 1089
e 322 1090
e 322 1091
e 322 1092
e 322 1093
e 322 1094
e 322 1095
e 322 1096
e 322 1097
e 322 1098
e 322 1099
e 322 1100
e 322 1101
e 322 1102
e 322 1103
e 322 1104
e 322 1105
e 322 1106
e 322 1107
e 322 1108
e 322 1109
e 322 1110
e 322 1111
e 322 1112
e 322 1113
e 322 1114
e 322 1115
e 322 1116
e 322 1117
e 322 1118
e 322 1119
e 322 1120
e 322 1121
e 322 1122
e 322 1123
e 322 1124
e 322 1125
e 322 1126
e 322 1127
e 322 1128
e 322 1129
e 322 1130
e 322 1131
e 322 1132
e 322 1133
e 322 1134
e 322 1135
e 322 1136
e 322 1137
e 322 1138
e 322 1139
e 322 1140
e 322 1141
e 322 1142
e 322 1143
e 322 1144
e 322 1145
e 322 1146
e 322 1147
e 322 1148
e 322 1149
e 322 1150
e 322 1151
e 322 1152
e 322 1153
e 322 1154
e 322 1155
e 322 1156
e 322 1157
e 322 1158
e 322 1159
e 322 1160
e 322 1161
e 322 1162
e 322 1163
e 322 1164
e 322 1165
e 322 1166
e 322 1167
e 322 1168
e 322 1169
e 322 1170
e 322 1171
e 322 1172
e 322 1173
e 322 1174
e 322 1175
e 323 326
e 323 368
e 323 393
e 323 488
e 323 550
e 323 580
e 323 607
e 323 619
e 323 665
e 323 666
e 323 755
e 323 814
e 323 1004
e 323 1192
e 323 1383
e 323 1832
e 323 1846
e 323 1847
e 323 1935
e 323 1959
e 323 2125
e 323 2145
e 323 2203
e 323 2261
e 323 2291
e 323 2340
e 323 2390
e 323 2431
e 323 2434
e 323 2508
e 323 2612
e 323 2613
e 323 2614
e 323 2615
e 323 2616
e 323 2617
e 323 2618
e 323 2619
e 323 2620
e 323 2621
e 323 2622
e 323 2623
e 323 2624
e 323 2625
e 323 2626
e 323 2627
e 323 2628
e 323 2629
e 323 2630
e 323 2631
e 323 2632
e 323 2633
e 323 2634
e 323 2635
e 323 2636
e 323 2637
e 323 2638
e 323 2639
e 323 2640
e 323 2641
e 323 2642
e 323 2643
e 323 2644
e 323 2645
e 323 2646
e 323 2647
e 323 2648
e 323 2649
e 323 2650
e 323 2651
e 323 2652
e 323 2653
e 323 2654
e 323 2655
e 323 2656
e 323 2657
e 323 2658
e 324 361
e 324 512
e 324 559
e 324 659
e 324 1185
e 324 2296
e 324 2906
e 324 3432
e 324 3475
e 324 3476
e 324 3477
e 324 3478
e 325 335
e 325 506
e 325 541
e 325 3239
e 325 3449
e 325 4273
e 325 4274
e 325 4275
e 326 343
e 326 371
e 326 375
e 326 385
e 326 420
e 326 428
e 326 429
e 326 430
e 326 440
e 326 454
e 326 492
e 326 495
e 326 535
e 326 552
e 326 553
e 326 554
e 326 582
e 326 608
e 326 619
e 326 644
e 326 647
e 326 689
e 326 707
e 326 711
e 326 737
e 326 742
e 326 769
e 326 772
e 326 776
e 326 778
e 326 781
e 326 885
e 326 901
e 326 920
e 326 923
e 326 971
e 326 1014
e 326 1055
e 326 1062
e 326 1131
e 326 1181
e 326 1193
e 326 1244
e 326 1251
e 326 1341
e 326 1343
e 326 1345
e 326 1357
e 326 1425
e 326 1513
e 326 1615
e 326 1626
e 326 1747
e 326 1760
e 326 1791
e 326 1918
e 326 1953
e 326 1977
e 326 1984
e 326 2047
e 326 2065
e 326 2101
e 326 2136
e 326 2147
e 326 2180
e 326 2188
e 326 2219
e 326 2250
e 326 2346
e 326 2347
e 326 2349
e 326 2354
e 326 2356
e 326 2358
e 326 2377
e 326 2378
e 326 2383
e 326 2385
e 326 2387
e 326 2390
e 326 2391
e 326 2395
e 326 2398
e 326 2399
e 326 2429
e 326 2444
e 326 2461
e 326 2559
e 326 2573
e 326 2583
e 326 2601
e 326 2722
e 326 2750
e 326 2832
e 326 2867
e 326 2881
e 326 2890
e 326 3016
e 326 3244
e 326 3261
e 326 3262
e 326 3433
e 326 3488
e 326 3491
e 326 3504
e 326 3507
e 326 3509
e 326 3518
e 326 3534
e 326 3535
e 326 3536
e 326 3539
e 326 3556
e 326 3571
e 326 3576
e 326 3588
e 326 3631
e 326 3712
e 326 3734
e 326 3918
e 326 4132
e 326 4405
e 326 4577
e 326 4578
e 326 4624
e 326 4627
e 326 4653
e 326 4654
e 326 4655
e 326 4656
e 326 4657
e 326 4658
e 326 4659
e 326 4660
e 326 4661
e 326 4662
e 326 4663
e 326 4664
e 326 4665
e 326 4666
e 326 4667
e 326 4668
e 326 4669
e 326 4670
e 326 4671
e 326 4672
e 326 4673
e 326 4674
e 326 4675
e 326 4676
e 326 4677
e 326 4678
e 326 4679
e 326 4680
e 327 366
e 327 444
e 327 551
e 327 605
e 327 619
e 327 662
e 327 707
e 327 919
e 327 1007
e 327 1018
e 327 1058
e 327 1222
e 327 1228
e 327 1565
e 327 1896
e 327 1971
e 327 2047
e 327 2162
e 327 2387
e 327 2598
e 327 3271
e 327 3708
e 327 4692
e 327 4804
e 327 4840
e 327 5011
e 327 5012
e 327 5013
e 327 5014
e 327 5015
e 327 5016
e 327 5017
e 328 335
e 328 338
e 328 339
e 328 346
e 328 351
e 328 373
e 328 471
e 328 505
e 328 507
e 328 544
e 328 546
e 328 550
e 328 563
e 328 619
e 328 667
e 328 668
e 328 669
e 328 740
e 328 964
e 328 1049
e 328 1058
e 328 1075
e 328 1141
e 328 1160
e 328 1188
e 328 1276
e 328 1369
e 328 1454
e 328 1511
e 328 1512
e 328 1540
e 328 1565
e 328 1572
e 328 1653
e 328 1673
e 328 1724
e 328 1753
e 328 1767
e 328 1802
e 328 1834
e 328 1859
e 328 1861
e 328 2067
e 328 2078
e 328 2080
e 328 2139
e 328 2298
e 328 2307
e 328 2341
e 328 2350
e 328 2370
e 328 2433
e 328 2473
e 328 2475
e 328 2520
e 328 2526
e 328 2527
e 328 2551
e 328 2584
e 328 2650
e 328 2689
e 328 2816
e 328 2860
e 328 2882
e 328 3015
e 328 3439
e 328 3442
e 328 3578
e 328 3643
e 328 3814
e 328 3958
e 328 3961
e 328 3969
e 328 3970
e 328 3971
e 328 3979
e 328 3980
e 328 3983
e 328 4154
e 328 4168
e 328 4230
e 328 4376
e 328 4434
e 328 4709
e 328 4714
e 328 4715
e 328 4758
e 328 4759
e 328 4760
e 328 4761
e 328 4762
e 328 4763
e 328 4764
e 328 4765
e 328 4766
e 328 4767
e 328 4768
e 328 4770
e 328 4905
e 328 4908
e 328 5021
e 328 5069
e 328 5070
e 328 5072
e 328 5073
e 328 5074
e 328 5075
e 328 5076
e 328 5077
e 328 5078
e 328 5079
e 328 5080
e 328 5081
e 328 5082
e 328 5083
e 328 5084
e 328 5085
e 328 5086
e 328 5087
e 328 5088
e 328 5089
e 328 5090
e 328 5091
e 328 5092
e 328 5093
e 328 5094
e 328 5095
e 328 5096
e 328 5097
e 328 5098
e 328 5099
e 328 5100
e 328 5101
e 328 5102
e 328 5103
e 328 5104
e 329 444
e 329 551
e 329 614
e 329 619
e 329 707
e 329 823
e 329 919
e 329 1005
e 329 1058
e 329 1227
e 329 1946
e 329 1968
e 329 2162
e 329 2383
e 329 2387
e 329 2388
e 329 2432
e 329 2598
e 329 3271
e 329 3580
e 329 3729
e 329 4585
e 329 5011
e 329 5095
e 329 5107
e 329 5108
e 330 425
e 330 429
e 330 430
e 330 454
e 330 553
e 330 573
e 330 582
e 330 689
e 330 707
e 330 711
e 330 721
e 330 742
e 330 770
e 330 828
e 330 971
e 330 1012
e 330 1058
e 330 1062
e 330 1193
e 330 1195
e 330 1619
e 330 1626
e 330 1747
e 330 1753
e 330 1918
e 330 1974
e 330 1978
e 330 2072
e 330 2101
e 330 2136
e 330 2188
e 330 2250
e 330 2349
e 330 2356
e 330 2378
e 330 2379
e 330 2383
e 330 2385
e 330 2391
e 330 2392
e 330 2395
e 330 2398
e 330 2400
e 330 2409
e 330 2411
e 330 2831
e 330 2881
e 330 3433
e 330 3536
e 330 3571
e 330 4102
e 330 4132
e 330 4657
e 330 4658
e 330 5641
e 330 5644
e 330 5645
e 330 5646
e 330 5647
e 330 5648
e 330 5649
e 331 454
e 331 552
e 331 553
e 331 689
e 331 707
e 331 711
e 331 721
e 331 828
e 331 971
e 331 1062
e 331 1193
e 331 1418
e 331 1626
e 331 1918
e 331 2143
e 331 2188
e 331 2337
e 331 2349
e 331 2356
e 331 2378
e 331 2383
e 331 2390
e 331 2391
e 331 2393
e 331 2395
e 331 2398
e 331 2617
e 331 2618
e 331 2655
e 331 2831
e 331 2832
e 331 3262
e 331 3536
e 331 3571
e 331 3918
e 331 3931
e 331 4101
e 331 4132
e 331 4390
e 331 4657
e 331 5836
e 331 5864
e 331 5865
e 332 919
e 332 1018
e 332 1637
e 332 1726
e 332 2388
e 332 2554
e 332 3580
e 332 3905
e 332 4624
e 332 5014
e 332 5900
e 332 5901
e 332 5902
e 332 5903
e 332 5904
e 333 334
e 333 362
e 333 364
e 333 368
e 333 370
e 333 431
e 333 433
e 333 477
e 333 493
e 333 494
e 333 514
e 333 520
e 333 573
e 333 773
e 333 1038
e 333 1131
e 333 1153
e 333 1264
e 333 1357
e 333 1399
e 333 1419
e 333 1429
e 333 1476
e 333 1603
e 333 1604
e 333 1606
e 333 1740
e 333 1766
e 333 1901
e 333 2176
e 333 2177
e 333 2467
e 333 2480
e 333 2501
e 333 2628
e 333 2888
e 333 3135
e 333 3171
e 333 3282
e 333 3521
e 333 3635
e 333 3781
e 333 4019
e 333 4119
e 333 4122
e 333 4344
e 333 4414
e 333 4432
e 333 4520
e 333 4603
e 333 4690
e 333 4715
e 333 4900
e 333 4967
e 333 5193
e 333 5575
e 333 5748
e 333 5793
e 333 5821
e 333 6013
e 333 6014
e 333 6015
e 333 6016
e 333 6017
e 333 6018
e 333 6019
e 333 6020
e 333 6021
e 333 6022
e 333 6023
e 333 6024
e 333 6025
e 333 6026
e 333 6027
e 333 6028
e 333 6029
e 333 6030
e 333 6031
e 333 6032
e 333 6033
e 333 6034
e 333 6035
e 333 6036
e 333 6037
e 334 339
e 334 356
e 334 362
e 334 544
e 334 659
e 334 974
e 334 1049
e 334 1297
e 334 1647
e 334 2296
e 334 2660
e 334 3283
e 334 3395
e 334 3427
e 334 3430
e 334 3438
e 334 3474
e 334 3475
e 334 3693
e 334 3969
e 334 4085
e 334 4772
e 334 5230
e 334 5376
e 334 5377
e 334 5383
e 334 5489
e 334 5793
e 334 6169
e 334 6170
e 334 6171
e 334 6172
e 334 6173
e 334 6174
e 334 6175
e 334 6176
e 334 6177
e 334 6178
e 334 6179
e 334 6180
e 335 562
e 335 1515
e 335 2433
e 335 2860
e 335 3970
e 335 4709
e 335 6438
e 336 337
e 336 350
e 336 514
e 336 557
e 336 666
e 336 1012
e 336 1016
e 336 1028
e 336 1183
e 336 1260
e 336 2338
e 336 2402
e 336 2417
e 336 2421
e 336 2870
e 336 4102
e 336 4182
e 336 4836
e 336 5601
e 336 6729
e 337 426
e 337 666
e 337 1025
e 337 1195
e 337 1198
e 337 1210
e 337 1271
e 337 1412
e 337 1414
e 337 1529
e 337 1652
e 337 1690
e 337 1720
e 337 1792
e 337 6013
e 337 6547
e 338 557
e 338 784
e 338 1603
e 338 2663
e 338 3282
e 339 493
e 339 504
e 339 507
e 339 508
e 339 784
e 339 1655
e 339 2250
e 339 3282
e 340 367
e 340 504
e 340 541
e 340 784
e 340 1603
e 340 1674
e 340 3453
e 340 3468
e 340 3469
e 340 7143
e 340 7230
e 341 376
e 341 557
e 341 665
e 341 814
e 341 1091
e 341 1210
e 341 2911
e 341 3544
e 341 3564
e 341 5633
e 342 1209
e 342 1351
e 342 2350
e 342 2860
e 342 3970
e 342 4709
e 342 5498
e 343 353
e 343 395
e 343 490
e 343 534
e 343 546
e 343 550
e 343 619
e 343 767
e 343 841
e 343 920
e 343 1612
e 343 1615
e 343 1826
e 343 1832
e 343 1846
e 343 1864
e 343 2125
e 343 2203
e 343 2315
e 343 2465
e 343 2508
e 343 2616
e 343 2622
e 343 2624
e 343 2626
e 343 2627
e 343 2634
e 343 2636
e 343 2638
e 343 2639
e 343 2642
e 343 2643
e 343 2644
e 343 2649
e 343 2657
e 343 2826
e 343 2959
e 343 3065
e 343 3067
e 343 3369
e 343 3565
e 343 3607
e 343 3789
e 343 3911
e 343 4392
e 343 4411
e 343 4633
e 343 4713
e 343 4971
e 343 5239
e 343 5640
e 343 5763
e 343 5998
e 343 6718
e 343 7311
e 343 7615
e 343 7616
e 344 371
e 344 439
e 344 920
e 344 2601
e 344 3474
e 344 6872
e 345 504
e 345 557
e 345 2502
e 345 3472
e 345 6522
e 346 493
e 346 504
e 346 507
e 346 508
e 346 511
e 346 524
e 346 527
e 346 537
e 346 827
e 346 2663
e 346 3454
e 346 3466
e 346 3468
e 346 3469
e 346 5166
e 347 504
e 347 505
e 347 512
e 347 527
e 347 688
e 347 1002
e 347 1760
e 347 1923
e 347 2464
e 347 3423
e 347 3923
e 347 4506
e 347 6060
e 347 6193
e 347 7143
e 347 7650
e 348 1038
e 348 3966
e 348 4434
e 348 5053
e 348 5809
e 348 6202
e 348 6203
e 348 7609
e 349 689
e 349 2337
e 349 2502
e 349 3799
e 349 3805
e 349 6626
e 349 6767
e 349 7990
e 349 7991
e 350 557
e 350 932
e 350 1839
e 350 2085
e 350 2134
e 350 2870
e 350 3053
e 350 3262
e 350 3316
e 350 3466
e 350 5078
e 350 5510
e 350 6725
e 350 6730
e 351 367
e 351 505
e 351 507
e 351 510
e 351 527
e 351 1577
e 351 1603
e 351 1655
e 351 5095
e 351 5983
e 351 5984
e 351 8093
e 352 354
e 352 500
e 352 523
e 352 537
e 352 593
e 352 652
e 352 886
e 352 1005
e 352 2247
e 352 2874
e 352 3424
e 352 3442
e 352 3649
e 352 4063
e 352 5104
e 352 5534
e 352 5790
e 354 514
e 354 544
e 354 2674
e 354 4019
e 354 6084
e 355 1136
e 355 3687
e 359 467
e 359 507
e 359 3474
e 359 3687
e 359 3900
e 360 1066
e 360 1138
e 360 3970
e 360 6787
e 360 8464
e 360 8465
e 361 389
e 361 544
e 361 770
e 361 967
e 361 984
e 361 1013
e 361 2770
e 361 3803
e 361 4031
e 361 4085
e 361 4165
e 361 4608
e 361 4906
e 361 5653
e 361 6213
e 361 6361
e 361 6767
e 361 7206
e 361 8497
e 361 8498
e 362 364
e 362 544
e 362 566
e 362 974
e 362 1038
e 362 1645
e 362 1647
e 362 1673
e 362 2029
e 362 3335
e 362 3395
e 362 3404
e 362 3430
e 362 3474
e 362 3969
e 362 3979
e 362 3998
e 362 4746
e 362 5376
e 362 5377
e 362 5793
e 362 6021
e 362 6170
e 362 7548
e 362 8465
e 362 8532
e 362 8533
e 362 8534
e 363 557
e 363 2777
e 364 500
e 364 544
e 364 659
e 364 727
e 364 2373
e 364 2463
e 364 3160
e 364 3411
e 364 3635
e 364 3969
e 364 3979
e 364 5224
e 364 5793
e 364 6024
e 364 6255
e 364 6507
e 364 7580
e 364 8719
e 364 8720
e 365 464
e 365 1619
e 365 2814
e 365 7160
e 365 7161
e 365 7831
e 365 8783
e 366 384
e 366 385
e 366 391
e 366 760
e 367 504
e 367 1603
e 367 1653
e 367 2250
e 367 2480
e 367 6202
e 367 7609
e 367 8372
e 368 369
e 368 371
e 368 373
e 368 425
e 368 430
e 368 431
e 368 520
e 368 546
e 368 549
e 368 552
e 368 630
e 368 642
e 368 648
e 368 653
e 368 665
e 368 670
e 368 692
e 368 701
e 368 745
e 368 751
e 368 822
e 368 824
e 368 918
e 368 928
e 368 949
e 368 955
e 368 1004
e 368 1007
e 368 1011
e 368 1023
e 368 1055
e 368 1057
e 368 1061
e 368 1079
e 368 1082
e 368 1177
e 368 1195
e 368 1255
e 368 1306
e 368 1317
e 368 1341
e 368 1360
e 368 1388
e 368 1418
e 368 1450
e 368 1530
e 368 1537
e 368 1572
e 368 1615
e 368 1689
e 368 1719
e 368 1729
e 368 1755
e 368 1807
e 368 1822
e 368 1823
e 368 1824
e 368 1825
e 368 1826
e 368 1827
e 368 1828
e 368 1829
e 368 1830
e 368 1831
e 368 1832
e 368 1833
e 368 1834
e 368 1835
e 368 1836
e 368 1837
e 368 1838
e 368 1839
e 368 1840
e 368 1841
e 368 1842
e 368 1843
e 368 1844
e 368 1845
e 368 1846
e 368 1847
e 368 1848
e 368 1849
e 368 1850
e 368 1851
e 368 1852
e 368 1853
e 368 1854
e 368 1855
e 368 1856
e 368 1857
e 368 1858
e 368 1859
e 368 1860
e 368 1861
e 368 1862
e 368 1863
e 368 1864
e 368 1865
e 368 1866
e 368 1867
e 368 1868
e 368 1869
e 368 1870
e 368 1871
e 368 1872
e 368 1873
e 368 1874
e 368 1875
e 368 1876
e 368 1877
e 368 1878
e 368 1879
e 368 1880
e 368 1881
e 368 1882
e 369 373
e 369 433
e 369 547
e 369 550
e 369 620
e 369 621
e 369 643
e 369 644
e 369 770
e 369 813
e 369 930
e 369 949
e 369 1006
e 369 1012
e 369 1017
e 369 1036
e 369 1370
e 369 1566
e 369 1633
e 369 1745
e 369 1827
e 369 1831
e 369 1838
e 369 2041
e 369 2042
e 369 2243
e 369 2299
e 369 2478
e 369 2544
e 369 2548
e 369 2947
e 369 3009
e 369 3118
e 369 3120
e 369 3124
e 369 3125
e 369 3126
e 369 3127
e 369 3128
e 369 3129
e 369 3130
e 369 3131
e 369 3132
e 369 3133
e 369 3134
e 369 3135
e 369 3136
e 369 3137
e 369 3138
e 369 3139
e 369 3140
e 369 3141
e 369 3142
e 369 3143
e 369 3144
e 369 3145
e 369 3146
e 369 3147
e 369 3148
e 369 3149
e 369 3150
e 369 3151
e 369 3152
e 369 3153
e 369 3154
e 369 3155
e 369 3156
e 369 3157
e 369 3158
e 369 3159
e 369 3160
e 369 3161
e 370 372
e 370 420
e 370 755
e 370 824
e 370 1023
e 370 1054
e 370 1306
e 370 1360
e 370 1392
e 370 1530
e 370 1827
e 370 1828
e 370 1838
e 370 1839
e 370 1840
e 370 1852
e 370 1863
e 370 2667
e 370 3016
e 370 3685
e 370 3898
e 370 4071
e 370 4072
e 370 4073
e 370 4074
e 370 4075
e 370 4076
e 371 372
e 371 373
e 371 446
e 371 490
e 371 509
e 371 560
e 371 581
e 371 660
e 371 661
e 371 701
e 371 872
e 371 920
e 371 922
e 371 1005
e 371 1017
e 371 1028
e 371 1034
e 371 1049
e 371 1054
e 371 1097
e 371 1342
e 371 1470
e 371 1591
e 371 1650
e 371 1827
e 371 1839
e 371 2047
e 371 2172
e 371 2273
e 371 2550
e 371 2552
e 371 2944
e 371 3105
e 371 3159
e 371 3291
e 371 3565
e 371 3774
e 371 3808
e 371 4076
e 371 4077
e 371 4078
e 371 4079
e 371 4080
e 371 4081
e 371 4082
e 371 4083
e 371 4084
e 371 4085
e 371 4086
e 371 4087
e 371 4088
e 371 4089
e 371 4090
e 371 4091
e 371 4092
e 371 4093
e 371 4094
e 371 4095
e 371 4096
e 371 4097
e 371 4098
e 371 4099
e 371 4100
e 372 373
e 372 409
e 372 446
e 372 509
e 372 547
e 372 560
e 372 581
e 372 661
e 372 723
e 372 1342
e 372 1388
e 372 1470
e 372 1572
e 372 1591
e 372 1650
e 372 1708
e 372 1827
e 372 1838
e 372 1839
e 372 1851
e 372 2143
e 372 2146
e 372 2550
e 372 2552
e 372 2767
e 372 2814
e 372 3105
e 372 3291
e 372 3292
e 372 3808
e 372 4076
e 372 4077
e 372 4082
e 372 4083
e 372 4088
e 372 4089
e 372 4090
e 372 4091
e 372 4092
e 372 4093
e 372 4095
e 372 4096
e 372 4099
e 372 4141
e 372 4142
e 372 4143
e 372 4144
e 373 400
e 373 431
e 373 497
e 373 554
e 373 668
e 373 751
e 373 755
e 373 781
e 373 869
e 373 884
e 373 949
e 373 1004
e 373 1058
e 373 1177
e 373 1195
e 373 1286
e 373 1341
e 373 1435
e 373 1513
e 373 1572
e 373 1615
e 373 1724
e 373 1751
e 373 1753
e 373 1827
e 373 1828
e 373 1829
e 373 1834
e 373 1838
e 373 1839
e 373 1841
e 373 1851
e 373 1852
e 373 1853
e 373 1855
e 373 1867
e 373 1881
e 373 2078
e 373 2526
e 373 3219
e 373 3373
e 373 4071
e 373 4072
e 373 4097
e 373 4151
e 373 4152
e 373 4153
e 373 4154
e 373 4155
e 373 4156
e 373 4157
e 373 4158
e 373 4159
e 373 4160
e 374 427
e 374 621
e 374 721
e 374 781
e 374 1510
e 374 1637
e 374 1958
e 374 1960
e 374 2071
e 374 2145
e 374 2510
e 374 2687
e 374 2716
e 374 2777
e 374 2867
e 374 3244
e 374 3314
e 374 3961
e 374 4302
e 374 4319
e 374 4320
e 374 4321
e 374 4324
e 374 4489
e 374 4567
e 374 4568
e 374 4569
e 374 5211
e 374 5435
e 374 5436
e 374 5437
e 374 5438
e 374 5439
e 375 825
e 375 1468
e 375 1680
e 375 1725
e 375 1958
e 375 2211
e 375 3939
e 375 4272
e 375 4312
e 375 4550
e 375 4567
e 375 4941
e 375 5440
e 375 5910
e 376 608
e 376 746
e 376 747
e 376 830
e 376 1568
e 376 1641
e 376 1826
e 376 1858
e 376 2142
e 376 2401
e 376 3173
e 376 3240
e 376 3242
e 376 3245
e 376 3246
e 376 3249
e 376 5896
e 377 933
e 377 1015
e 377 2059
e 378 583
e 378 800
e 378 942
e 378 1981
e 379 535
e 379 2842
e 379 5125
e 379 7158
e 379 8401
e 380 535
e 380 1442
e 380 3221
e 380 4362
e 380 5958
e 380 7157
e 380 8433
e 381 382
e 382 8526
e 384 391
e 384 456
e 384 458
e 384 488
e 384 608
e 384 664
e 384 683
e 384 711
e 384 712
e 384 714
e 384 722
e 384 731
e 384 750
e 384 753
e 384 755
e 384 765
e 384 767
e 384 769
e 384 770
e 384 771
e 384 772
e 384 773
e 384 774
e 384 775
e 384 776
e 384 777
e 384 778
e 384 779
e 384 780
e 384 781
e 384 782
e 384 783
e 384 784
e 384 785
e 384 786
e 384 787
e 384 788
e 384 789
e 384 790
e 384 791
e 384 792
e 384 793
e 384 794
e 384 795
e 384 796
e 384 797
e 384 798
e 384 799
e 384 800
e 384 801
e 384 802
e 384 803
e 384 804
e 384 805
e 384 806
e 384 807
e 384 808
e 384 809
e 384 810
e 384 811
e 384 812
e 385 391
e 385 394
e 385 440
e 385 455
e 385 456
e 385 601
e 385 621
e 385 663
e 385 664
e 385 683
e 385 697
e 385 711
e 385 712
e 385 714
e 385 721
e 385 750
e 385 751
e 385 753
e 385 754
e 385 756
e 385 759
e 385 763
e 385 765
e 385 767
e 385 772
e 385 773
e 385 775
e 385 776
e 385 778
e 385 779
e 385 780
e 385 782
e 385 784
e 385 785
e 385 786
e 385 787
e 385 788
e 385 789
e 385 791
e 385 792
e 385 795
e 385 796
e 385 797
e 385 798
e 385 799
e 385 800
e 385 801
e 385 802
e 385 803
e 385 804
e 385 805
e 385 808
e 385 810
e 385 817
e 385 821
e 385 822
e 385 823
e 385 824
e 385 825
e 385 826
e 385 827
e 385 828
e 385 829
e 385 830
e 385 831
e 385 832
e 385 833
e 385 834
e 385 835
e 385 836
e 385 837
e 385 838
e 385 839
e 385 840
e 385 841
e 385 842
e 385 843
e 385 844
e 385 845
e 385 846
e 385 847
e 385 848
e 385 849
e 385 850
e 385 851
e 385 852
e 385 853
e 385 854
e 385 855
e 386 683
e 386 689
e 386 841
e 386 856
e 386 857
e 386 858
e 386 859
e 386 860
e 386 861
e 386 862
e 386 863
e 386 864
e 386 865
e 386 866
e 386 867
e 387 548
e 387 919
e 387 1222
e 387 1868
e 387 2762
e 387 3447
e 387 3449
e 387 3658
e 387 3686
e 387 3951
e 387 3952
e 387 3953
e 387 3954
e 387 3955
e 387 3956
e 388 429
e 388 434
e 388 602
e 388 663
e 388 689
e 388 755
e 388 796
e 388 824
e 388 1014
e 388 1073
e 388 1564
e 388 1619
e 388 1652
e 388 1828
e 388 1832
e 388 1992
e 388 2337
e 388 2511
e 388 2625
e 388 2821
e 388 2899
e 388 2902
e 388 3071
e 388 3203
e 388 3211
e 388 3218
e 388 3631
e 388 3929
e 388 4101
e 388 4525
e 388 4526
e 388 4527
e 388 4528
e 388 4529
e 388 4530
e 388 4531
e 389 390
e 389 392
e 389 395
e 389 547
e 389 661
e 389 1012
e 389 2347
e 389 2625
e 389 2770
e 389 3069
e 389 3609
e 389 3612
e 389 4170
e 389 4529
e 389 4659
e 389 4836
e 389 4837
e 389 4838
e 390 1024
e 390 1609
e 390 3432
e 390 4604
e 390 5507
e 390 5508
e 391 440
e 391 456
e 391 664
e 391 711
e 391 712
e 391 721
e 391 759
e 391 772
e 391 773
e 391 775
e 391 776
e 391 779
e 391 780
e 391 785
e 391 788
e 391 789
e 391 792
e 391 794
e 391 795
e 391 796
e 391 797
e 391 798
e 391 801
e 391 802
e 391 804
e 391 808
e 391 828
e 391 840
e 391 845
e 391 1940
e 391 3591
e 391 6069
e 392 1323
e 392 1609
e 392 1702
e 392 2770
e 392 3069
e 392 3432
e 392 4165
e 392 4181
e 392 4604
e 392 4837
e 392 5507
e 392 5508
e 392 6295
e 392 6324
e 392 6325
e 392 6326
e 392 6327
e 393 397
e 393 420
e 393 473
e 393 509
e 393 648
e 393 689
e 393 751
e 393 755
e 393 770
e 393 948
e 393 999
e 393 1073
e 393 1081
e 393 1197
e 393 1652
e 393 1828
e 393 1832
e 393 1953
e 393 1992
e 393 2315
e 393 2683
e 393 2814
e 393 2888
e 393 2899
e 393 2950
e 393 3203
e 393 3211
e 393 3387
e 393 3505
e 393 3806
e 393 3929
e 393 4101
e 393 4526
e 393 4528
e 393 4802
e 393 4859
e 393 5224
e 393 5480
e 393 5949
e 393 6417
e 393 6418
e 393 6419
e 393 6420
e 393 6421
e 393 6422
e 394 457
e 394 461
e 394 609
e 394 611
e 394 926
e 394 1686
e 394 2076
e 394 2685
e 394 4493
e 394 5499
e 394 7490
e 394 7491
e 394 7492
e 395 1941
e 395 2065
e 395 2261
e 395 2392
e 395 3591
e 395 4853
e 395 5341
e 395 6573
e 395 7859
e 396 574
e 396 1459
e 396 2075
e 396 2344
e 396 2708
e 396 2709
e 396 2906
e 396 3000
e 396 3010
e 396 3057
e 396 3404
e 396 4500
e 396 4506
e 396 4507
e 396 4511
e 396 4808
e 396 5051
e 396 7372
e 396 7417
e 396 7764
e 396 8368
e 396 8369
e 396 8370
e 397 986
e 399 544
e 399 5804
e 400 409
e 400 431
e 400 450
e 400 540
e 400 766
e 400 824
e 400 869
e 400 934
e 400 940
e 400 941
e 400 943
e 400 944
e 400 945
e 400 946
e 400 947
e 400 948
e 400 949
e 400 950
e 400 951
e 400 952
e 400 953
e 400 954
e 400 955
e 400 956
e 400 957
e 400 958
e 400 959
e 400 960
e 400 961
e 400 962
e 400 963
e 400 964
e 400 965
e 400 966
e 400 967
e 400 968
e 400 969
e 400 970
e 400 971
e 400 972
e 400 973
e 400 974
e 400 975
e 400 976
e 400 977
e 400 978
e 400 979
e 400 980
e 400 981
e 400 982
e 400 983
e 400 984
e 400 985
e 400 986
e 400 987
e 400 988
e 400 989
e 400 990
e 400 991
e 400 992
e 400 993
e 400 994
e 400 995
e 400 996
e 400 997
e 400 998
e 400 999
e 401 402
e 401 406
e 401 408
e 401 410
e 401 411
e 401 443
e 401 444
e 401 448
e 401 886
e 401 903
e 401 927
e 401 957
e 401 963
e 401 1000
e 401 1002
e 401 1007
e 401 1018
e 401 1024
e 401 1036
e 401 1053
e 401 1062
e 401 1067
e 401 1116
e 401 1178
e 401 1188
e 401 1189
e 401 1191
e 401 1192
e 401 1195
e 401 1198
e 401 1204
e 401 1228
e 401 1231
e 401 1233
e 401 1239
e 401 1252
e 401 1255
e 401 1272
e 401 1316
e 401 1330
e 401 1409
e 401 1411
e 401 1424
e 401 1429
e 401 1430
e 401 1439
e 401 1440
e 401 1446
e 401 1450
e 401 1451
e 401 1452
e 401 1453
e 401 1454
e 401 1455
e 401 1456
e 401 1457
e 401 1458
e 401 1459
e 401 1460
e 401 1461
e 401 1462
e 401 1463
e 401 1464
e 401 1465
e 401 1466
e 401 1467
e 401 1468
e 401 1469
e 401 1470
e 401 1471
e 401 1472
e 401 1473
e 401 1474
e 401 1475
e 401 1476
e 401 1477
e 401 1478
e 401 1479
e 401 1480
e 401 1481
e 401 1482
e 401 1483
e 401 1484
e 401 1485
e 401 1486
e 401 1487
e 401 1488
e 401 1489
e 401 1490
e 401 1491
e 401 1492
e 401 1493
e 401 1494
e 401 1495
e 401 1496
e 401 1497
e 401 1498
e 401 1499
e 401 1500
e 401 1501
e 401 1502
e 401 1503
e 401 1504
e 402 406
e 402 408
e 402 412
e 402 824
e 402 902
e 402 963
e 402 1000
e 402 1067
e 402 1116
e 402 1176
e 402 1188
e 402 1204
e 402 1239
e 402 1255
e 402 1330
e 402 1386
e 402 1413
e 402 1415
e 402 1419
e 402 1426
e 402 1429
e 402 1439
e 402 1440
e 402 1441
e 402 1456
e 402 1457
e 402 1472
e 402 1475
e 402 1480
e 402 1482
e 402 1483
e 402 1488
e 402 1489
e 402 1490
e 402 1491
e 402 1501
e 402 1520
e 402 1624
e 402 1625
e 402 1626
e 402 1627
e 402 1628
e 402 1629
e 402 1630
e 402 1631
e 402 1632
e 403 415
e 403 458
e 403 888
e 403 889
e 403 961
e 403 1067
e 403 1103
e 403 1125
e 403 1134
e 403 1195
e 403 1231
e 403 1249
e 403 1274
e 403 1334
e 403 1453
e 403 1467
e 403 1577
e 403 1624
e 403 1709
e 403 1775
e 403 1777
e 403 1996
e 403 2339
e 403 2586
e 403 3348
e 403 3349
e 403 3350
e 403 3351
e 403 3352
e 403 3353
e 403 3354
e 404 405
e 404 415
e 404 458
e 404 652
e 404 824
e 404 878
e 404 888
e 404 1007
e 404 1022
e 404 1050
e 404 1055
e 404 1080
e 404 1147
e 404 1148
e 404 1191
e 404 1195
e 404 1197
e 404 1213
e 404 1230
e 404 1233
e 404 1235
e 404 1242
e 404 1244
e 404 1247
e 404 1249
e 404 1282
e 404 1291
e 404 1325
e 404 1410
e 404 1412
e 404 1484
e 404 1528
e 404 1575
e 404 1579
e 404 1589
e 404 1702
e 404 1731
e 404 1754
e 404 1756
e 404 1794
e 404 2054
e 404 2272
e 404 2279
e 404 2496
e 404 2587
e 404 3011
e 404 3021
e 404 3043
e 404 3374
e 404 3398
e 404 3434
e 404 3507
e 404 4459
e 404 4905
e 404 5130
e 404 5672
e 404 5705
e 404 5706
e 404 5707
e 404 5708
e 404 5709
e 404 5710
e 404 5711
e 404 5712
e 404 5713
e 404 5714
e 404 5715
e 404 5716
e 404 5717
e 404 5718
e 404 5719
e 404 5720
e 404 5721
e 404 5722
e 405 880
e 405 1106
e 405 1184
e 405 1191
e 405 1213
e 405 1220
e 405 1233
e 405 1235
e 405 1249
e 405 1325
e 405 1389
e 405 1428
e 405 1575
e 405 1702
e 405 1731
e 405 1756
e 405 2270
e 405 2272
e 405 2414
e 405 2492
e 405 2587
e 405 3011
e 405 3047
e 405 3568
e 405 5089
e 405 5672
e 405 5716
e 405 5724
e 406 407
e 406 408
e 406 440
e 406 824
e 406 1056
e 406 1195
e 406 1316
e 406 1358
e 406 1439
e 406 1454
e 406 1472
e 406 1496
e 406 1619
e 406 2575
e 406 2577
e 406 2580
e 406 2870
e 406 3033
e 406 3799
e 406 4661
e 406 6266
e 406 6353
e 406 6354
e 406 6355
e 407 409
e 407 1031
e 407 1039
e 407 1049
e 407 1195
e 407 1458
e 407 1497
e 407 2525
e 407 2888
e 407 5498
e 407 6131
e 408 412
e 408 443
e 408 448
e 408 887
e 408 927
e 408 1000
e 408 1002
e 408 1018
e 408 1062
e 408 1116
e 408 1176
e 408 1184
e 408 1191
e 408 1192
e 408 1204
e 408 1228
e 408 1239
e 408 1252
e 408 1255
e 408 1330
e 408 1403
e 408 1421
e 408 1424
e 408 1426
e 408 1436
e 408 1437
e 408 1456
e 408 1457
e 408 1460
e 408 1463
e 408 1464
e 408 1465
e 408 1474
e 408 1478
e 408 1483
e 408 1487
e 408 1488
e 408 1489
e 408 1490
e 408 1491
e 408 1495
e 408 1569
e 408 1626
e 408 1708
e 408 1715
e 408 3566
e 408 6370
e 408 6371
e 408 6372
e 408 6373
e 408 6374
e 409 412
e 409 922
e 409 3967
e 410 412
e 410 1176
e 410 1188
e 410 1439
e 410 1456
e 410 1628
e 410 1629
e 410 5197
e 411 1136
e 411 1743
e 411 2077
e 411 4812
e 411 5053
e 412 413
e 412 1453
e 412 3967
e 412 4587
e 413 3967
e 414 415
e 414 869
e 414 878
e 414 880
e 414 920
e 414 966
e 414 1000
e 414 1147
e 414 1148
e 414 1181
e 414 1184
e 414 1411
e 414 1573
e 414 1574
e 414 1575
e 414 1576
e 414 1577
e 414 1578
e 414 1579
e 414 1580
e 414 1581
e 415 416
e 415 417
e 415 418
e 415 490
e 415 661
e 415 705
e 415 715
e 415 869
e 415 879
e 415 889
e 415 915
e 415 920
e 415 928
e 415 956
e 415 961
e 415 966
e 415 1007
e 415 1029
e 415 1044
e 415 1066
e 415 1082
e 415 1103
e 415 1178
e 415 1179
e 415 1188
e 415 1191
e 415 1192
e 415 1208
e 415 1213
e 415 1271
e 415 1274
e 415 1275
e 415 1283
e 415 1284
e 415 1353
e 415 1409
e 415 1410
e 415 1411
e 415 1417
e 415 1427
e 415 1454
e 415 1589
e 415 1591
e 415 1624
e 415 1748
e 415 2041
e 415 2042
e 415 2043
e 415 2044
e 415 2045
e 415 2046
e 415 2047
e 415 2048
e 415 2049
e 415 2050
e 415 2051
e 415 2052
e 415 2053
e 415 2054
e 415 2055
e 415 2056
e 415 2057
e 415 2058
e 415 2059
e 415 2060
e 415 2061
e 415 2062
e 415 2063
e 415 2064
e 416 417
e 416 439
e 416 440
e 416 665
e 416 668
e 416 825
e 416 876
e 416 888
e 416 915
e 416 1004
e 416 1018
e 416 1058
e 416 1082
e 416 1192
e 416 1197
e 416 1228
e 416 1286
e 416 1296
e 416 1425
e 416 1429
e 416 1512
e 416 1515
e 416 1570
e 416 1657
e 416 1727
e 416 1729
e 416 1753
e 416 1760
e 416 1767
e 416 1997
e 416 2047
e 416 2058
e 416 2065
e 416 2066
e 416 2067
e 416 2068
e 416 2069
e 416 2070
e 416 2071
e 416 2072
e 416 2073
e 416 2074
e 416 2075
e 416 2076
e 416 2077
e 416 2078
e 416 2079
e 416 2080
e 416 2081
e 416 2082
e 416 2083
e 416 2084
e 416 2085
e 416 2086
e 416 2087
e 416 2088
e 416 2089
e 416 2090
e 416 2091
e 416 2092
e 416 2093
e 416 2094
e 416 2095
e 416 2096
e 416 2097
e 417 888
e 417 920
e 417 1004
e 417 1760
e 417 2082
e 417 2532
e 417 2993
e 417 3662
e 417 3664
e 417 5273
e 418 1018
e 418 1962
e 418 2262
e 418 2716
e 418 3060
e 418 5072
e 418 5565
e 418 6834
e 419 956
e 419 1198
e 419 1364
e 419 2047
e 419 2520
e 419 2819
e 419 6095
e 419 7629
e 419 7795
e 420 433
e 420 449
e 420 489
e 420 490
e 420 493
e 420 514
e 420 550
e 420 593
e 420 607
e 420 608
e 420 642
e 420 644
e 420 647
e 420 668
e 420 697
e 420 722
e 420 742
e 420 743
e 420 744
e 420 770
e 420 775
e 420 783
e 420 813
e 420 814
e 420 815
e 420 822
e 420 824
e 420 825
e 420 827
e 420 915
e 420 917
e 420 953
e 420 990
e 420 1014
e 420 1025
e 420 1098
e 420 1192
e 420 1210
e 420 1270
e 420 1338
e 420 1341
e 420 1352
e 420 1417
e 420 1427
e 420 1513
e 420 1617
e 420 1636
e 420 1686
e 420 1725
e 420 1829
e 420 1832
e 420 1835
e 420 1837
e 420 1938
e 420 1950
e 420 1962
e 420 1970
e 420 1984
e 420 2048
e 420 2078
e 420 2102
e 420 2105
e 420 2133
e 420 2134
e 420 2142
e 420 2149
e 420 2162
e 420 2164
e 420 2168
e 420 2180
e 420 2183
e 420 2208
e 420 2222
e 420 2243
e 420 2244
e 420 2245
e 420 2246
e 420 2247
e 420 2258
e 420 2259
e 420 2280
e 420 2303
e 420 2305
e 420 2336
e 420 2430
e 420 2440
e 420 2447
e 420 2451
e 420 2452
e 420 2508
e 420 2532
e 420 2545
e 420 2546
e 420 2547
e 420 2597
e 420 2616
e 420 2637
e 420 2661
e 420 2683
e 420 2698
e 420 2776
e 420 2777
e 420 2778
e 420 2779
e 420 2780
e 420 2781
e 420 2782
e 420 2783
e 420 2784
e 420 2785
e 420 2786
e 420 2787
e 420 2788
e 420 2789
e 420 2790
e 420 2791
e 420 2792
e 420 2793
e 420 2794
e 420 2795
e 420 2796
e 420 2797
e 420 2798
e 420 2799
e 420 2800
e 420 2801
e 420 2802
e 420 2803
e 420 2804
e 420 2805
e 420 2806
e 420 2807
e 420 2808
e 420 2809
e 420 2810
e 420 2811
e 420 2812
e 421 427
e 421 428
e 421 682
e 421 685
e 421 1341
e 421 1621
e 421 2336
e 421 2834
e 421 2835
e 421 2836
e 422 488
e 422 608
e 422 685
e 422 708
e 422 723
e 422 734
e 422 856
e 422 914
e 422 1008
e 422 2098
e 422 2377
e 422 2378
e 422 2429
e 422 2510
e 422 2721
e 422 2725
e 422 2726
e 422 3192
e 422 3193
e 422 3230
e 422 3231
e 422 3232
e 422 3233
e 422 3234
e 422 3235
e 422 3236
e 422 3237
e 423 1825
e 423 2118
e 423 2458
e 423 2523
e 423 2742
e 423 2762
e 423 2892
e 423 3380
e 424 490
e 424 721
e 424 751
e 424 813
e 424 828
e 424 2759
e 424 2902
e 424 3129
e 424 3609
e 424 4101
e 424 4103
e 424 4839
e 425 502
e 425 592
e 425 721
e 425 723
e 425 750
e 425 770
e 425 771
e 425 828
e 425 844
e 425 934
e 425 1709
e 425 2118
e 425 2202
e 425 2411
e 425 2439
e 425 2458
e 425 2523
e 425 2579
e 425 2728
e 425 2762
e 425 2769
e 425 2852
e 425 2889
e 425 3255
e 425 3380
e 425 3734
e 425 4889
e 425 4890
e 426 430
e 426 431
e 426 432
e 426 437
e 426 580
e 426 643
e 426 692
e 426 751
e 426 822
e 426 873
e 426 901
e 426 944
e 426 1010
e 426 1011
e 426 1018
e 426 1021
e 426 1032
e 426 1036
e 426 1040
e 426 1041
e 426 1049
e 426 1052
e 426 1062
e 426 1065
e 426 1068
e 426 1069
e 426 1070
e 426 1174
e 426 1188
e 426 1195
e 426 1197
e 426 1211
e 426 1212
e 426 1236
e 426 1244
e 426 1245
e 426 1248
e 426 1255
e 426 1341
e 426 1451
e 426 1587
e 426 1588
e 426 1606
e 426 1640
e 426 1690
e 426 1712
e 426 1719
e 426 1721
e 426 1729
e 426 1730
e 426 1752
e 426 1789
e 426 1796
e 426 1798
e 426 1799
e 426 1828
e 426 1843
e 426 1844
e 426 1951
e 426 1962
e 426 1972
e 426 1996
e 426 1998
e 426 2048
e 426 2164
e 426 2348
e 426 2355
e 426 2523
e 426 2602
e 426 2781
e 426 2845
e 426 2846
e 426 2891
e 426 3016
e 426 3245
e 426 3450
e 426 3453
e 426 3501
e 426 3565
e 426 3572
e 426 3610
e 426 4084
e 426 4405
e 426 4525
e 426 4661
e 426 4794
e 426 4809
e 426 4913
e 426 4928
e 426 4955
e 426 4956
e 426 4957
e 426 4958
e 426 4959
e 426 4960
e 426 4961
e 426 4962
e 426 4963
e 426 4964
e 426 4965
e 426 4966
e 426 4967
e 426 4968
e 426 4969
e 426 4970
e 426 4971
e 426 4972
e 427 428
e 427 745
e 427 813
e 427 1210
e 427 1531
e 427 1917
e 427 2404
e 427 2442
e 427 2777
e 427 2867
e 427 3942
e 427 4414
e 427 5205
e 427 5206
e 427 5207
e 428 431
e 428 544
e 428 642
e 428 644
e 428 743
e 428 751
e 428 813
e 428 817
e 428 825
e 428 1210
e 428 2337
e 428 4826
e 428 5208
e 428 5209
e 429 508
e 429 607
e 429 654
e 429 681
e 429 711
e 429 751
e 429 906
e 429 914
e 429 923
e 429 944
e 429 951
e 429 971
e 429 992
e 429 1192
e 429 1195
e 429 1210
e 429 1512
e 429 1685
e 429 1712
e 429 1719
e 429 1835
e 429 1943
e 429 1947
e 429 1973
e 429 1974
e 429 1978
e 429 1988
e 429 2122
e 429 2147
e 429 2159
e 429 2163
e 429 2280
e 429 2379
e 429 2385
e 429 2425
e 429 2516
e 429 2660
e 429 2867
e 429 3363
e 429 3526
e 429 3592
e 429 3680
e 429 3922
e 429 4042
e 429 5018
e 429 5425
e 429 5426
e 429 5427
e 429 5428
e 430 949
e 430 1210
e 430 1842
e 430 3016
e 430 3029
e 430 3807
e 430 4830
e 430 4831
e 430 5483
e 430 5799
e 430 6810
e 431 450
e 431 490
e 431 515
e 431 534
e 431 546
e 431 567
e 431 716
e 431 723
e 431 725
e 431 901
e 431 934
e 431 940
e 431 945
e 431 946
e 431 949
e 431 954
e 431 955
e 431 959
e 431 961
e 431 962
e 431 964
e 431 966
e 431 968
e 431 970
e 431 971
e 431 972
e 431 977
e 431 981
e 431 984
e 431 986
e 431 988
e 431 989
e 431 991
e 431 992
e 431 993
e 431 995
e 431 1014
e 431 1044
e 431 1159
e 431 1240
e 431 1360
e 431 1383
e 431 1388
e 431 1418
e 431 1456
e 431 1505
e 431 1758
e 431 1826
e 431 1836
e 431 1847
e 431 2012
e 431 2031
e 431 2161
e 431 2313
e 431 2416
e 431 2417
e 431 2421
e 431 2439
e 431 2464
e 431 2480
e 431 2695
e 431 2835
e 431 2836
e 431 2842
e 431 2876
e 431 2895
e 431 3374
e 431 3437
e 431 3439
e 431 3442
e 431 3586
e 431 3929
e 431 3961
e 431 3970
e 431 3975
e 431 3984
e 431 4004
e 431 4070
e 431 4147
e 431 4178
e 431 4523
e 431 5380
e 431 5598
e 431 5673
e 431 6185
e 431 6195
e 431 6264
e 431 6498
e 431 6513
e 431 6853
e 431 6854
e 431 6855
e 431 6856
e 431 6857
e 431 6858
e 431 6859
e 431 6860
e 431 6861
e 431 6862
e 432 491
e 432 743
e 432 839
e 432 844
e 432 947
e 432 1125
e 432 1507
e 432 1531
e 432 1832
e 432 1946
e 432 1968
e 432 2073
e 432 2435
e 432 2714
e 432 2804
e 432 2882
e 432 3348
e 432 4231
e 432 4233
e 432 4234
e 432 4235
e 433 544
e 433 547
e 433 764
e 433 824
e 433 1036
e 433 1065
e 433 1083
e 433 1090
e 433 1121
e 433 1132
e 433 1171
e 433 1311
e 433 1510
e 433 1570
e 433 1643
e 433 1684
e 433 1951
e 433 2180
e 433 2434
e 433 2713
e 433 3520
e 433 3611
e 433 3631
e 433 3684
e 433 4323
e 433 4345
e 433 4346
e 433 4347
e 433 4348
e 433 4349
e 433 4350
e 434 1684
e 434 2180
e 434 2708
e 434 4499
e 434 4515
e 435 906
e 435 915
e 435 4756
e 435 4757
e 436 824
e 436 919
e 436 2788
e 436 3373
e 436 3524
e 437 534
e 437 1005
e 437 1049
e 437 1371
e 437 1868
e 437 2108
e 437 2434
e 437 2476
e 437 3146
e 437 3221
e 437 3686
e 437 4209
e 437 4211
e 437 4885
e 437 4886
e 437 4887
e 437 4888
e 438 532
e 438 1340
e 438 1823
e 438 2510
e 438 2825
e 438 3258
e 438 3597
e 438 5267
e 438 5268
e 438 5269
e 439 454
e 439 503
e 439 689
e 439 920
e 439 948
e 439 967
e 439 1051
e 439 1136
e 439 1195
e 439 1198
e 439 1249
e 439 1591
e 439 1686
e 439 1756
e 439 1828
e 439 1971
e 439 1972
e 439 2047
e 439 2068
e 439 2071
e 439 2520
e 439 2788
e 439 3169
e 439 3291
e 439 3380
e 439 3627
e 439 3835
e 439 3920
e 439 4285
e 439 4516
e 439 5467
e 439 5469
e 439 5477
e 439 5478
e 439 5479
e 439 5480
e 439 5481
e 439 5482
e 440 460
e 440 490
e 440 588
e 440 722
e 440 779
e 440 826
e 440 1311
e 440 1984
e 440 2300
e 440 2790
e 440 3520
e 440 3724
e 440 4295
e 440 4652
e 440 5020
e 440 5067
e 440 5661
e 440 5776
e 440 5777
e 440 5778
e 441 514
e 441 644
e 441 742
e 441 751
e 441 1917
e 441 2011
e 441 2150
e 441 2164
e 441 2243
e 441 2251
e 441 2310
e 441 2341
e 441 2637
e 441 3661
e 441 4693
e 441 5223
e 441 5228
e 441 5785
e 442 550
e 442 643
e 442 644
e 442 742
e 442 754
e 442 813
e 442 814
e 442 1005
e 442 1467
e 442 1835
e 442 1917
e 442 2011
e 442 2143
e 442 2146
e 442 2150
e 442 2164
e 442 2243
e 442 2244
e 442 2248
e 442 2310
e 442 2341
e 442 2462
e 442 3661
e 442 3737
e 442 5228
e 442 5952
e 442 5953
e 443 813
e 443 1099
e 443 1101
e 443 1239
e 443 2233
e 443 4126
e 443 5981
e 443 5982
e 444 592
e 444 677
e 444 723
e 444 769
e 444 814
e 444 869
e 444 942
e 444 1004
e 444 1008
e 444 1018
e 444 1058
e 444 1178
e 444 1191
e 444 1198
e 444 1250
e 444 1265
e 444 1286
e 444 1409
e 444 1657
e 444 1686
e 444 1697
e 444 1700
e 444 1748
e 444 1753
e 444 1756
e 444 1767
e 444 1776
e 444 1990
e 444 2043
e 444 2092
e 444 2164
e 444 2223
e 444 2235
e 444 2237
e 444 2420
e 444 2434
e 444 2920
e 444 2933
e 444 3019
e 444 3196
e 444 3303
e 444 3438
e 444 3574
e 444 3620
e 444 4215
e 444 5284
e 444 6281
e 444 6282
e 444 6283
e 444 6284
e 445 475
e 445 491
e 445 538
e 445 552
e 445 645
e 445 766
e 445 961
e 445 978
e 445 1055
e 445 1065
e 445 1081
e 445 1083
e 445 1090
e 445 1112
e 445 1113
e 445 1119
e 445 1120
e 445 1121
e 445 1125
e 445 1132
e 445 1165
e 445 1513
e 445 1608
e 445 1642
e 445 1644
e 445 1824
e 445 1920
e 445 2628
e 445 2753
e 445 2954
e 445 3102
e 445 3306
e 445 3392
e 445 3408
e 445 3566
e 445 3729
e 445 4159
e 445 4604
e 445 4812
e 445 4816
e 445 5249
e 445 6039
e 445 6044
e 445 6092
e 445 6181
e 445 6505
e 445 6506
e 445 6507
e 445 6508
e 445 6509
e 446 661
e 446 662
e 446 665
e 446 667
e 446 1807
e 446 2337
e 446 2814
e 446 5843
e 446 6719
e 447 2767
e 447 3292
e 447 7065
e 448 1002
e 448 1055
e 448 1066
e 448 1189
e 448 1195
e 448 1252
e 448 1451
e 448 1462
e 448 1463
e 448 1569
e 448 1574
e 449 490
e 449 5226
e 449 5934
e 449 6320
e 450 544
e 450 766
e 450 946
e 450 963
e 450 1018
e 450 1031
e 450 1083
e 450 1125
e 450 1130
e 450 1132
e 450 1163
e 450 1171
e 450 1384
e 450 1486
e 450 1507
e 450 1647
e 450 1660
e 450 1666
e 450 1824
e 450 2279
e 450 3780
e 450 4858
e 450 5638
e 450 6089
e 450 6137
e 450 6138
e 450 6182
e 450 7381
e 450 7382
e 450 7383
e 451 689
e 451 968
e 451 1014
e 451 1032
e 451 1858
e 451 2034
e 451 2048
e 451 2093
e 451 5089
e 451 5578
e 451 5887
e 451 5974
e 451 6377
e 451 7402
e 451 7403
e 451 7404
e 451 7405
e 451 7406
e 452 745
e 452 751
e 452 1197
e 452 1532
e 452 1687
e 452 1691
e 452 2888
e 452 3505
e 453 5477
e 454 495
e 454 587
e 454 611
e 454 755
e 454 792
e 454 915
e 454 941
e 454 2317
e 454 2682
e 454 3257
e 454 3263
e 454 3469
e 454 3556
e 454 3910
e 454 4287
e 454 4654
e 454 5211
e 454 6610
e 454 7511
e 454 7512
e 454 7513
e 455 711
e 455 721
e 455 772
e 455 6369
e 456 712
e 456 750
e 456 772
e 456 812
e 456 826
e 456 836
e 456 839
e 456 844
e 456 2870
e 456 4356
e 456 6443
e 457 3966
e 457 4709
e 458 758
e 458 970
e 458 1105
e 458 1225
e 458 1337
e 458 1362
e 458 1526
e 458 1677
e 458 2059
e 458 2288
e 458 2639
e 458 2850
e 458 5528
e 458 6205
e 458 6867
e 458 7756
e 458 7757
e 458 7758
e 458 7759
e 460 1221
e 460 2790
e 460 4603
e 460 7871
e 461 644
e 461 1005
e 461 1515
e 461 2164
e 461 2251
e 461 2341
e 461 3661
e 461 3971
e 461 5228
e 461 5785
e 462 1179
e 462 1274
e 462 1887
e 462 2433
e 462 6152
e 463 934
e 463 1642
e 463 3288
e 463 6443
e 463 6810
e 463 7117
e 463 7815
e 464 2625
e 464 3142
e 464 3845
e 464 6443
e 464 7334
e 465 655
e 465 2708
e 465 5881
e 466 3018
e 466 5009
e 466 5151
e 466 8058
e 467 1451
e 467 3900
e 469 5226
e 471 590
e 471 731
e 471 2094
e 471 2433
e 471 4491
e 471 6935
e 471 8353
e 472 967
e 472 1073
e 472 2377
e 472 5089
e 472 6445
e 472 7044
e 472 7046
e 473 491
e 473 2892
e 473 4169
e 473 4195
e 473 6443
e 473 8528
e 473 8529
e 474 1353
e 474 6680
e 474 7834
e 474 8641
e 475 712
e 475 755
e 475 943
e 475 1036
e 475 1671
e 475 3108
e 475 5276
e 475 8650
e 475 8651
e 475 8652
e 476 689
e 476 860
e 477 4637
e 477 5633
e 478 966
e 480 7782
e 481 3436
e 482 654
e 482 8817
e 485 1456
e 486 682
e 486 2862
e 486 2864
e 486 2865
e 487 502
e 487 544
e 487 605
e 487 682
e 487 907
e 487 1832
e 487 2213
e 487 2616
e 487 2725
e 487 2891
e 487 2892
e 487 2893
e 487 2894
e 487 2895
e 488 498
e 488 552
e 488 737
e 488 751
e 488 813
e 488 814
e 488 1018
e 488 1228
e 488 1258
e 488 1747
e 488 1833
e 488 1946
e 488 1989
e 488 2098
e 488 2107
e 488 2156
e 488 2315
e 488 2432
e 488 2637
e 488 3216
e 488 3271
e 488 3272
e 488 3273
e 488 3274
e 489 491
e 489 2639
e 489 3432
e 490 578
e 490 621
e 490 653
e 490 655
e 490 737
e 490 769
e 490 781
e 490 785
e 490 795
e 490 901
e 490 1001
e 490 1012
e 490 1013
e 490 1014
e 490 1134
e 490 1191
e 490 1227
e 490 1238
e 490 1244
e 490 1251
e 490 1327
e 490 1343
e 490 1350
e 490 1357
e 490 1363
e 490 1409
e 490 1412
e 490 1467
e 490 1523
e 490 1610
e 490 1657
e 490 1725
e 490 1823
e 490 1825
e 490 1827
e 490 1869
e 490 1943
e 490 1972
e 490 2047
e 490 2072
e 490 2219
e 490 2257
e 490 2340
e 490 2343
e 490 2347
e 490 2360
e 490 2361
e 490 2366
e 490 2380
e 490 2383
e 490 2392
e 490 2394
e 490 2395
e 490 2439
e 490 2444
e 490 2550
e 490 2559
e 490 2573
e 490 2582
e 490 2583
e 490 2602
e 490 2649
e 490 2678
e 490 2722
e 490 2832
e 490 2836
e 490 2841
e 490 2844
e 490 2870
e 490 2981
e 490 3074
e 490 3192
e 490 3243
e 490 3244
e 490 3433
e 490 3465
e 490 3493
e 490 3504
e 490 3508
e 490 3525
e 490 3530
e 490 3535
e 490 3553
e 490 3556
e 490 3557
e 490 3558
e 490 3559
e 490 3560
e 490 3561
e 490 3562
e 490 3563
e 490 3564
e 490 3565
e 490 3566
e 490 3567
e 490 3568
e 490 3569
e 490 3570
e 490 3571
e 490 3572
e 490 3573
e 490 3574
e 490 3575
e 490 3576
e 490 3577
e 490 3578
e 490 3579
e 490 3580
e 490 3581
e 490 3582
e 490 3583
e 490 3584
e 490 3585
e 490 3586
e 490 3587
e 490 3588
e 490 3589
e 490 3590
e 490 3591
e 490 3592
e 490 3593
e 490 3594
e 490 3595
e 490 3596
e 490 3597
e 490 3598
e 490 3599
e 490 3600
e 490 3601
e 490 3602
e 490 3603
e 490 3604
e 490 3605
e 491 499
e 491 814
e 491 911
e 491 954
e 491 1606
e 491 2066
e 491 2112
e 491 2421
e 491 2641
e 491 2892
e 491 3272
e 491 3940
e 491 4063
e 491 4278
e 491 4718
e 491 4719
e 492 649
e 492 682
e 492 710
e 492 720
e 492 743
e 492 745
e 492 768
e 492 771
e 492 919
e 492 981
e 492 2161
e 492 2467
e 492 2731
e 492 2743
e 492 4356
e 492 4358
e 492 4729
e 493 528
e 493 620
e 493 643
e 493 644
e 493 1038
e 493 1188
e 493 1210
e 493 1243
e 493 1440
e 493 1603
e 493 1779
e 493 1926
e 493 2031
e 493 2244
e 493 2307
e 493 2406
e 493 2534
e 493 2683
e 493 2689
e 493 2725
e 493 2880
e 493 3323
e 493 3339
e 493 3424
e 493 3427
e 493 3430
e 493 3474
e 493 3724
e 493 3899
e 493 3968
e 493 4002
e 493 4085
e 493 4112
e 493 4400
e 493 4711
e 493 5078
e 493 5193
e 493 5230
e 493 5249
e 493 5365
e 493 5366
e 493 5367
e 493 5368
e 493 5369
e 493 5370
e 493 5371
e 493 5372
e 493 5373
e 493 5374
e 493 5375
e 493 5376
e 493 5377
e 493 5378
e 493 5379
e 493 5380
e 493 5381
e 493 5382
e 493 5383
e 493 5384
e 493 5385
e 493 5386
e 493 5387
e 493 5388
e 493 5389
e 493 5390
e 494 736
e 494 1017
e 494 1023
e 494 1141
e 494 1835
e 494 1949
e 494 2135
e 494 2250
e 494 2365
e 494 3277
e 494 3687
e 494 4085
e 494 5372
e 494 5444
e 494 5446
e 494 5447
e 494 5448
e 495 529
e 495 536
e 495 961
e 495 1381
e 495 1399
e 495 1874
e 495 2047
e 495 2347
e 495 2725
e 495 3244
e 495 3488
e 495 3508
e 495 3534
e 495 3565
e 495 3602
e 495 3607
e 495 4085
e 495 5592
e 495 5593
e 495 5594
e 495 5595
e 496 3588
e 497 568
e 497 1018
e 497 2173
e 497 2526
e 497 3024
e 497 3970
e 497 4077
e 497 5443
e 497 6612
e 498 647
e 498 648
e 498 751
e 498 2107
e 498 2116
e 498 2118
e 498 2192
e 498 2196
e 498 2247
e 498 2892
e 499 1467
e 499 2118
e 500 692
e 500 2599
e 500 2674
e 500 3693
e 500 3970
e 500 5793
e 502 682
e 502 1537
e 502 2118
e 502 2731
e 502 2892
e 502 8375
e 502 9112
e 503 682
e 503 2859
e 503 2860
e 503 2861
e 503 2862
e 503 2863
e 504 506
e 504 512
e 504 515
e 504 517
e 504 525
e 504 536
e 504 541
e 504 546
e 504 558
e 504 560
e 504 563
e 504 565
e 504 566
e 504 571
e 504 740
e 504 863
e 504 1045
e 504 1188
e 504 1341
e 504 1454
e 504 1469
e 504 1655
e 504 1673
e 504 1719
e 504 1802
e 504 1925
e 504 2057
e 504 2251
e 504 2344
e 504 2417
e 504 2430
e 504 2695
e 504 2733
e 504 2792
e 504 2860
e 504 2934
e 504 3015
e 504 3395
e 504 3400
e 504 3437
e 504 3439
e 504 3442
e 504 3444
e 504 3479
e 504 3899
e 504 3926
e 504 3927
e 504 3945
e 504 3957
e 504 3958
e 504 3959
e 504 3960
e 504 3961
e 504 3962
e 504 3963
e 504 3964
e 504 3965
e 504 3966
e 504 3967
e 504 3968
e 504 3969
e 504 3970
e 504 3971
e 504 3972
e 504 3973
e 504 3974
e 504 3975
e 504 3976
e 504 3977
e 504 3978
e 504 3979
e 504 3980
e 504 3981
e 504 3982
e 504 3983
e 504 3984
e 504 3985
e 504 3986
e 504 3987
e 504 3988
e 504 3989
e 504 3990
e 504 3991
e 504 3992
e 504 3993
e 504 3994
e 504 3995
e 504 3996
e 504 3997
e 504 3998
e 504 3999
e 504 4000
e 504 4001
e 504 4002
e 504 4003
e 504 4004
e 504 4005
e 504 4006
e 504 4007
e 504 4008
e 504 4009
e 504 4010
e 504 4011
e 504 4012
e 504 4013
e 504 4014
e 504 4015
e 504 4016
e 504 4017
e 504 4018
e 504 4019
e 504 4020
e 504 4021
e 504 4022
e 504 4023
e 504 4024
e 504 4025
e 504 4026
e 504 4027
e 504 4028
e 504 4029
e 505 558
e 505 686
e 505 918
e 505 1126
e 505 1741
e 505 1802
e 505 1834
e 505 2433
e 505 3257
e 505 3439
e 505 3442
e 505 3959
e 505 3961
e 505 3962
e 505 3973
e 505 4708
e 505 4709
e 505 4710
e 505 4711
e 505 4712
e 505 4713
e 505 4714
e 506 512
e 506 813
e 506 1016
e 506 1018
e 506 1049
e 506 1228
e 506 1702
e 506 2241
e 506 2944
e 506 3922
e 506 3960
e 506 3964
e 506 4291
e 506 5230
e 506 5231
e 507 522
e 507 545
e 507 558
e 507 644
e 507 653
e 507 1002
e 507 1156
e 507 1673
e 507 1802
e 507 2057
e 507 2480
e 507 2694
e 507 2695
e 507 2707
e 507 2860
e 507 2906
e 507 3474
e 507 3496
e 507 3687
e 507 3899
e 507 3958
e 507 3961
e 507 3974
e 507 3980
e 507 3991
e 507 3992
e 507 3993
e 507 3996
e 507 4713
e 507 5050
e 507 5375
e 507 6121
e 507 6175
e 507 6176
e 507 6206
e 507 6207
e 507 6208
e 507 6209
e 507 6210
e 507 6211
e 507 6212
e 508 658
e 508 766
e 508 1049
e 508 1862
e 508 2350
e 508 2695
e 508 2829
e 508 2860
e 508 3103
e 508 3290
e 508 3395
e 508 3470
e 508 3970
e 508 4010
e 508 4494
e 508 4783
e 508 4809
e 508 5380
e 508 5410
e 508 5616
e 508 6172
e 508 6242
e 508 6243
e 508 6244
e 508 6245
e 508 6246
e 508 6247
e 509 531
e 509 1357
e 509 2421
e 509 2465
e 509 3365
e 509 3461
e 509 3966
e 509 4292
e 509 4434
e 509 4450
e 509 5225
e 509 5662
e 509 6222
e 509 6740
e 509 6741
e 509 6742
e 510 520
e 510 544
e 510 682
e 510 683
e 510 685
e 510 875
e 510 1034
e 510 1052
e 510 1097
e 510 1106
e 510 1332
e 510 1390
e 510 1557
e 510 1629
e 510 1655
e 510 1996
e 510 2241
e 510 2354
e 510 2502
e 510 2547
e 510 2695
e 510 2860
e 510 3306
e 510 3330
e 510 3568
e 510 3845
e 510 3918
e 510 3970
e 510 4019
e 510 4068
e 510 4157
e 510 4203
e 510 4647
e 510 4709
e 510 4710
e 510 5104
e 510 5434
e 510 5498
e 510 5897
e 510 6106
e 510 6401
e 510 6960
e 510 6961
e 510 6962
e 510 6963
e 510 6964
e 510 6965
e 510 6966
e 510 6967
e 511 561
e 511 692
e 511 1009
e 511 1101
e 511 3984
e 511 3991
e 511 5380
e 511 5478
e 511 6042
e 511 6288
e 511 7217
e 512 2906
e 512 3960
e 512 3964
e 512 6358
e 512 7222
e 513 1969
e 513 2421
e 513 2425
e 513 2710
e 513 4192
e 513 5276
e 513 7333
e 514 523
e 514 652
e 514 743
e 514 843
e 514 923
e 514 1229
e 514 1583
e 514 1864
e 514 1970
e 514 2102
e 514 2119
e 514 2182
e 514 2189
e 514 2247
e 514 2317
e 514 2455
e 514 2464
e 514 2467
e 514 2468
e 514 2599
e 514 2614
e 514 3272
e 514 3380
e 514 4358
e 514 5372
e 514 5762
e 515 516
e 515 3456
e 515 3926
e 515 3959
e 515 3992
e 515 4358
e 515 6530
e 515 6889
e 515 7517
e 515 7518
e 516 1629
e 516 3027
e 516 3456
e 516 3841
e 516 4019
e 516 5638
e 516 5931
e 517 561
e 517 676
e 517 860
e 517 892
e 517 1045
e 517 2638
e 517 3019
e 517 3305
e 517 3469
e 517 3960
e 517 3966
e 517 6022
e 517 7218
e 517 7617
e 517 7648
e 518 3395
e 518 6207
e 518 7617
e 519 561
e 519 824
e 519 6131
e 520 559
e 520 949
e 520 974
e 520 1383
e 520 2684
e 520 3261
e 520 3535
e 520 3735
e 520 3980
e 520 4709
e 520 7860
e 520 7861
e 521 2268
e 521 2962
e 521 3300
e 521 5476
e 521 7873
e 522 2638
e 522 3036
e 523 3456
e 523 4019
e 523 6883
e 524 561
e 524 592
e 524 1141
e 524 1429
e 524 1849
e 524 2695
e 524 2860
e 524 3395
e 524 3980
e 524 5380
e 524 5498
e 524 7283
e 524 7617
e 524 7915
e 524 7916
e 525 3218
e 525 7350
e 527 1159
e 527 2269
e 527 2732
e 527 2860
e 527 2861
e 527 3686
e 527 3927
e 527 3960
e 527 3970
e 527 3993
e 527 3995
e 527 3998
e 527 4709
e 527 5051
e 527 5104
e 527 6630
e 527 6914
e 527 7026
e 527 7648
e 527 7977
e 527 7978
e 528 1603
e 528 3282
e 529 827
e 530 4102
e 531 564
e 531 1229
e 531 3461
e 531 3966
e 531 5128
e 531 6742
e 531 8076
e 531 8077
e 532 1049
e 532 1220
e 532 1247
e 532 1625
e 532 1629
e 532 3966
e 532 6094
e 532 8116
e 533 538
e 533 539
e 533 650
e 533 1029
e 533 1541
e 533 2613
e 533 2625
e 533 3821
e 534 561
e 534 922
e 534 1467
e 534 1960
e 534 2002
e 534 2763
e 534 2860
e 534 2927
e 534 3624
e 534 3966
e 534 3970
e 534 4139
e 534 4196
e 534 4434
e 534 4709
e 534 4784
e 534 4848
e 534 4892
e 534 5498
e 534 5804
e 534 6742
e 534 7037
e 534 7989
e 534 8076
e 534 8193
e 534 8194
e 534 8195
e 534 8196
e 535 864
e 535 890
e 535 1098
e 535 2257
e 535 2842
e 535 3221
e 535 3244
e 535 3365
e 535 3480
e 535 4358
e 535 4430
e 535 4892
e 535 4893
e 535 4895
e 535 5654
e 535 5883
e 535 6570
e 535 6613
e 535 6630
e 535 6809
e 535 7157
e 535 8308
e 536 892
e 536 1723
e 536 2269
e 536 2733
e 536 2750
e 536 2959
e 536 3047
e 536 3222
e 536 3469
e 536 4726
e 536 5836
e 536 8075
e 536 8242
e 537 652
e 537 2663
e 537 2860
e 537 3652
e 537 3805
e 537 3922
e 537 3979
e 537 3994
e 537 5377
e 537 5433
e 538 539
e 538 943
e 538 954
e 538 2012
e 538 2421
e 538 3110
e 539 689
e 539 2637
e 539 2648
e 539 2748
e 539 3206
e 539 3380
e 539 3381
e 540 1925
e 540 2860
e 540 4068
e 540 4709
e 541 567
e 541 827
e 541 861
e 541 1188
e 541 1341
e 541 1454
e 541 1616
e 541 1809
e 541 2057
e 541 2278
e 541 2417
e 541 2860
e 541 2906
e 541 3041
e 541 3426
e 541 3456
e 541 3961
e 541 3967
e 541 3997
e 541 6358
e 541 7549
e 541 9122
e 542 561
e 542 2860
e 542 3970
e 542 5498
e 542 5957
e 543 4709
e 543 5380
e 543 5809
e 543 9156
e 544 665
e 544 687
e 544 727
e 544 751
e 544 754
e 544 872
e 544 920
e 544 1014
e 544 1038
e 544 1141
e 544 1179
e 544 1215
e 544 1221
e 544 1273
e 544 1309
e 544 1357
e 544 1418
e 544 1424
e 544 1475
e 544 1645
e 544 1647
e 544 1675
e 544 1692
e 544 1780
e 544 2244
e 544 2467
e 544 2501
e 544 2920
e 544 2974
e 544 3003
e 544 3145
e 544 3160
e 544 3170
e 544 3225
e 544 3323
e 544 3331
e 544 3335
e 544 3340
e 544 3395
e 544 3408
e 544 3438
e 544 3474
e 544 3635
e 544 3709
e 544 4271
e 544 4327
e 544 4381
e 544 4836
e 544 5016
e 544 5049
e 544 5060
e 544 5174
e 544 5177
e 544 5188
e 544 5198
e 544 5433
e 544 5521
e 544 5575
e 544 5676
e 544 5728
e 544 5793
e 544 5842
e 544 6011
e 544 6023
e 544 6027
e 544 6028
e 544 6030
e 544 6035
e 544 6055
e 544 6084
e 544 6137
e 544 6138
e 544 6179
e 544 6180
e 544 6232
e 544 6255
e 544 6275
e 544 6380
e 544 6461
e 544 6592
e 544 6695
e 544 6749
e 544 6803
e 544 6880
e 544 6895
e 544 6963
e 544 6964
e 544 7319
e 544 7370
e 544 7373
e 544 7542
e 544 7543
e 544 7544
e 544 7545
e 544 7546
e 544 7547
e 544 7548
e 544 7549
e 544 7550
e 544 7551
e 544 7552
e 544 7553
e 544 7554
e 544 7555
e 544 7556
e 544 7557
e 544 7558
e 544 7559
e 544 7560
e 544 7561
e 544 7562
e 544 7563
e 544 7564
e 544 7565
e 544 7566
e 544 7567
e 544 7568
e 544 7569
e 544 7570
e 544 7571
e 544 7572
e 544 7573
e 544 7574
e 544 7575
e 544 7576
e 544 7577
e 544 7578
e 544 7579
e 544 7580
e 544 7581
e 544 7582
e 544 7583
e 544 7584
e 544 7585
e 544 7586
e 544 7587
e 544 7588
e 544 7589
e 544 7590
e 544 7591
e 544 7592
e 545 3729
e 545 4381
e 545 5127
e 545 7430
e 545 7432
e 545 7433
e 545 7434
e 545 8066
e 545 8430
e 545 8431
e 545 8432
e 546 664
e 546 682
e 546 744
e 546 932
e 546 934
e 546 1032
e 546 1375
e 546 1828
e 546 2072
e 546 2359
e 546 2877
e 546 2881
e 546 2882
e 546 2883
e 546 2884
e 546 2885
e 546 2886
e 547 697
e 547 751
e 547 755
e 547 822
e 547 914
e 547 915
e 547 1018
e 547 1059
e 547 1228
e 547 1237
e 547 1418
e 547 1828
e 547 1953
e 547 2337
e 547 2361
e 547 2383
e 547 2432
e 547 2511
e 547 2548
e 547 2550
e 547 3144
e 547 3153
e 547 3291
e 547 3677
e 547 3678
e 547 3679
e 547 3680
e 547 3681
e 547 3682
e 547 3683
e 547 3684
e 548 549
e 548 707
e 548 1010
e 548 1011
e 548 1222
e 548 1583
e 548 2147
e 548 2180
e 548 2382
e 548 2464
e 548 2612
e 548 3257
e 548 3311
e 548 3662
e 548 3901
e 548 3902
e 548 3903
e 548 3904
e 548 3905
e 548 3906
e 548 3907
e 548 3908
e 548 3909
e 548 3910
e 548 3911
e 548 3912
e 548 3913
e 548 3914
e 548 3915
e 548 3916
e 548 3917
e 548 3918
e 548 3919
e 548 3920
e 549 551
e 549 1747
e 549 2156
e 549 2180
e 549 3267
e 549 3936
e 549 3948
e 550 619
e 550 621
e 550 643
e 550 731
e 550 742
e 550 751
e 550 816
e 550 825
e 550 922
e 550 923
e 550 1005
e 550 1018
e 550 1137
e 550 1227
e 550 1228
e 550 1747
e 550 1822
e 550 1929
e 550 1979
e 550 1984
e 550 2069
e 550 2073
e 550 2102
e 550 2143
e 550 2147
e 550 2164
e 550 2180
e 550 2201
e 550 2246
e 550 2341
e 550 2349
e 550 2383
e 550 2431
e 550 2433
e 550 2451
e 550 2475
e 550 2520
e 550 2683
e 550 3103
e 550 3515
e 550 3527
e 550 3615
e 550 3641
e 550 3679
e 550 4305
e 550 4386
e 550 4387
e 550 4388
e 550 4389
e 550 4390
e 550 4391
e 550 4392
e 550 4393
e 550 4394
e 550 4395
e 550 4396
e 550 4397
e 550 4398
e 550 4399
e 551 707
e 551 1222
e 551 2612
e 551 3902
e 551 3905
e 551 3906
e 551 3909
e 551 3931
e 551 4207
e 551 4492
e 552 580
e 552 619
e 552 661
e 552 663
e 552 665
e 552 666
e 552 667
e 552 814
e 552 864
e 552 954
e 552 1004
e 552 1036
e 552 1383
e 552 1583
e 552 1615
e 552 1832
e 552 1846
e 552 1847
e 552 2066
e 552 2112
e 552 2203
e 552 2291
e 552 2315
e 552 2340
e 552 2434
e 552 2481
e 552 2615
e 552 2617
e 552 2618
e 552 2619
e 552 2621
e 552 2622
e 552 2623
e 552 2624
e 552 2625
e 552 2626
e 552 2627
e 552 2628
e 552 2629
e 552 2630
e 552 2631
e 552 2632
e 552 2633
e 552 2634
e 552 2635
e 552 2636
e 552 2646
e 552 2653
e 552 2657
e 552 2763
e 552 2780
e 552 2783
e 552 2820
e 552 2822
e 552 2871
e 552 2956
e 552 3206
e 552 3427
e 552 3656
e 552 3789
e 552 4081
e 552 4101
e 552 4633
e 552 5176
e 552 5276
e 552 5763
e 552 6938
e 552 6939
e 552 6940
e 552 6941
e 552 6942
e 553 1006
e 553 1745
e 553 1828
e 553 1841
e 553 2180
e 553 2359
e 553 2829
e 553 2842
e 553 3124
e 553 3588
e 553 3972
e 553 4290
e 553 7157
e 553 7158
e 553 7159
e 553 7160
e 553 7161
e 554 665
e 554 926
e 554 943
e 554 1005
e 554 1370
e 554 2180
e 554 2526
e 554 3240
e 554 5492
e 554 7862
e 554 7863
e 555 6530
e 555 7023
e 556 2877
e 556 2886
e 557 1018
e 557 1028
e 557 1059
e 557 2480
e 557 2860
e 557 2906
e 557 3395
e 557 4180
e 557 6011
e 557 6170
e 557 6584
e 557 6585
e 557 6586
e 557 6587
e 557 6588
e 558 874
e 558 1610
e 558 1655
e 558 1663
e 558 1719
e 558 1728
e 558 1731
e 558 1732
e 558 1737
e 558 1738
e 558 1780
e 558 1781
e 558 1795
e 558 1999
e 558 2419
e 558 2524
e 558 3019
e 558 3456
e 558 3468
e 558 3469
e 558 4970
e 558 5095
e 558 6793
e 558 6800
e 559 943
e 559 1049
e 559 7189
e 560 1512
e 560 4077
e 560 4153
e 560 4529
e 560 5227
e 561 688
e 561 871
e 561 1188
e 561 1811
e 561 2857
e 561 3971
e 561 6011
e 562 1132
e 562 3478
e 562 3626
e 562 4906
e 562 5023
e 562 5266
e 562 5480
e 562 5662
e 562 7828
e 564 1188
e 564 1346
e 564 1598
e 564 1834
e 564 2670
e 564 6489
e 564 8467
e 564 8468
e 565 1923
e 565 6797
e 566 5166
e 566 8556
e 567 1260
e 567 2244
e 567 3223
e 567 4147
e 568 1138
e 568 1185
e 568 1241
e 568 2732
e 568 7736
e 568 7737
e 569 721
e 569 828
e 569 911
e 569 1723
e 569 2047
e 569 2598
e 569 2816
e 569 3578
e 569 3818
e 569 3925
e 569 4151
e 569 5939
e 569 7314
e 569 7604
e 570 1939
e 570 2598
e 570 4633
e 570 7604
e 571 618
e 571 652
e 571 682
e 571 727
e 571 735
e 571 784
e 571 827
e 571 1038
e 571 1153
e 571 1189
e 571 1264
e 571 1557
e 571 1604
e 571 1754
e 571 1766
e 571 1834
e 571 2339
e 571 2467
e 571 2756
e 571 2831
e 571 3119
e 571 3135
e 571 3225
e 571 3423
e 571 3454
e 571 3494
e 571 3918
e 571 3969
e 571 4091
e 571 4119
e 571 4163
e 571 4213
e 571 5119
e 571 5748
e 571 5821
e 571 5897
e 571 6014
e 571 6020
e 571 6029
e 571 6031
e 571 6033
e 571 6034
e 571 6035
e 571 6286
e 571 6523
e 571 6659
e 571 6670
e 571 6964
e 571 7121
e 571 7134
e 571 7800
e 571 8116
e 571 8392
e 571 9133
e 571 9195
e 571 9209
e 571 9210
e 571 9211
e 571 9212
e 571 9213
e 571 9214
e 571 9215
e 571 9216
e 572 928
e 572 1991
e 572 2342
e 572 2818
e 572 3613
e 572 4542
e 572 4694
e 572 5279
e 573 1141
e 573 1201
e 573 5193
e 574 2075
e 574 2344
e 574 2708
e 574 2709
e 574 3057
e 574 3190
e 574 3348
e 574 4500
e 574 4505
e 574 4507
e 574 4509
e 574 4510
e 574 4529
e 574 4808
e 574 6057
e 574 6883
e 574 7384
e 574 8365
e 574 8366
e 574 8367
e 575 745
e 575 1700
e 575 2920
e 575 4583
e 575 5169
e 575 5284
e 575 5356
e 576 634
e 576 1684
e 578 579
e 578 580
e 578 581
e 578 587
e 578 706
e 578 1732
e 578 2390
e 579 581
e 579 1006
e 579 1012
e 579 1018
e 579 1228
e 579 1546
e 579 2371
e 579 2903
e 580 665
e 580 1028
e 580 1134
e 580 1344
e 580 1350
e 580 1760
e 580 2072
e 580 4195
e 580 4711
e 580 6745
e 580 6802
e 580 6888
e 580 6889
e 581 880
e 581 932
e 581 1001
e 581 1004
e 581 1005
e 581 1017
e 581 1028
e 581 1127
e 581 1201
e 581 1210
e 581 1533
e 581 1698
e 581 1869
e 581 1999
e 581 2158
e 581 2371
e 581 2550
e 581 2625
e 581 2751
e 581 2844
e 581 3229
e 581 3553
e 581 3566
e 581 4393
e 581 4612
e 581 4875
e 581 5237
e 581 5843
e 581 6561
e 581 7078
e 581 7119
e 581 7923
e 581 7929
e 581 7930
e 581 7931
e 581 7932
e 581 7933
e 581 7934
e 581 7935
e 581 7936
e 581 7937
e 581 7938
e 581 7939
e 581 7940
e 581 7941
e 581 7942
e 581 7943
e 582 617
e 582 666
e 582 813
e 582 921
e 582 1015
e 582 1067
e 582 1684
e 582 2305
e 582 3177
e 582 3740
e 582 3752
e 582 4192
e 582 4287
e 582 4346
e 582 5214
e 582 5215
e 583 619
e 583 1222
e 583 1630
e 583 2257
e 583 2889
e 583 3130
e 583 3132
e 583 3157
e 583 3359
e 583 3812
e 583 4173
e 583 4286
e 583 4742
e 583 5235
e 583 5817
e 583 5959
e 583 5990
e 583 6206
e 583 6275
e 583 6864
e 583 7696
e 583 7793
e 583 8214
e 583 8580
e 583 8581
e 583 8582
e 583 8583
e 583 8584
e 583 8585
e 583 8586
e 583 8587
e 583 8588
e 583 8589
e 583 8590
e 583 8591
e 583 8592
e 583 8593
e 583 8594
e 583 8595
e 584 2337
e 585 586
e 585 587
e 585 588
e 585 589
e 585 590
e 585 591
e 586 587
e 586 592
e 586 593
e 586 594
e 586 595
e 586 596
e 586 597
e 586 598
e 586 599
e 586 600
e 586 601
e 586 602
e 586 603
e 586 604
e 586 605
e 586 606
e 587 612
e 587 613
e 587 614
e 587 615
e 588 664
e 588 709
e 588 712
e 588 734
e 588 735
e 588 792
e 588 794
e 588 795
e 588 801
e 588 804
e 588 808
e 588 813
e 588 915
e 588 1025
e 588 1938
e 588 2461
e 588 3591
e 588 4804
e 588 4805
e 588 4806
e 589 664
e 589 709
e 589 734
e 589 735
e 589 792
e 589 794
e 589 795
e 589 2461
e 589 3591
e 590 709
e 590 734
e 590 735
e 590 775
e 590 792
e 590 794
e 590 795
e 590 2461
e 590 3591
e 590 4806
e 590 5661
e 591 712
e 591 734
e 591 735
e 591 740
e 591 2461
e 592 616
e 592 617
e 593 642
e 593 643
e 593 644
e 593 645
e 593 646
e 593 647
e 593 648
e 593 649
e 594 650
e 594 651
e 594 652
e 594 653
e 594 654
e 594 655
e 594 656
e 594 657
e 594 658
e 594 659
e 595 619
e 595 660
e 595 661
e 595 662
e 595 663
e 595 664
e 595 665
e 595 666
e 595 667
e 595 668
e 595 669
e 595 670
e 595 671
e 595 672
e 595 673
e 595 674
e 595 675
e 595 676
e 595 677
e 595 678
e 596 600
e 596 679
e 596 680
e 597 619
e 597 681
e 597 682
e 598 682
e 598 683
e 598 684
e 598 685
e 598 686
e 598 687
e 598 688
e 599 689
e 600 680
e 600 690
e 601 691
e 601 692
e 601 693
e 601 694
e 601 695
e 602 619
e 602 648
e 602 696
e 602 697
e 602 698
e 602 699
e 602 700
e 603 682
e 603 683
e 603 684
e 603 687
e 603 701
e 603 702
e 604 682
e 604 683
e 604 684
e 604 685
e 604 701
e 604 702
e 605 869
e 605 1002
e 605 1411
e 605 1513
e 605 1844
e 605 2049
e 605 2526
e 605 2815
e 605 2850
e 605 2888
e 605 4696
e 605 4715
e 605 7318
e 605 7319
e 605 7320
e 605 7321
e 605 7322
e 607 660
e 607 665
e 607 725
e 607 742
e 607 743
e 607 751
e 607 769
e 607 875
e 607 880
e 607 1004
e 607 1191
e 607 1192
e 607 1210
e 607 1214
e 607 1231
e 607 1249
e 607 1381
e 607 1412
e 607 1417
e 607 1427
e 607 1512
e 607 1685
e 607 1686
e 607 1687
e 607 1717
e 607 1744
e 607 1746
e 607 1822
e 607 1944
e 607 1945
e 607 1947
e 607 1953
e 607 1962
e 607 1965
e 607 1967
e 607 1968
e 607 1970
e 607 1971
e 607 1974
e 607 1975
e 607 1978
e 607 1979
e 607 1980
e 607 1981
e 607 1988
e 607 2073
e 607 2101
e 607 2135
e 607 2144
e 607 2145
e 607 2352
e 607 2420
e 607 2475
e 607 2522
e 607 2523
e 607 2524
e 607 2525
e 607 2526
e 607 2527
e 607 2528
e 607 2529
e 607 2530
e 607 2531
e 608 717
e 608 743
e 608 744
e 608 746
e 608 769
e 608 814
e 608 1006
e 608 1076
e 608 1509
e 608 1513
e 608 1568
e 608 1641
e 608 1826
e 608 1829
e 608 1846
e 608 1918
e 608 1983
e 608 2142
e 608 2724
e 608 3238
e 608 3239
e 608 3240
e 608 3241
e 608 3242
e 608 3243
e 608 3244
e 608 3245
e 608 3246
e 608 3247
e 608 3248
e 608 3249
e 608 3250
e 608 3251
e 608 3252
e 609 1960
e 609 2073
e 609 2300
e 609 2388
e 609 2850
e 609 3368
e 609 3534
e 609 3712
e 609 3721
e 609 3725
e 609 4391
e 609 4651
e 609 4652
e 610 4624
e 610 4651
e 611 757
e 611 847
e 611 1612
e 611 1747
e 611 1960
e 611 1968
e 611 2073
e 611 2166
e 611 2358
e 611 2383
e 611 2447
e 611 2890
e 611 3063
e 611 3242
e 611 3368
e 611 3505
e 611 3531
e 611 3532
e 611 3533
e 611 3541
e 611 3700
e 611 3701
e 611 3702
e 611 3712
e 611 3713
e 611 3716
e 611 3723
e 611 3902
e 611 4629
e 611 4634
e 611 4635
e 611 4652
e 611 4681
e 611 4682
e 611 4683
e 611 4684
e 611 4685
e 612 3135
e 612 3169
e 612 3484
e 612 3739
e 612 4334
e 612 4612
e 612 4686
e 612 4687
e 612 4688
e 612 4689
e 612 4690
e 614 615
e 614 781
e 614 1028
e 614 2083
e 614 2683
e 614 2686
e 614 3330
e 614 3376
e 614 3719
e 614 3722
e 614 3753
e 614 3795
e 614 4245
e 614 4254
e 614 4654
e 614 4998
e 614 5114
e 614 5115
e 614 5116
e 615 2683
e 615 3719
e 615 3753
e 615 4245
e 615 4254
e 615 4654
e 615 4998
e 615 5114
e 615 5115
e 615 5116
e 616 619
e 616 682
e 616 683
e 616 687
e 616 908
e 616 909
e 616 910
e 616 915
e 616 933
e 616 1003
e 616 1221
e 616 1558
e 616 2767
e 616 2852
e 616 2853
e 616 2854
e 616 2855
e 616 2856
e 616 2857
e 616 2858
e 617 2452
e 617 2790
e 618 647
e 618 769
e 618 793
e 618 873
e 618 1012
e 618 1025
e 618 1056
e 618 1191
e 618 1285
e 618 1312
e 618 1313
e 618 1409
e 618 1421
e 618 1430
e 618 1715
e 618 1827
e 618 1838
e 618 1860
e 618 1936
e 618 2268
e 618 2304
e 618 2569
e 618 3009
e 618 3124
e 618 3160
e 618 3430
e 618 3621
e 618 4116
e 618 4117
e 618 4118
e 618 4119
e 618 4120
e 618 4121
e 618 4122
e 618 4123
e 618 4124
e 618 4125
e 618 4126
e 618 4127
e 619 660
e 619 689
e 619 696
e 619 706
e 619 710
e 619 797
e 619 834
e 619 906
e 619 916
e 619 1042
e 619 1774
e 619 1827
e 619 1838
e 619 2197
e 619 2305
e 619 2379
e 619 2391
e 619 2642
e 619 2764
e 619 2784
e 619 2867
e 619 2896
e 619 3016
e 619 3049
e 619 3505
e 619 3511
e 619 3541
e 619 3750
e 619 4130
e 619 4131
e 619 4132
e 619 4133
e 619 4134
e 619 4135
e 619 4136
e 619 4137
e 620 621
e 620 638
e 620 747
e 620 1059
e 620 1827
e 620 1958
e 620 2808
e 620 3125
e 620 3913
e 620 4223
e 620 4224
e 620 4225
e 620 4226
e 621 644
e 621 802
e 621 921
e 621 1036
e 621 1745
e 621 1900
e 621 1917
e 621 2041
e 621 2104
e 621 2144
e 621 2299
e 621 2548
e 621 2549
e 621 2777
e 621 2818
e 621 3129
e 621 3145
e 621 3287
e 621 3313
e 621 3379
e 621 3502
e 621 4148
e 621 4281
e 621 4286
e 621 4291
e 621 4292
e 621 4293
e 621 4294
e 621 4295
e 621 4296
e 621 4297
e 621 4298
e 621 4299
e 621 4300
e 621 4301
e 621 4302
e 621 4303
e 621 4304
e 621 4305
e 621 4306
e 621 4307
e 621 4308
e 621 4309
e 621 4310
e 621 4311
e 622 1979
e 622 2352
e 622 3135
e 622 3746
e 622 4286
e 622 4584
e 623 2235
e 623 3257
e 623 4286
e 623 4587
e 624 3483
e 624 4286
e 624 4341
e 624 4588
e 625 3311
e 625 3913
e 625 4292
e 626 964
e 626 1512
e 626 1513
e 626 1918
e 626 4758
e 626 4938
e 626 5071
e 626 5099
e 627 2041
e 627 2684
e 627 3132
e 627 3304
e 627 3484
e 627 4130
e 627 4302
e 627 4938
e 627 5627
e 628 958
e 628 4414
e 628 4572
e 628 5829
e 628 5831
e 628 5832
e 628 5833
e 628 5834
e 628 5835
e 629 726
e 629 1018
e 629 1028
e 629 4102
e 629 4274
e 629 4331
e 629 6614
e 630 2338
e 630 6723
e 632 7345
e 632 7379
e 633 4156
e 633 4764
e 634 3751
e 634 4369
e 634 6667
e 636 2804
e 637 6913
e 638 4149
e 638 7380
e 640 3128
e 640 4311
e 640 4341
e 640 4559
e 640 4700
e 640 7793
e 642 644
e 642 647
e 642 742
e 642 813
e 642 814
e 642 827
e 642 947
e 642 1192
e 642 1513
e 642 1567
e 642 1591
e 642 1694
e 642 1832
e 642 1915
e 642 2110
e 642 2245
e 642 2256
e 642 2257
e 642 2258
e 642 2259
e 642 2260
e 642 2261
e 642 2262
e 642 2263
e 642 2264
e 642 2265
e 642 2266
e 643 647
e 643 648
e 643 649
e 643 689
e 643 737
e 643 745
e 643 752
e 643 813
e 643 814
e 643 828
e 643 879
e 643 944
e 643 955
e 643 1006
e 643 1007
e 643 1014
e 643 1019
e 643 1025
e 643 1039
e 643 1082
e 643 1085
e 643 1086
e 643 1195
e 643 1220
e 643 1388
e 643 1418
e 643 1470
e 643 1493
e 643 1519
e 643 1531
e 643 1685
e 643 1686
e 643 1724
e 643 1747
e 643 1760
e 643 1828
e 643 1835
e 643 1837
e 643 1847
e 643 1937
e 643 1946
e 643 1984
e 643 1989
e 643 1992
e 643 2048
e 643 2066
e 643 2101
e 643 2109
e 643 2111
e 643 2118
e 643 2119
e 643 2166
e 643 2183
e 643 2193
e 643 2198
e 643 2206
e 643 2213
e 643 2244
e 643 2280
e 643 2337
e 643 2342
e 643 2433
e 643 2448
e 643 2457
e 643 2458
e 643 2488
e 643 2637
e 643 2778
e 643 2818
e 643 3125
e 643 3145
e 643 3273
e 643 3380
e 643 3643
e 643 4354
e 643 4355
e 643 4356
e 643 4357
e 643 4358
e 643 4359
e 643 4360
e 643 4361
e 643 4362
e 643 4363
e 643 4364
e 644 646
e 644 647
e 644 697
e 644 736
e 644 737
e 644 742
e 644 743
e 644 751
e 644 769
e 644 813
e 644 814
e 644 822
e 644 825
e 644 1010
e 644 1019
e 644 1210
e 644 1227
e 644 1229
e 644 1233
e 644 1336
e 644 1341
e 644 1348
e 644 1417
e 644 1427
e 644 1635
e 644 1686
e 644 1750
e 644 1835
e 644 1837
e 644 1947
e 644 1953
e 644 1956
e 644 1962
e 644 1969
e 644 1970
e 644 1973
e 644 1974
e 644 1980
e 644 1984
e 644 1989
e 644 1992
e 644 2073
e 644 2102
e 644 2105
e 644 2106
e 644 2107
e 644 2110
e 644 2114
e 644 2115
e 644 2119
e 644 2135
e 644 2137
e 644 2143
e 644 2146
e 644 2147
e 644 2150
e 644 2156
e 644 2159
e 644 2163
e 644 2172
e 644 2175
e 644 2181
e 644 2182
e 644 2189
e 644 2198
e 644 2199
e 644 2205
e 644 2207
e 644 2244
e 644 2245
e 644 2246
e 644 2247
e 644 2301
e 644 2303
e 644 2305
e 644 2306
e 644 2313
e 644 2317
e 644 2341
e 644 2372
e 644 2430
e 644 2441
e 644 2443
e 644 2519
e 644 2532
e 644 2616
e 644 2660
e 644 2778
e 644 2952
e 644 3501
e 644 3891
e 644 4383
e 644 4384
e 644 4385
e 645 822
e 645 1005
e 645 1984
e 645 3167
e 645 4079
e 645 4470
e 645 4942
e 646 647
e 646 751
e 646 813
e 646 814
e 646 817
e 646 822
e 646 1835
e 646 2102
e 646 2105
e 646 2110
e 646 2133
e 646 2134
e 646 2660
e 646 4667
e 646 5234
e 647 649
e 647 689
e 647 697
e 647 723
e 647 742
e 647 751
e 647 769
e 647 792
e 647 813
e 647 814
e 647 822
e 647 1014
e 647 1212
e 647 1336
e 647 1341
e 647 1417
e 647 1427
e 647 1747
e 647 1832
e 647 1946
e 647 1953
e 647 1970
e 647 1984
e 647 1988
e 647 1989
e 647 1992
e 647 2073
e 647 2101
e 647 2105
e 647 2107
e 647 2108
e 647 2120
e 647 2147
e 647 2150
e 647 2163
e 647 2174
e 647 2182
e 647 2188
e 647 2244
e 647 2248
e 647 2303
e 647 2307
e 647 2337
e 647 2342
e 647 2432
e 647 2433
e 647 2473
e 647 2508
e 647 2513
e 647 2520
e 647 2637
e 647 3644
e 647 3646
e 647 3657
e 647 3743
e 647 4079
e 647 4122
e 647 4356
e 647 4383
e 647 5283
e 647 5284
e 647 5285
e 647 5286
e 647 5287
e 647 5288
e 647 5289
e 648 697
e 648 737
e 648 743
e 648 745
e 648 751
e 648 754
e 648 769
e 648 813
e 648 814
e 648 822
e 648 1014
e 648 1122
e 648 1946
e 648 1952
e 648 1989
e 648 2106
e 648 2108
e 648 2161
e 648 2164
e 648 2201
e 648 2213
e 648 2216
e 648 2244
e 648 2364
e 648 2389
e 648 2467
e 648 2614
e 648 2637
e 648 2684
e 648 2756
e 648 2801
e 648 2871
e 648 2874
e 648 3022
e 648 4385
e 648 4875
e 648 5887
e 648 5979
e 649 743
e 649 745
e 649 911
e 649 1573
e 649 1786
e 649 2147
e 649 2150
e 649 2468
e 649 3157
e 649 7418
e 650 652
e 650 665
e 650 929
e 650 971
e 650 1003
e 650 1023
e 650 1451
e 650 1528
e 650 1536
e 650 3922
e 650 4318
e 650 5442
e 650 5443
e 651 652
e 651 653
e 651 1024
e 651 1944
e 651 2529
e 651 3012
e 651 3975
e 651 5141
e 652 656
e 652 658
e 652 659
e 652 662
e 652 751
e 652 822
e 652 875
e 652 960
e 652 1055
e 652 1210
e 652 1212
e 652 1227
e 652 1779
e 652 1832
e 652 1946
e 652 2660
e 652 2663
e 652 3428
e 652 3652
e 652 3922
e 652 3964
e 652 3994
e 652 6178
e 652 7133
e 652 7134
e 653 658
e 653 659
e 653 720
e 653 929
e 653 1625
e 653 2983
e 653 7424
e 653 7425
e 654 655
e 654 658
e 654 689
e 654 745
e 654 897
e 654 1658
e 654 1856
e 654 2625
e 654 3000
e 654 3001
e 654 3309
e 654 3922
e 654 4572
e 654 6895
e 654 7407
e 654 7484
e 654 7487
e 654 7488
e 654 7489
e 655 658
e 655 960
e 655 1012
e 655 3309
e 655 3922
e 655 4500
e 655 4572
e 655 6056
e 655 6295
e 655 7407
e 656 658
e 656 689
e 656 1446
e 656 2337
e 656 2709
e 656 3803
e 656 3922
e 656 3994
e 656 4031
e 656 6361
e 656 7996
e 657 1528
e 658 659
e 658 967
e 658 984
e 658 2250
e 658 2895
e 658 3016
e 658 3075
e 658 3428
e 658 6507
e 658 6572
e 658 7134
e 658 7655
e 658 7853
e 658 8533
e 658 8568
e 658 8690
e 658 8719
e 659 875
e 659 974
e 659 1833
e 659 2581
e 659 3979
e 659 4002
e 659 5793
e 659 6211
e 659 7647
e 659 7691
e 659 8719
e 659 8869
e 659 8870
e 660 661
e 660 671
e 660 673
e 660 678
e 660 813
e 660 873
e 660 935
e 660 961
e 660 1000
e 660 1005
e 660 1032
e 660 1052
e 660 1228
e 660 1235
e 660 1236
e 660 1237
e 660 1266
e 660 1303
e 660 1305
e 660 1336
e 660 1337
e 660 1338
e 660 1339
e 660 1340
e 660 1341
e 660 1342
e 660 1343
e 660 1344
e 660 1345
e 660 1346
e 660 1347
e 660 1348
e 660 1349
e 660 1350
e 660 1351
e 660 1352
e 660 1353
e 660 1354
e 660 1355
e 660 1356
e 660 1357
e 660 1358
e 660 1359
e 660 1360
e 660 1361
e 660 1362
e 660 1363
e 660 1364
e 660 1365
e 660 1366
e 660 1367
e 660 1368
e 660 1369
e 660 1370
e 660 1371
e 660 1372
e 660 1373
e 660 1374
e 660 1375
e 660 1376
e 660 1377
e 660 1378
e 660 1379
e 660 1380
e 661 670
e 661 671
e 661 673
e 661 677
e 661 678
e 661 745
e 661 814
e 661 864
e 661 881
e 661 922
e 661 935
e 661 942
e 661 1005
e 661 1014
e 661 1025
e 661 1076
e 661 1082
e 661 1145
e 661 1192
e 661 1197
e 661 1237
e 661 1242
e 661 1249
e 661 1266
e 661 1336
e 661 1350
e 661 1352
e 661 1358
e 661 1364
e 661 1365
e 661 1366
e 661 1374
e 661 1378
e 661 1515
e 661 1719
e 661 1756
e 661 2143
e 661 2235
e 661 2244
e 661 2280
e 661 2368
e 661 2530
e 661 2548
e 661 2549
e 661 2550
e 661 2551
e 661 2552
e 661 2553
e 661 2554
e 661 2555
e 661 2556
e 661 2557
e 662 670
e 662 1006
e 662 1366
e 662 1374
e 662 2025
e 662 2112
e 662 2555
e 662 2556
e 662 2602
e 663 824
e 663 919
e 663 1067
e 663 1418
e 663 2305
e 663 2463
e 663 3806
e 663 4178
e 663 4887
e 663 5923
e 663 5924
e 664 753
e 664 758
e 664 813
e 664 1349
e 664 1350
e 664 1364
e 664 1373
e 664 1375
e 664 1828
e 664 2555
e 664 2850
e 665 669
e 665 731
e 665 814
e 665 824
e 665 864
e 665 872
e 665 952
e 665 961
e 665 1007
e 665 1011
e 665 1012
e 665 1014
e 665 1028
e 665 1058
e 665 1082
e 665 1100
e 665 1194
e 665 1315
e 665 1344
e 665 1348
e 665 1388
e 665 1459
e 665 1469
e 665 1515
e 665 1529
e 665 1565
e 665 1615
e 665 1709
e 665 1719
e 665 1724
e 665 1750
e 665 1753
e 665 1757
e 665 1760
e 665 1858
e 665 1860
e 665 1864
e 665 2047
e 665 2069
e 665 2072
e 665 2079
e 665 2143
e 665 2150
e 665 2164
e 665 2168
e 665 2199
e 665 2235
e 665 2343
e 665 2345
e 665 2395
e 665 2426
e 665 2441
e 665 2548
e 665 2550
e 665 2623
e 665 2835
e 665 3106
e 665 3245
e 665 3319
e 665 3537
e 665 3576
e 665 3582
e 665 3804
e 665 3826
e 665 4195
e 665 4388
e 665 4405
e 665 5021
e 665 5098
e 665 5203
e 665 5776
e 665 5848
e 665 6080
e 665 6120
e 665 6121
e 665 6122
e 665 6123
e 665 6124
e 665 6125
e 665 6126
e 665 6127
e 665 6128
e 665 6129
e 665 6130
e 666 697
e 666 742
e 666 1338
e 666 1373
e 666 1375
e 666 1587
e 666 1796
e 666 1798
e 666 3446
e 666 3806
e 666 4711
e 666 6729
e 667 670
e 667 864
e 667 935
e 667 1195
e 667 1237
e 667 1249
e 667 1266
e 667 1334
e 667 1349
e 667 1350
e 667 1358
e 667 1366
e 667 1651
e 667 2012
e 667 2143
e 667 2280
e 667 2554
e 667 2555
e 667 2556
e 667 4915
e 667 5104
e 667 5156
e 667 5707
e 667 5762
e 667 6331
e 667 6643
e 667 7143
e 667 7144
e 668 669
e 668 671
e 668 918
e 668 942
e 668 1005
e 668 1058
e 668 1100
e 668 1286
e 668 1727
e 668 1748
e 668 1753
e 668 1834
e 668 2078
e 668 2168
e 668 2246
e 668 2356
e 668 2433
e 668 2799
e 668 3010
e 668 4708
e 668 4764
e 668 4770
e 668 5309
e 668 5430
e 668 5680
e 668 5696
e 668 5697
e 668 7346
e 668 7347
e 668 7348
e 669 1058
e 669 1191
e 669 1409
e 669 1619
e 669 1748
e 669 1756
e 669 1774
e 669 2433
e 669 2520
e 670 743
e 670 1338
e 670 1565
e 670 2047
e 670 2517
e 670 2548
e 670 2549
e 670 2554
e 670 2623
e 670 2645
e 670 2962
e 670 3142
e 670 3700
e 670 3845
e 670 5295
e 671 827
e 671 942
e 671 1004
e 671 1058
e 671 1105
e 671 1191
e 671 1192
e 671 1368
e 671 1369
e 671 1375
e 671 1412
e 671 1454
e 671 1515
e 671 1565
e 671 1657
e 671 1753
e 671 1837
e 671 1860
e 671 2298
e 671 2356
e 671 2433
e 671 2473
e 671 2719
e 671 2951
e 671 4151
e 671 4759
e 671 5098
e 671 5178
e 671 5648
e 671 5674
e 671 5680
e 671 5896
e 671 6836
e 671 8003
e 672 1338
e 672 2554
e 672 4826
e 673 1197
e 673 1409
e 673 1657
e 673 3142
e 674 2016
e 674 2303
e 674 3617
e 674 6710
e 674 8261
e 674 8262
e 675 689
e 675 1375
e 675 2554
e 675 8318
e 675 8319
e 676 2289
e 676 2554
e 676 2623
e 676 2910
e 676 4783
e 676 5923
e 676 6775
e 677 689
e 677 1014
e 677 1418
e 677 1565
e 677 1864
e 677 2214
e 677 2554
e 677 3826
e 677 4113
e 678 2554
e 679 680
e 679 813
e 679 3139
e 680 3268
e 681 683
e 681 1201
e 681 2003
e 681 2257
e 682 688
e 682 703
e 682 716
e 682 717
e 682 719
e 682 720
e 682 722
e 682 727
e 682 743
e 682 771
e 682 772
e 682 907
e 682 959
e 682 1006
e 682 1570
e 682 1917
e 682 1984
e 682 2161
e 682 2180
e 682 2218
e 682 2724
e 682 2827
e 682 2828
e 682 2829
e 682 2830
e 682 2831
e 682 2832
e 682 2833
e 683 684
e 683 703
e 683 704
e 683 708
e 683 709
e 683 710
e 683 711
e 683 712
e 683 713
e 683 714
e 683 715
e 683 716
e 683 717
e 683 718
e 683 719
e 683 720
e 683 721
e 683 722
e 683 723
e 683 724
e 683 725
e 683 726
e 683 727
e 683 728
e 685 703
e 685 704
e 685 716
e 685 722
e 685 724
e 685 742
e 685 764
e 685 908
e 685 1570
e 685 1984
e 685 2177
e 685 2431
e 685 2745
e 685 2867
e 685 3243
e 685 3287
e 685 3288
e 685 3289
e 685 3290
e 686 688
e 686 959
e 686 1603
e 686 1688
e 687 1003
e 687 1007
e 687 5774
e 688 860
e 688 1188
e 688 1189
e 688 1734
e 688 1741
e 688 1859
e 688 1926
e 688 1932
e 688 2029
e 688 2297
e 688 2860
e 688 3360
e 688 3442
e 688 3653
e 688 3963
e 688 3970
e 688 3979
e 688 3993
e 688 4068
e 688 4573
e 688 4641
e 688 4754
e 688 5089
e 688 5429
e 688 5565
e 688 5976
e 688 6089
e 688 6173
e 688 6478
e 688 6653
e 688 6750
e 688 6779
e 688 6999
e 688 7314
e 688 7644
e 688 7850
e 688 7893
e 688 8095
e 688 8154
e 688 8456
e 688 8540
e 688 8805
e 688 8806
e 688 8807
e 688 8808
e 688 8809
e 688 8810
e 688 8811
e 688 8812
e 688 8813
e 688 8814
e 688 8815
e 688 8816
e 689 804
e 689 814
e 689 875
e 689 879
e 689 886
e 689 890
e 689 892
e 689 893
e 689 911
e 689 919
e 689 920
e 689 934
e 689 941
e 689 943
e 689 984
e 689 1011
e 689 1017
e 689 1019
e 689 1082
e 689 1092
e 689 1116
e 689 1210
e 689 1264
e 689 1341
e 689 1369
e 689 1414
e 689 1415
e 689 1418
e 689 1507
e 689 1529
e 689 1583
e 689 1612
e 689 1623
e 689 1657
e 689 1665
e 689 1724
e 689 1823
e 689 1843
e 689 1849
e 689 1852
e 689 1858
e 689 1868
e 689 1869
e 689 1876
e 689 1916
e 689 1973
e 689 1999
e 689 2047
e 689 2048
e 689 2127
e 689 2129
e 689 2143
e 689 2146
e 689 2154
e 689 2160
e 689 2167
e 689 2271
e 689 2308
e 689 2336
e 689 2337
e 689 2343
e 689 2344
e 689 2345
e 689 2348
e 689 2354
e 689 2390
e 689 2395
e 689 2420
e 689 2466
e 689 2497
e 689 2529
e 689 2550
e 689 2599
e 689 2628
e 689 2644
e 689 2646
e 689 2648
e 689 2729
e 689 2766
e 689 2841
e 689 2864
e 689 2935
e 689 2956
e 689 3081
e 689 3160
e 689 3196
e 689 3208
e 689 3245
e 689 3305
e 689 3414
e 689 3419
e 689 3442
e 689 3447
e 689 3537
e 689 3543
e 689 3568
e 689 3576
e 689 3607
e 689 3640
e 689 3654
e 689 3656
e 689 3722
e 689 3735
e 689 3782
e 689 3783
e 689 3784
e 689 3785
e 689 3786
e 689 3787
e 689 3788
e 689 3789
e 689 3790
e 689 3791
e 689 3792
e 689 3793
e 689 3794
e 689 3795
e 689 3796
e 689 3797
e 689 3798
e 689 3799
e 689 3800
e 689 3801
e 689 3802
e 689 3803
e 689 3804
e 689 3805
e 689 3806
e 689 3807
e 689 3808
e 689 3809
e 689 3810
e 689 3811
e 689 3812
e 689 3813
e 689 3814
e 689 3815
e 689 3816
e 689 3817
e 689 3818
e 689 3819
e 689 3820
e 689 3821
e 689 3822
e 689 3823
e 689 3824
e 689 3825
e 689 3826
e 689 3827
e 689 3828
e 689 3829
e 689 3830
e 689 3831
e 689 3832
e 689 3833
e 689 3834
e 689 3835
e 689 3836
e 689 3837
e 689 3838
e 689 3839
e 689 3840
e 689 3841
e 689 3842
e 689 3843
e 689 3844
e 689 3845
e 689 3846
e 689 3847
e 689 3848
e 689 3849
e 689 3850
e 689 3851
e 689 3852
e 689 3853
e 689 3854
e 689 3855
e 689 3856
e 689 3857
e 689 3858
e 689 3859
e 689 3860
e 689 3861
e 689 3862
e 689 3863
e 689 3864
e 689 3865
e 689 3866
e 689 3867
e 689 3868
e 689 3869
e 689 3870
e 689 3871
e 689 3872
e 689 3873
e 689 3874
e 689 3875
e 689 3876
e 689 3877
e 689 3878
e 689 3879
e 689 3880
e 689 3881
e 689 3882
e 689 3883
e 689 3884
e 689 3885
e 689 3886
e 689 3887
e 689 3888
e 689 3889
e 691 706
e 691 2383
e 691 2764
e 691 3366
e 691 3430
e 691 3798
e 691 5869
e 692 711
e 692 772
e 692 789
e 692 791
e 692 797
e 692 803
e 692 828
e 692 836
e 692 1018
e 692 1038
e 692 1228
e 692 2141
e 692 3454
e 692 3607
e 692 6598
e 692 6599
e 692 6600
e 692 6601
e 693 6598
e 694 1838
e 695 9136
e 696 1827
e 696 1838
e 696 1960
e 696 2716
e 696 2867
e 696 4130
e 696 4135
e 697 737
e 697 742
e 697 743
e 697 745
e 697 751
e 697 753
e 697 767
e 697 769
e 697 772
e 697 812
e 697 813
e 697 814
e 697 822
e 697 825
e 697 1192
e 697 1210
e 697 1510
e 697 1685
e 697 1686
e 697 1832
e 697 1835
e 697 1944
e 697 1953
e 697 1954
e 697 1968
e 697 1976
e 697 1980
e 697 1984
e 697 1992
e 697 2049
e 697 2072
e 697 2123
e 697 2213
e 697 2244
e 697 2364
e 697 2385
e 697 2392
e 697 2441
e 697 2462
e 697 2532
e 697 2731
e 697 2874
e 697 2878
e 697 3356
e 697 3463
e 697 3616
e 697 3906
e 697 3911
e 697 4356
e 697 4971
e 697 4985
e 697 5183
e 697 5238
e 697 5968
e 698 1465
e 699 8681
e 701 778
e 701 779
e 701 1342
e 701 1615
e 701 2393
e 701 2550
e 701 2600
e 701 2843
e 701 3060
e 701 3510
e 701 3863
e 701 4080
e 701 4658
e 701 5153
e 701 5644
e 701 6429
e 701 6430
e 702 1240
e 702 2134
e 702 3510
e 702 4644
e 702 5131
e 702 5404
e 702 5409
e 703 704
e 703 705
e 703 706
e 703 707
e 704 718
e 704 768
e 705 813
e 705 916
e 705 3238
e 705 3629
e 705 3632
e 706 770
e 706 777
e 706 1917
e 706 2381
e 706 2683
e 706 2686
e 706 3267
e 706 3269
e 706 3729
e 706 3730
e 706 3731
e 706 3732
e 706 3733
e 706 3734
e 707 1245
e 707 1674
e 707 2385
e 707 3910
e 707 3935
e 707 3945
e 707 3946
e 708 729
e 708 730
e 708 731
e 708 732
e 708 733
e 709 734
e 709 735
e 709 736
e 709 737
e 709 738
e 709 739
e 709 740
e 709 741
e 710 742
e 710 743
e 710 744
e 710 745
e 710 746
e 710 747
e 710 748
e 710 749
e 711 721
e 711 722
e 711 723
e 711 725
e 711 742
e 711 750
e 711 751
e 711 752
e 711 753
e 711 754
e 711 755
e 711 756
e 711 757
e 711 758
e 711 759
e 711 760
e 711 761
e 711 762
e 711 763
e 711 764
e 712 753
e 712 758
e 712 765
e 712 766
e 712 767
e 713 813
e 713 814
e 713 815
e 713 816
e 713 817
e 713 818
e 713 819
e 713 820
e 714 767
e 714 868
e 715 869
e 715 870
e 715 871
e 715 872
e 715 873
e 715 874
e 715 875
e 715 876
e 715 877
e 715 878
e 715 879
e 715 880
e 715 881
e 715 882
e 715 883
e 715 884
e 715 885
e 715 886
e 715 887
e 715 888
e 715 889
e 715 890
e 715 891
e 715 892
e 715 893
e 715 894
e 715 895
e 715 896
e 715 897
e 715 898
e 715 899
e 715 900
e 716 901
e 716 902
e 716 903
e 716 904
e 716 905
e 717 906
e 718 907
e 718 908
e 718 909
e 718 910
e 719 911
e 719 912
e 719 913
e 721 722
e 721 752
e 721 753
e 721 763
e 721 772
e 721 800
e 721 821
e 721 828
e 721 841
e 721 914
e 721 915
e 721 916
e 721 917
e 721 918
e 721 919
e 721 920
e 721 921
e 721 922
e 721 923
e 721 924
e 721 925
e 721 926
e 721 927
e 721 928
e 721 929
e 721 930
e 721 931
e 721 932
e 721 933
e 721 934
e 721 935
e 721 936
e 721 937
e 721 938
e 721 939
e 722 724
e 722 750
e 722 763
e 722 772
e 722 901
e 722 1177
e 722 1249
e 722 1271
e 722 1341
e 722 1828
e 722 2398
e 722 2722
e 722 2829
e 722 2830
e 722 3080
e 722 3562
e 722 4078
e 722 4294
e 722 4777
e 722 5169
e 722 5576
e 723 856
e 723 1221
e 723 1726
e 723 1838
e 723 1839
e 723 1840
e 723 2154
e 723 2283
e 723 2441
e 723 2668
e 723 2829
e 723 2854
e 723 2889
e 723 2948
e 723 3021
e 723 3137
e 723 3364
e 723 3484
e 723 3743
e 723 4071
e 723 4820
e 723 5361
e 723 5559
e 723 6273
e 723 6274
e 723 6275
e 723 6276
e 723 6277
e 723 6278
e 723 6279
e 724 801
e 724 925
e 724 1937
e 724 3682
e 725 764
e 725 1244
e 725 2188
e 725 7151
e 726 2108
e 726 2161
e 726 2269
e 726 2639
e 726 2750
e 726 2823
e 726 4392
e 726 8040
e 727 1531
e 727 1740
e 727 2034
e 727 2492
e 727 3583
e 727 4147
e 727 5431
e 727 7135
e 727 7349
e 727 8116
e 727 8721
e 728 2102
e 728 3380
e 729 4989
e 730 4761
e 731 745
e 731 760
e 731 1018
e 731 1044
e 731 1134
e 731 1228
e 731 1901
e 731 2034
e 731 2319
e 731 2417
e 731 4806
e 731 6596
e 731 6597
e 732 954
e 732 1044
e 732 1740
e 732 1899
e 732 1913
e 733 6597
e 734 735
e 734 736
e 734 739
e 734 740
e 734 795
e 734 1352
e 734 1509
e 734 2461
e 734 3266
e 734 3267
e 734 3268
e 734 3269
e 734 3270
e 735 738
e 735 795
e 735 3270
e 735 4258
e 735 4752
e 735 4753
e 736 738
e 736 813
e 736 2176
e 736 2177
e 736 2659
e 736 2790
e 736 3120
e 736 5002
e 736 5170
e 736 5171
e 737 743
e 737 745
e 737 813
e 737 1227
e 737 1686
e 737 1740
e 737 2049
e 737 2147
e 737 2213
e 737 2874
e 737 3273
e 737 3463
e 737 3634
e 737 3823
e 737 4843
e 737 5958
e 737 5959
e 737 5960
e 737 5961
e 737 5962
e 738 7246
e 740 784
e 740 894
e 740 3270
e 740 3432
e 740 4258
e 740 5212
e 740 6166
e 740 7248
e 741 8525
e 741 9278
e 742 743
e 742 745
e 742 751
e 742 769
e 742 813
e 742 814
e 742 928
e 742 1005
e 742 1019
e 742 1058
e 742 1192
e 742 1336
e 742 1417
e 742 1427
e 742 1512
e 742 1685
e 742 1686
e 742 1943
e 742 1955
e 742 1956
e 742 1957
e 742 1969
e 742 1970
e 742 1971
e 742 1973
e 742 1974
e 742 1979
e 742 1980
e 742 1984
e 742 1989
e 742 2073
e 742 2101
e 742 2102
e 742 2103
e 742 2110
e 742 2134
e 742 2143
e 742 2145
e 742 2146
e 742 2147
e 742 2159
e 742 2163
e 742 2167
e 742 2173
e 742 2175
e 742 2182
e 742 2195
e 742 2198
e 742 2199
e 742 2213
e 742 2245
e 742 2248
e 742 2299
e 742 2300
e 742 2301
e 742 2302
e 742 2303
e 742 2304
e 742 2305
e 742 2306
e 742 2307
e 742 2308
e 742 2309
e 742 2310
e 742 2311
e 742 2312
e 742 2313
e 742 2314
e 742 2315
e 742 2316
e 742 2317
e 742 2318
e 742 2319
e 742 2320
e 742 2321
e 742 2322
e 742 2323
e 742 2324
e 742 2325
e 742 2326
e 742 2327
e 742 2328
e 742 2329
e 742 2330
e 742 2331
e 742 2332
e 742 2333
e 742 2334
e 742 2335
e 743 745
e 743 751
e 743 752
e 743 769
e 743 812
e 743 813
e 743 814
e 743 822
e 743 825
e 743 941
e 743 1012
e 743 1074
e 743 1227
e 743 1336
e 743 1512
e 743 1531
e 743 1686
e 743 1822
e 743 1826
e 743 1842
e 743 1953
e 743 1968
e 743 1970
e 743 1971
e 743 1980
e 743 2049
e 743 2078
e 743 2123
e 743 2143
e 743 2147
e 743 2161
e 743 2186
e 743 2213
e 743 2216
e 743 2244
e 743 2246
e 743 2301
e 743 2303
e 743 2385
e 743 2432
e 743 2441
e 743 2467
e 743 2532
e 743 2539
e 743 2642
e 743 2731
e 743 2866
e 743 2867
e 743 2868
e 743 2869
e 743 2870
e 743 2871
e 743 2872
e 743 2873
e 743 2874
e 743 2875
e 743 2876
e 743 2877
e 743 2878
e 743 2879
e 743 2880
e 744 751
e 744 769
e 744 770
e 744 775
e 744 816
e 744 1227
e 744 1636
e 744 2010
e 744 2141
e 744 2390
e 744 2508
e 744 2605
e 744 2852
e 744 3132
e 744 3162
e 744 3241
e 744 3369
e 744 3481
e 744 3482
e 744 3483
e 744 3484
e 744 3485
e 744 3486
e 744 3487
e 744 3488
e 744 3489
e 744 3490
e 744 3491
e 744 3492
e 745 751
e 745 769
e 745 919
e 745 941
e 745 1005
e 745 1012
e 745 1028
e 745 1227
e 745 1691
e 745 1749
e 745 1835
e 745 1953
e 745 1989
e 745 2072
e 745 2123
e 745 2161
e 745 2213
e 745 2216
e 745 2244
e 745 2305
e 745 2395
e 745 2399
e 745 2402
e 745 2462
e 745 2467
e 745 2637
e 745 2646
e 745 2731
e 745 2755
e 745 2867
e 745 3241
e 745 3276
e 745 3493
e 745 3620
e 745 3638
e 745 3784
e 745 3906
e 745 4736
e 745 4976
e 745 5317
e 745 5925
e 746 747
e 746 813
e 746 2141
e 746 4462
e 746 5555
e 746 5908
e 746 6006
e 746 6007
e 747 1953
e 747 3239
e 747 3483
e 747 4148
e 747 6679
e 748 921
e 748 3177
e 748 3239
e 748 4281
e 748 4369
e 748 4922
e 748 4923
e 748 5545
e 748 5618
e 749 1748
e 750 765
e 750 781
e 750 844
e 750 938
e 750 3436
e 751 754
e 751 772
e 751 814
e 751 868
e 751 914
e 751 922
e 751 1006
e 751 1202
e 751 1210
e 751 1212
e 751 1227
e 751 1233
e 751 1509
e 751 1513
e 751 1568
e 751 1615
e 751 1686
e 751 1828
e 751 1832
e 751 1858
e 751 1937
e 751 1947
e 751 1953
e 751 1970
e 751 1974
e 751 1976
e 751 1980
e 751 1983
e 751 1988
e 751 1992
e 751 2016
e 751 2047
e 751 2073
e 751 2101
e 751 2102
e 751 2103
e 751 2104
e 751 2105
e 751 2107
e 751 2108
e 751 2109
e 751 2112
e 751 2114
e 751 2115
e 751 2116
e 751 2117
e 751 2118
e 751 2119
e 751 2133
e 751 2143
e 751 2150
e 751 2168
e 751 2180
e 751 2185
e 751 2186
e 751 2188
e 751 2191
e 751 2192
e 751 2193
e 751 2195
e 751 2196
e 751 2198
e 751 2201
e 751 2202
e 751 2204
e 751 2205
e 751 2206
e 751 2207
e 751 2209
e 751 2210
e 751 2213
e 751 2244
e 751 2247
e 751 2249
e 751 2311
e 751 2316
e 751 2320
e 751 2338
e 751 2342
e 751 2353
e 751 2380
e 751 2389
e 751 2442
e 751 2446
e 751 2453
e 751 2454
e 751 2455
e 751 2456
e 751 2457
e 751 2465
e 751 2662
e 751 2735
e 751 2780
e 751 2813
e 751 2821
e 751 3157
e 751 3206
e 751 3499
e 751 3555
e 751 3565
e 751 3612
e 751 3613
e 751 3614
e 751 3615
e 751 3616
e 751 3617
e 751 3618
e 751 3619
e 751 3620
e 751 3621
e 751 3622
e 751 3623
e 752 813
e 752 843
e 752 864
e 752 911
e 752 1412
e 752 1557
e 752 1835
e 752 1918
e 752 2111
e 752 2202
e 752 2362
e 752 2364
e 752 2468
e 752 2508
e 752 2637
e 752 2843
e 752 2956
e 752 3918
e 752 3957
e 752 4087
e 752 5023
e 752 5056
e 752 5057
e 753 759
e 753 761
e 753 763
e 753 772
e 753 773
e 753 775
e 753 779
e 753 782
e 753 785
e 753 788
e 753 792
e 753 794
e 753 795
e 753 796
e 753 797
e 753 798
e 753 799
e 753 800
e 753 801
e 753 804
e 753 808
e 753 812
e 753 836
e 753 845
e 753 855
e 753 915
e 753 3591
e 754 772
e 754 814
e 754 925
e 754 1829
e 754 1989
e 754 2199
e 754 2207
e 754 2243
e 754 2244
e 754 2245
e 754 2637
e 754 5576
e 755 765
e 755 2268
e 755 2850
e 755 2997
e 755 3283
e 755 3421
e 755 3681
e 755 4403
e 755 4426
e 755 4880
e 755 5283
e 755 5509
e 755 6589
e 755 6774
e 755 7023
e 755 7077
e 756 765
e 756 782
e 756 786
e 756 789
e 756 795
e 756 829
e 756 2628
e 756 3124
e 756 3591
e 757 769
e 757 814
e 757 922
e 757 1210
e 757 1970
e 757 2120
e 757 2146
e 757 2308
e 757 2718
e 757 3028
e 757 4405
e 757 5021
e 757 5124
e 757 5906
e 757 5938
e 758 772
e 758 785
e 758 792
e 758 794
e 758 796
e 758 797
e 758 801
e 758 803
e 758 804
e 758 808
e 758 828
e 758 829
e 758 836
e 758 851
e 758 1883
e 758 4750
e 758 4786
e 758 5981
e 758 6073
e 758 6082
e 758 6601
e 758 7515
e 759 765
e 759 795
e 759 2628
e 759 3348
e 759 3591
e 759 6082
e 759 7516
e 760 780
e 760 823
e 760 854
e 760 1938
e 760 1941
e 760 1942
e 760 2264
e 760 4785
e 760 5121
e 761 800
e 761 3927
e 763 800
e 763 828
e 763 1970
e 763 2073
e 763 2467
e 763 5169
e 763 6184
e 763 7432
e 764 772
e 764 1271
e 764 2722
e 764 3126
e 764 5576
e 764 5594
e 765 770
e 765 772
e 765 779
e 765 782
e 765 789
e 765 795
e 765 797
e 765 808
e 765 1918
e 765 2225
e 765 2399
e 765 2455
e 765 2821
e 765 3124
e 765 3498
e 765 3624
e 765 3626
e 765 3982
e 765 4162
e 765 4656
e 765 4786
e 765 4787
e 765 4841
e 765 5852
e 765 5897
e 765 6065
e 765 6066
e 765 6067
e 765 6068
e 766 943
e 766 951
e 766 954
e 766 1018
e 766 1036
e 766 1044
e 766 1228
e 766 1243
e 766 1297
e 766 1456
e 766 1583
e 766 1606
e 766 1700
e 766 1824
e 766 1899
e 766 2003
e 766 2012
e 766 2112
e 766 2416
e 766 2417
e 766 2421
e 766 2423
e 766 2424
e 766 2461
e 766 2480
e 766 2860
e 766 3088
e 766 3110
e 766 3473
e 766 3657
e 766 4862
e 766 4992
e 766 5129
e 766 5317
e 766 5495
e 766 6083
e 766 6506
e 766 6650
e 766 6651
e 766 6652
e 766 6653
e 766 6654
e 766 6655
e 766 6656
e 766 6657
e 766 6658
e 767 790
e 767 791
e 767 947
e 767 2389
e 767 2582
e 767 4787
e 767 5049
e 768 2731
e 768 3310
e 769 814
e 769 1005
e 769 1032
e 769 1192
e 769 1202
e 769 1210
e 769 1212
e 769 1227
e 769 1417
e 769 1509
e 769 1513
e 769 1832
e 769 1835
e 769 1858
e 769 1937
e 769 1943
e 769 1947
e 769 1953
e 769 1954
e 769 1968
e 769 1969
e 769 1974
e 769 1983
e 769 1984
e 769 1992
e 769 2047
e 769 2101
e 769 2103
e 769 2107
e 769 2109
e 769 2112
e 769 2115
e 769 2117
e 769 2119
e 769 2141
e 769 2166
e 769 2180
e 769 2181
e 769 2182
e 769 2183
e 769 2184
e 769 2185
e 769 2186
e 769 2187
e 769 2188
e 769 2189
e 769 2190
e 769 2191
e 769 2192
e 769 2193
e 769 2194
e 769 2195
e 769 2196
e 769 2197
e 769 2198
e 769 2199
e 769 2200
e 769 2201
e 769 2202
e 769 2203
e 769 2204
e 769 2205
e 769 2206
e 769 2207
e 769 2208
e 769 2209
e 769 2210
e 769 2211
e 769 2212
e 769 2213
e 769 2214
e 769 2215
e 769 2216
e 769 2217
e 770 956
e 770 1264
e 770 2269
e 770 2337
e 770 2510
e 770 2608
e 770 2723
e 770 2761
e 770 2762
e 770 2763
e 770 2764
e 770 2765
e 770 2766
e 770 2767
e 770 2768
e 770 2769
e 770 2770
e 770 2771
e 770 2772
e 770 2773
e 770 2774
e 770 2775
e 771 911
e 771 917
e 771 925
e 771 1827
e 771 2161
e 771 2313
e 771 2338
e 771 2756
e 771 2766
e 771 2837
e 771 2838
e 771 2839
e 771 2840
e 772 835
e 772 1006
e 772 2850
e 772 2851
e 773 968
e 773 1488
e 773 1745
e 773 1900
e 773 1917
e 773 2071
e 773 2129
e 773 2144
e 773 2177
e 773 2299
e 773 2544
e 773 2548
e 773 2549
e 773 2721
e 773 2731
e 773 2817
e 773 3018
e 773 3129
e 773 3145
e 773 3150
e 773 3287
e 773 3376
e 773 3742
e 773 3752
e 773 4244
e 773 4292
e 773 4294
e 773 4295
e 773 4301
e 773 4324
e 773 4489
e 773 4490
e 773 4491
e 773 4492
e 773 4493
e 773 4494
e 773 4495
e 774 783
e 774 1917
e 774 3687
e 774 4736
e 775 793
e 775 1417
e 775 1529
e 775 1636
e 775 1938
e 775 2183
e 775 2532
e 775 2787
e 775 2800
e 775 4299
e 775 4587
e 775 5327
e 775 5328
e 775 5329
e 775 5330
e 776 3243
e 776 5571
e 777 2388
e 777 3730
e 777 5634
e 778 797
e 778 915
e 778 1336
e 778 2340
e 778 2388
e 778 3284
e 778 5428
e 778 5906
e 779 4529
e 781 782
e 781 785
e 781 1537
e 781 1940
e 781 2684
e 781 2728
e 781 2832
e 781 3436
e 781 3732
e 781 3918
e 781 4392
e 781 5023
e 782 833
e 782 925
e 782 1940
e 782 2336
e 782 3918
e 782 5023
e 782 5815
e 782 6411
e 783 857
e 783 858
e 783 1385
e 783 2147
e 783 2220
e 783 2391
e 783 2571
e 783 2881
e 783 2913
e 783 3501
e 783 3505
e 783 3506
e 783 3507
e 783 3512
e 783 3516
e 783 3517
e 783 3518
e 783 3519
e 783 4731
e 783 5374
e 783 6552
e 784 827
e 784 1189
e 784 2203
e 784 3015
e 784 3439
e 784 3442
e 784 3961
e 784 3962
e 784 6105
e 784 6131
e 784 6181
e 785 2832
e 786 3064
e 786 3075
e 786 3363
e 786 4625
e 786 6285
e 787 2012
e 787 2421
e 788 2091
e 789 797
e 789 1210
e 789 7920
e 792 2850
e 792 3270
e 792 5953
e 793 820
e 793 1221
e 793 1938
e 793 2235
e 793 4249
e 793 4376
e 793 5189
e 793 5402
e 793 5616
e 795 3124
e 795 6955
e 797 7796
e 797 8419
e 798 1917
e 798 6539
e 800 828
e 800 2844
e 800 3835
e 800 4356
e 801 917
e 801 2850
e 801 7759
e 802 840
e 802 4182
e 802 5056
e 802 5308
e 802 7822
e 802 7823
e 802 8005
e 803 8419
e 804 1917
e 804 2315
e 804 2950
e 804 4345
e 804 4839
e 808 2198
e 808 2850
e 808 4058
e 810 4665
e 813 814
e 813 815
e 813 823
e 813 824
e 813 825
e 813 868
e 813 922
e 813 923
e 813 947
e 813 1010
e 813 1019
e 813 1035
e 813 1212
e 813 1229
e 813 1237
e 813 1265
e 813 1336
e 813 1509
e 813 1512
e 813 1685
e 813 1686
e 813 1724
e 813 1725
e 813 1749
e 813 1750
e 813 1832
e 813 1835
e 813 1836
e 813 1837
e 813 1935
e 813 1944
e 813 1947
e 813 1953
e 813 1956
e 813 1969
e 813 1970
e 813 1980
e 813 1983
e 813 1984
e 813 1989
e 813 1992
e 813 2011
e 813 2066
e 813 2073
e 813 2101
e 813 2102
e 813 2105
e 813 2106
e 813 2107
e 813 2108
e 813 2109
e 813 2110
e 813 2120
e 813 2132
e 813 2133
e 813 2143
e 813 2146
e 813 2150
e 813 2163
e 813 2164
e 813 2166
e 813 2182
e 813 2183
e 813 2184
e 813 2192
e 813 2193
e 813 2194
e 813 2195
e 813 2196
e 813 2197
e 813 2198
e 813 2199
e 813 2200
e 813 2205
e 813 2217
e 813 2243
e 813 2244
e 813 2245
e 813 2246
e 813 2247
e 813 2248
e 813 2301
e 813 2302
e 813 2303
e 813 2304
e 813 2306
e 813 2307
e 813 2308
e 813 2309
e 813 2310
e 813 2311
e 813 2341
e 813 2342
e 813 2388
e 813 2389
e 813 2435
e 813 2439
e 813 2440
e 813 2499
e 813 2508
e 813 2509
e 813 2532
e 813 2569
e 813 2599
e 813 2615
e 813 2616
e 813 2659
e 813 2745
e 813 2756
e 813 2764
e 813 2778
e 813 2779
e 813 2780
e 813 2813
e 813 2843
e 813 3103
e 813 3115
e 813 3206
e 813 3220
e 813 3304
e 813 3501
e 813 3633
e 813 3634
e 813 3635
e 813 3636
e 813 3637
e 813 3638
e 813 3639
e 813 3640
e 813 3641
e 813 3642
e 813 3643
e 813 3644
e 813 3645
e 813 3646
e 813 3647
e 813 3648
e 813 3649
e 813 3650
e 813 3651
e 813 3652
e 813 3653
e 813 3654
e 813 3655
e 813 3656
e 813 3657
e 813 3658
e 813 3659
e 813 3660
e 813 3661
e 814 825
e 814 827
e 814 922
e 814 923
e 814 925
e 814 1072
e 814 1195
e 814 1212
e 814 1229
e 814 1336
e 814 1509
e 814 1685
e 814 1686
e 814 1691
e 814 1750
e 814 1827
e 814 1835
e 814 1943
e 814 1946
e 814 1947
e 814 1952
e 814 1953
e 814 1954
e 814 1956
e 814 1959
e 814 1960
e 814 1970
e 814 1973
e 814 1976
e 814 1979
e 814 1984
e 814 1988
e 814 1989
e 814 2101
e 814 2103
e 814 2108
e 814 2113
e 814 2114
e 814 2120
e 814 2132
e 814 2133
e 814 2141
e 814 2143
e 814 2146
e 814 2147
e 814 2156
e 814 2163
e 814 2166
e 814 2182
e 814 2184
e 814 2188
e 814 2189
e 814 2199
e 814 2210
e 814 2244
e 814 2245
e 814 2247
e 814 2306
e 814 2308
e 814 2311
e 814 2315
e 814 2323
e 814 2342
e 814 2439
e 814 2454
e 814 2458
e 814 2464
e 814 2518
e 814 2520
e 814 2532
e 814 2616
e 814 2645
e 814 2669
e 814 2813
e 814 2922
e 814 2948
e 814 3131
e 814 3205
e 814 3322
e 814 3586
e 814 3620
e 814 3649
e 814 3788
e 814 3891
e 814 4106
e 814 4107
e 814 4108
e 814 4109
e 814 4110
e 814 4111
e 815 825
e 815 2105
e 815 2352
e 815 2532
e 815 3016
e 815 3571
e 815 4587
e 815 5172
e 816 878
e 816 965
e 816 1018
e 816 1914
e 816 1973
e 816 2022
e 816 2025
e 816 3130
e 816 3177
e 816 3484
e 816 3486
e 816 3736
e 816 3744
e 816 3756
e 816 4148
e 816 4223
e 816 4320
e 816 4368
e 816 4369
e 816 4372
e 816 4520
e 816 5140
e 816 5316
e 817 830
e 817 868
e 817 1017
e 817 1686
e 817 1750
e 817 1835
e 817 1970
e 817 1980
e 817 2073
e 817 2101
e 817 2103
e 817 2108
e 817 2117
e 817 2119
e 817 2442
e 817 2454
e 817 2455
e 817 3614
e 817 4671
e 818 965
e 818 1221
e 818 1740
e 818 1914
e 818 3287
e 818 3379
e 818 3488
e 818 3571
e 818 3756
e 818 4320
e 818 4369
e 818 4529
e 818 5316
e 818 7331
e 819 923
e 819 2066
e 819 2102
e 819 2109
e 819 2117
e 819 2123
e 819 2778
e 819 2843
e 819 3384
e 819 3906
e 819 4145
e 820 1260
e 820 2109
e 820 2404
e 820 2778
e 820 4070
e 820 4147
e 820 4221
e 821 2299
e 821 2544
e 821 3129
e 821 3752
e 821 4292
e 821 4310
e 821 4407
e 822 1005
e 822 1034
e 822 1052
e 822 1082
e 822 1206
e 822 1210
e 822 1212
e 822 1227
e 822 1383
e 822 1388
e 822 1686
e 822 1724
e 822 1747
e 822 1833
e 822 1835
e 822 1837
e 822 1858
e 822 1947
e 822 1953
e 822 1969
e 822 1974
e 822 1976
e 822 1983
e 822 1984
e 822 1988
e 822 1989
e 822 2101
e 822 2103
e 822 2107
e 822 2110
e 822 2112
e 822 2114
e 822 2115
e 822 2116
e 822 2117
e 822 2118
e 822 2119
e 822 2128
e 822 2150
e 822 2156
e 822 2163
e 822 2185
e 822 2186
e 822 2191
e 822 2196
e 822 2198
e 822 2199
e 822 2206
e 822 2210
e 822 2213
e 822 2215
e 822 2217
e 822 2302
e 822 2304
e 822 2311
e 822 2334
e 822 2342
e 822 2440
e 822 2442
e 822 2447
e 822 2453
e 822 2455
e 822 2462
e 822 2510
e 822 2512
e 822 3565
e 822 3566
e 822 3614
e 822 3891
e 822 4107
e 822 4699
e 822 4872
e 822 4873
e 822 4874
e 822 4875
e 822 4876
e 822 4877
e 823 826
e 823 1901
e 823 1917
e 823 2384
e 823 3376
e 823 4147
e 823 5106
e 824 837
e 824 862
e 824 869
e 824 941
e 824 942
e 824 949
e 824 967
e 824 1025
e 824 1109
e 824 1179
e 824 1204
e 824 1258
e 824 1835
e 824 2012
e 824 2372
e 824 2417
e 824 2421
e 824 2423
e 824 2952
e 824 3048
e 824 3373
e 824 3374
e 824 3384
e 824 3560
e 824 4147
e 824 4234
e 824 4907
e 824 5106
e 824 5194
e 824 5195
e 824 5196
e 824 5197
e 824 5198
e 824 5199
e 824 5200
e 824 5201
e 824 5202
e 824 5203
e 825 1686
e 825 1938
e 825 1955
e 825 2102
e 825 2105
e 825 2183
e 825 2246
e 825 2338
e 825 2448
e 825 2462
e 825 2532
e 825 2777
e 825 2783
e 825 2786
e 825 2787
e 825 3128
e 825 3241
e 825 3918
e 825 4298
e 825 5235
e 825 5236
e 826 846
e 826 3679
e 826 4356
e 827 919
e 827 1066
e 827 1341
e 827 1530
e 827 1687
e 827 2149
e 827 2158
e 827 2545
e 827 2804
e 827 2813
e 827 3241
e 827 3266
e 827 3374
e 827 3454
e 827 3474
e 827 3521
e 827 3588
e 827 3926
e 827 3927
e 827 5166
e 827 5653
e 827 6343
e 827 6344
e 827 6345
e 827 6346
e 827 6347
e 827 6348
e 828 841
e 828 914
e 828 917
e 828 918
e 828 919
e 828 920
e 828 922
e 828 923
e 828 924
e 828 925
e 828 926
e 828 928
e 828 929
e 828 930
e 828 931
e 828 935
e 828 936
e 828 938
e 828 939
e 829 1018
e 829 2177
e 829 5059
e 829 5609
e 829 6264
e 830 2818
e 830 2867
e 830 4698
e 830 5205
e 830 6993
e 832 3291
e 833 1940
e 833 2425
e 833 4131
e 833 4381
e 833 4641
e 833 6581
e 834 3436
e 834 3918
e 834 5023
e 837 3526
e 837 3588
e 838 866
e 838 1988
e 838 2159
e 838 4108
e 839 855
e 839 947
e 839 2628
e 839 2646
e 839 4491
e 839 4630
e 839 6952
e 839 7975
e 840 7822
e 840 8069
e 840 8070
e 841 3606
e 843 937
e 843 2016
e 843 2103
e 843 2391
e 843 2850
e 843 3436
e 843 3574
e 843 3631
e 843 3638
e 843 3657
e 843 3918
e 843 4911
e 843 5023
e 843 5232
e 843 5760
e 843 8325
e 844 855
e 844 926
e 844 2351
e 844 2628
e 844 2646
e 844 3436
e 844 3591
e 844 4630
e 844 6952
e 844 7975
e 844 8330
e 845 3626
e 845 4786
e 845 6065
e 847 3124
e 847 5169
e 847 6955
e 848 7082
e 849 7007
e 850 3626
e 851 3626
e 852 3041
e 852 3626
e 853 2391
e 853 3544
e 853 3631
e 853 4682
e 853 6726
e 853 7641
e 854 2177
e 854 2628
e 854 4816
e 854 8912
e 855 3860
e 855 4357
e 856 3016
e 856 3184
e 856 3223
e 857 915
e 857 2222
e 857 3506
e 858 932
e 858 1691
e 858 2355
e 858 4732
e 858 6144
e 858 6567
e 859 874
e 859 1585
e 859 2223
e 859 5698
e 859 6726
e 860 1006
e 860 1418
e 860 3609
e 861 968
e 861 975
e 861 1120
e 861 1306
e 861 1346
e 861 1567
e 861 1757
e 861 2272
e 861 2283
e 861 3392
e 861 5698
e 861 6726
e 861 7601
e 861 7602
e 862 951
e 862 953
e 862 968
e 862 969
e 862 973
e 862 978
e 862 979
e 862 1031
e 862 1207
e 862 1389
e 862 1552
e 862 1615
e 862 1668
e 862 1932
e 862 2012
e 862 2057
e 862 2857
e 862 2875
e 862 3405
e 862 3774
e 862 3790
e 862 3856
e 862 4114
e 862 4115
e 862 4502
e 862 4557
e 862 4620
e 862 4638
e 862 4846
e 862 5007
e 862 5708
e 862 5741
e 862 6187
e 862 6195
e 862 6513
e 862 7781
e 862 7782
e 862 7783
e 862 7784
e 862 7785
e 862 7786
e 862 7787
e 862 7788
e 862 7789
e 863 2771
e 863 3480
e 863 4257
e 864 894
e 864 922
e 864 923
e 864 1098
e 864 2066
e 864 2102
e 864 2112
e 864 2635
e 864 2804
e 864 2843
e 864 3588
e 864 4731
e 864 5016
e 864 6378
e 864 7235
e 865 3322
e 865 4780
e 865 5661
e 865 8146
e 866 918
e 868 953
e 868 1005
e 868 2470
e 868 5250
e 869 927
e 869 955
e 869 1000
e 869 1002
e 869 1007
e 869 1053
e 869 1061
e 869 1062
e 869 1080
e 869 1089
e 869 1105
e 869 1183
e 869 1213
e 869 1235
e 869 1249
e 869 1309
e 869 1317
e 869 1362
e 869 1405
e 869 1412
e 869 1439
e 869 1463
e 869 1509
e 869 1510
e 869 1511
e 869 1512
e 869 1513
e 869 1514
e 869 1515
e 869 1516
e 869 1517
e 869 1518
e 869 1519
e 869 1520
e 869 1521
e 869 1522
e 869 1523
e 869 1524
e 869 1525
e 869 1526
e 869 1527
e 870 888
e 870 1000
e 870 1075
e 870 1197
e 870 1535
e 870 1536
e 870 1537
e 870 1538
e 870 1539
e 870 1540
e 870 1541
e 870 1542
e 870 1543
e 871 874
e 871 1037
e 871 1195
e 871 1208
e 871 1255
e 871 1269
e 871 1450
e 871 1452
e 871 1456
e 871 1610
e 871 1719
e 871 1723
e 871 1724
e 871 1725
e 871 1726
e 871 1727
e 871 1728
e 871 1729
e 871 1730
e 871 1731
e 871 1732
e 871 1733
e 871 1734
e 871 1735
e 871 1736
e 871 1737
e 871 1738
e 871 1739
e 871 1740
e 871 1741
e 871 1742
e 871 1743
e 872 926
e 872 1000
e 872 1014
e 872 1033
e 872 1056
e 872 1178
e 872 1213
e 872 1214
e 872 1235
e 872 1265
e 872 1294
e 872 3004
e 872 3005
e 872 3006
e 873 1018
e 873 1393
e 873 1395
e 873 1414
e 873 1416
e 873 1690
e 873 2566
e 873 3186
e 873 4237
e 873 4238
e 873 4239
e 873 4240
e 874 880
e 874 1038
e 874 1181
e 874 1423
e 874 1451
e 874 1458
e 874 1562
e 874 1617
e 874 1719
e 874 1724
e 874 1755
e 874 1779
e 874 1780
e 874 1782
e 874 1852
e 874 2776
e 874 3024
e 874 4256
e 874 4257
e 874 4258
e 874 4259
e 875 928
e 875 929
e 875 954
e 875 971
e 875 1081
e 875 1163
e 875 1212
e 875 1213
e 875 1235
e 875 1357
e 875 1590
e 875 1702
e 875 1926
e 875 1943
e 875 2010
e 875 2423
e 875 2663
e 875 3224
e 875 3301
e 875 3385
e 875 3406
e 875 3652
e 875 4532
e 875 4612
e 875 5429
e 875 5430
e 875 5431
e 875 5432
e 875 5433
e 875 5434
e 876 1005
e 876 1007
e 876 1018
e 876 1024
e 876 1110
e 876 1213
e 876 1465
e 876 1732
e 876 2058
e 876 2085
e 876 2996
e 876 3049
e 876 3611
e 876 5164
e 876 5510
e 876 5511
e 876 5512
e 876 5513
e 876 5514
e 876 5515
e 876 5516
e 877 1105
e 877 1181
e 877 1191
e 877 1213
e 877 1605
e 877 2041
e 877 2572
e 877 5628
e 878 880
e 878 881
e 878 887
e 878 929
e 878 1033
e 878 1054
e 878 1136
e 878 1145
e 878 1177
e 878 1178
e 878 1181
e 878 1184
e 878 1188
e 878 1191
e 878 1213
e 878 1233
e 878 1235
e 878 1248
e 878 1258
e 878 1275
e 878 1282
e 878 1296
e 878 1353
e 878 1409
e 878 1410
e 878 1422
e 878 1425
e 878 1428
e 878 1431
e 878 1432
e 878 1435
e 878 1454
e 878 1579
e 878 1587
e 878 1592
e 878 1593
e 878 1595
e 878 1596
e 878 1597
e 878 1776
e 878 1798
e 878 1803
e 878 2057
e 878 2061
e 878 2064
e 878 2233
e 878 2492
e 878 2493
e 878 2591
e 878 2674
e 878 2676
e 878 3047
e 878 3186
e 878 3435
e 878 3507
e 878 3988
e 878 4368
e 878 4817
e 878 5700
e 878 5701
e 878 5702
e 879 1011
e 879 1019
e 879 1032
e 879 1033
e 879 1116
e 879 1184
e 879 1213
e 879 1235
e 879 1236
e 879 1341
e 879 1418
e 879 1454
e 879 1565
e 879 1657
e 879 1724
e 879 1750
e 879 2047
e 879 2072
e 879 2343
e 879 2344
e 879 2345
e 879 2434
e 879 2550
e 879 2617
e 879 2618
e 879 2841
e 879 3245
e 879 3305
e 879 3498
e 879 3559
e 879 3560
e 879 3783
e 879 3786
e 879 3801
e 879 3809
e 879 3814
e 879 4101
e 879 4186
e 879 4411
e 879 4502
e 879 4637
e 879 5107
e 879 5802
e 879 5803
e 879 5804
e 879 5805
e 880 1018
e 880 1028
e 880 1033
e 880 1188
e 880 1213
e 880 1235
e 880 1275
e 880 1294
e 880 1421
e 880 1471
e 880 1588
e 880 1589
e 880 1591
e 880 2057
e 880 2432
e 880 3047
e 881 1033
e 881 1178
e 881 1179
e 881 1198
e 881 1213
e 881 1248
e 881 1275
e 881 1294
e 881 1306
e 881 1353
e 881 1454
e 881 1587
e 881 1592
e 881 1796
e 881 1803
e 881 2492
e 881 3435
e 881 3507
e 881 5700
e 881 7075
e 881 7076
e 882 1720
e 882 5969
e 883 1424
e 883 1526
e 883 1607
e 883 1720
e 883 5224
e 884 1273
e 884 1388
e 884 1558
e 885 886
e 885 915
e 885 1213
e 885 1235
e 885 1755
e 885 5430
e 886 1213
e 886 1235
e 886 2464
e 886 2860
e 886 3922
e 886 4085
e 886 5430
e 887 1033
e 887 1145
e 887 1178
e 887 1179
e 887 1213
e 887 1258
e 887 1275
e 887 1282
e 887 1294
e 887 1353
e 887 1434
e 887 1590
e 887 1596
e 887 1597
e 887 1610
e 887 1611
e 887 2044
e 887 2061
e 887 2467
e 887 2493
e 887 2591
e 887 2674
e 887 3047
e 887 3283
e 887 3435
e 887 5702
e 888 1074
e 888 1178
e 888 1191
e 888 1195
e 888 1213
e 888 1428
e 888 1454
e 888 1576
e 888 2058
e 888 2085
e 888 2272
e 888 2522
e 888 2993
e 888 3048
e 889 1213
e 889 1235
e 889 1777
e 889 1816
e 889 3352
e 889 6374
e 890 894
e 890 1014
e 890 2337
e 890 2624
e 890 3588
e 890 3783
e 890 7270
e 890 7584
e 891 1033
e 891 1544
e 891 2491
e 891 3047
e 891 3960
e 891 5598
e 892 941
e 892 953
e 892 1840
e 892 1983
e 892 2201
e 892 3182
e 892 3811
e 892 3817
e 892 4455
e 892 5212
e 892 5250
e 892 5871
e 892 5872
e 892 6076
e 893 894
e 893 2257
e 893 3142
e 893 3783
e 894 1017
e 894 3783
e 895 2671
e 895 3013
e 896 1198
e 896 1414
e 896 1416
e 896 2130
e 897 898
e 897 1191
e 897 1213
e 897 1334
e 897 3224
e 897 5523
e 897 6040
e 898 1056
e 898 8701
e 899 1235
e 901 1047
e 901 1758
e 901 1826
e 901 1827
e 901 2250
e 901 2660
e 901 2730
e 901 3437
e 901 3438
e 901 3439
e 901 3442
e 901 4068
e 901 4069
e 901 4070
e 902 2525
e 902 3276
e 902 5452
e 902 5453
e 902 5787
e 902 6380
e 902 6381
e 902 7356
e 903 1036
e 903 8656
e 904 1946
e 904 2546
e 905 4169
e 906 1219
e 906 1221
e 906 2119
e 906 2233
e 906 2299
e 906 2430
e 906 2460
e 906 2731
e 906 2786
e 906 2866
e 906 3009
e 906 3494
e 906 3656
e 906 4520
e 906 4602
e 906 5625
e 908 2889
e 908 3380
e 908 4724
e 909 5131
e 911 917
e 911 922
e 911 1019
e 911 1467
e 911 2337
e 911 2525
e 911 2598
e 911 3318
e 911 3523
e 911 3572
e 911 3618
e 911 3657
e 911 4059
e 911 4087
e 911 4117
e 911 4356
e 911 4656
e 911 4786
e 911 4944
e 911 5124
e 911 6065
e 911 6070
e 911 6215
e 911 6710
e 911 6711
e 912 7039
e 914 932
e 914 1005
e 914 1341
e 914 1747
e 914 2043
e 914 2047
e 914 2072
e 914 2103
e 914 2113
e 914 2280
e 914 2349
e 914 2378
e 914 2387
e 914 2390
e 914 2391
e 914 2392
e 914 2398
e 914 2735
e 914 2814
e 914 2831
e 914 2867
e 914 3188
e 914 3244
e 914 3256
e 914 3257
e 914 3258
e 914 3259
e 914 3260
e 914 3261
e 914 3262
e 914 3263
e 914 3264
e 914 3265
e 915 1018
e 915 1191
e 915 1228
e 915 1241
e 915 1385
e 915 1418
e 915 1513
e 915 1610
e 915 1756
e 915 1825
e 915 1828
e 915 1929
e 915 1950
e 915 1996
e 915 2117
e 915 2147
e 915 2220
e 915 2246
e 915 2340
e 915 2380
e 915 2389
e 915 2391
e 915 2411
e 915 2429
e 915 2444
e 915 2571
e 915 2605
e 915 2619
e 915 2680
e 915 2722
e 915 2735
e 915 2738
e 915 2759
e 915 2853
e 915 2896
e 915 2913
e 915 2944
e 915 3222
e 915 3260
e 915 3433
e 915 3500
e 915 3501
e 915 3502
e 915 3503
e 915 3504
e 915 3505
e 915 3506
e 915 3507
e 915 3508
e 915 3509
e 915 3510
e 915 3511
e 915 3512
e 915 3513
e 915 3514
e 915 3515
e 915 3516
e 915 3517
e 915 3518
e 915 3519
e 915 3520
e 915 3521
e 915 3522
e 915 3523
e 915 3524
e 915 3525
e 915 3526
e 915 3527
e 915 3528
e 915 3529
e 915 3530
e 915 3531
e 915 3532
e 915 3533
e 915 3534
e 915 3535
e 915 3536
e 915 3537
e 915 3538
e 915 3539
e 915 3540
e 915 3541
e 915 3542
e 915 3543
e 915 3544
e 915 3545
e 915 3546
e 915 3547
e 915 3548
e 915 3549
e 915 3550
e 916 2451
e 916 2728
e 916 3629
e 916 3662
e 916 3663
e 916 3664
e 916 3665
e 917 947
e 917 1883
e 917 2349
e 917 2766
e 917 3465
e 917 3785
e 917 3827
e 917 4128
e 917 4390
e 917 4656
e 917 4737
e 917 4738
e 917 4739
e 917 4740
e 917 4741
e 917 4742
e 917 4743
e 917 4744
e 917 4745
e 917 4746
e 917 4747
e 917 4748
e 917 4749
e 917 4750
e 917 4751
e 918 964
e 918 1141
e 918 1338
e 918 1511
e 918 2078
e 918 2473
e 918 2475
e 918 2520
e 918 2527
e 918 2650
e 918 2718
e 918 3432
e 918 3971
e 918 4156
e 918 4708
e 918 4758
e 918 4759
e 918 4760
e 918 4761
e 918 4762
e 918 4763
e 918 4764
e 918 4765
e 918 4766
e 918 4767
e 918 4768
e 918 4769
e 918 4770
e 919 1023
e 919 1025
e 919 1222
e 919 1640
e 919 1853
e 919 2101
e 919 2615
e 919 2780
e 919 2788
e 919 2845
e 919 3150
e 919 3211
e 919 3311
e 919 3373
e 919 3447
e 919 3524
e 919 3782
e 919 3905
e 919 3913
e 919 3914
e 919 4233
e 919 4285
e 919 4914
e 919 5109
e 919 5110
e 919 5111
e 919 5112
e 919 5113
e 920 967
e 920 1004
e 920 1014
e 920 1024
e 920 1075
e 920 1095
e 920 1175
e 920 1249
e 920 1255
e 920 1276
e 920 1286
e 920 1341
e 920 1467
e 920 1565
e 920 1591
e 920 1851
e 920 1862
e 920 2071
e 920 2082
e 920 2083
e 920 2084
e 920 2093
e 920 2226
e 920 2276
e 920 2292
e 920 2337
e 920 2523
e 920 2791
e 920 3063
e 920 3383
e 920 4086
e 920 4845
e 920 4875
e 920 5273
e 920 5465
e 920 5466
e 920 5467
e 920 5468
e 920 5469
e 920 5470
e 920 5471
e 920 5472
e 921 1005
e 921 1055
e 921 1352
e 921 2041
e 921 3120
e 921 3151
e 921 3177
e 921 3287
e 921 3739
e 921 3742
e 921 3746
e 921 3751
e 921 3755
e 921 3760
e 921 4338
e 921 4575
e 921 5557
e 922 930
e 922 944
e 922 1338
e 922 1515
e 922 1615
e 922 1704
e 922 1832
e 922 1835
e 922 2047
e 922 2102
e 922 2106
e 922 2147
e 922 2162
e 922 2304
e 922 2343
e 922 2390
e 922 2434
e 922 2461
e 922 2598
e 922 2638
e 922 2643
e 922 2645
e 922 2778
e 922 2781
e 922 2918
e 922 2942
e 922 3063
e 922 3523
e 922 3703
e 922 3788
e 922 3925
e 922 3930
e 922 4109
e 922 4291
e 922 4359
e 922 4529
e 922 4633
e 922 5213
e 922 5240
e 922 5295
e 922 5669
e 922 5822
e 922 5938
e 922 5939
e 922 5940
e 922 5941
e 922 5942
e 922 5943
e 922 5944
e 922 5945
e 923 947
e 923 1006
e 923 1260
e 923 1531
e 923 1925
e 923 2012
e 923 2423
e 923 2637
e 923 2748
e 923 2804
e 923 2845
e 923 2952
e 923 3103
e 923 3207
e 923 3384
e 923 3510
e 923 3588
e 923 4147
e 923 4889
e 923 5176
e 923 5598
e 923 5827
e 923 5974
e 923 5975
e 924 1048
e 924 1201
e 924 1556
e 924 2065
e 924 2076
e 924 2172
e 924 4201
e 924 5877
e 924 6148
e 924 6149
e 925 1937
e 925 1945
e 925 2065
e 925 2164
e 925 2338
e 925 2392
e 925 4044
e 925 4046
e 925 4047
e 925 4128
e 925 6410
e 926 961
e 926 1005
e 926 1134
e 926 1341
e 926 1828
e 926 2010
e 926 2072
e 926 2177
e 926 2550
e 926 2559
e 926 2583
e 926 2698
e 927 1041
e 927 1195
e 927 1239
e 927 1262
e 927 3046
e 927 7258
e 928 1072
e 928 1097
e 928 1110
e 928 1138
e 928 1529
e 928 1953
e 928 2188
e 928 2625
e 928 3922
e 928 5606
e 928 7392
e 929 1184
e 929 1191
e 929 1220
e 929 1247
e 929 1926
e 929 3792
e 929 3794
e 929 4085
e 929 4166
e 929 4167
e 930 1918
e 930 5724
e 931 1005
e 931 1388
e 931 2047
e 931 2343
e 931 2352
e 931 2363
e 931 3788
e 932 1059
e 932 1258
e 932 1762
e 932 2222
e 932 2355
e 932 3284
e 932 5176
e 932 5671
e 932 6059
e 932 6144
e 932 6689
e 932 6797
e 932 7918
e 933 1015
e 933 1984
e 933 2854
e 933 2855
e 933 2856
e 933 2859
e 933 4660
e 933 7964
e 933 7965
e 933 7966
e 934 1608
e 934 2359
e 934 2710
e 934 3245
e 934 7971
e 935 1005
e 936 1028
e 936 1762
e 936 2093
e 936 3548
e 937 2821
e 938 2625
e 939 8542
e 940 941
e 940 942
e 940 943
e 941 954
e 941 962
e 941 973
e 941 979
e 941 991
e 941 1031
e 941 1163
e 941 1643
e 941 1757
e 941 1928
e 941 2012
e 941 2049
e 941 2383
e 941 2488
e 941 2579
e 941 2646
e 941 2956
e 941 3134
e 941 3202
e 941 3374
e 941 3499
e 941 3678
e 941 3679
e 941 3784
e 941 4591
e 941 4736
e 941 4883
e 941 5871
e 941 5872
e 941 5873
e 941 5874
e 941 5875
e 941 5876
e 942 968
e 942 973
e 942 978
e 942 1009
e 942 1031
e 942 1058
e 942 1734
e 942 1740
e 942 1753
e 942 1932
e 942 2257
e 942 4807
e 942 4821
e 942 4846
e 942 6188
e 942 6193
e 943 951
e 943 1168
e 943 1476
e 943 1587
e 943 1608
e 943 1923
e 943 2012
e 943 2112
e 943 2129
e 943 2497
e 943 2753
e 943 2954
e 943 3267
e 943 3476
e 943 3729
e 943 4301
e 943 4443
e 943 4850
e 943 5051
e 943 5052
e 943 5122
e 943 6184
e 943 6512
e 943 6733
e 943 7602
e 943 8562
e 944 1000
e 944 1002
e 944 1007
e 944 1011
e 944 1013
e 944 1034
e 944 1035
e 944 1055
e 944 1086
e 944 1105
e 944 1117
e 944 1197
e 944 1528
e 944 1529
e 944 1530
e 944 1531
e 944 1532
e 944 1533
e 944 1534
e 945 1000
e 945 1017
e 945 1079
e 945 1080
e 945 1412
e 945 1414
e 945 1439
e 945 1456
e 945 1521
e 945 1522
e 945 1525
e 945 1526
e 945 1553
e 945 1554
e 945 1555
e 945 1556
e 945 1557
e 945 1558
e 945 1559
e 945 1560
e 945 1561
e 945 1562
e 946 1192
e 946 1456
e 946 2085
e 946 2231
e 946 2710
e 947 1937
e 947 1950
e 947 1953
e 947 2066
e 947 2098
e 947 2336
e 947 2429
e 947 2820
e 947 2821
e 947 2822
e 947 2823
e 947 2824
e 947 2825
e 947 2826
e 948 1018
e 948 1228
e 948 1825
e 948 3609
e 948 3610
e 948 3611
e 949 957
e 949 1023
e 949 1061
e 949 1177
e 949 1195
e 949 1341
e 949 1530
e 949 1572
e 949 1615
e 949 1827
e 949 1828
e 949 1834
e 949 1838
e 949 1850
e 949 1855
e 949 1865
e 949 1873
e 949 2093
e 949 2835
e 949 2836
e 949 3016
e 949 3219
e 950 1836
e 951 953
e 951 965
e 951 973
e 951 990
e 951 993
e 951 1017
e 951 1028
e 951 1031
e 951 1048
e 951 1090
e 951 1167
e 951 1171
e 951 1389
e 951 1476
e 951 1587
e 951 1608
e 951 1617
e 951 1646
e 951 1649
e 951 1922
e 951 1923
e 951 1927
e 951 1928
e 951 1994
e 951 2424
e 951 2519
e 951 2538
e 951 2551
e 951 2821
e 951 3274
e 951 3318
e 951 3499
e 951 3681
e 951 3774
e 951 3790
e 951 4126
e 951 4349
e 951 4416
e 951 4444
e 951 4552
e 951 4840
e 951 4841
e 951 4842
e 951 4843
e 951 4844
e 951 4845
e 951 4846
e 951 4847
e 951 4848
e 951 4849
e 951 4850
e 951 4851
e 951 4852
e 951 4853
e 951 4854
e 951 4855
e 951 4856
e 951 4857
e 951 4858
e 951 4859
e 951 4860
e 951 4861
e 951 4862
e 951 4863
e 951 4864
e 951 4865
e 951 4866
e 951 4867
e 951 4868
e 951 4869
e 951 4870
e 951 4871
e 952 1615
e 952 2416
e 952 4365
e 952 5010
e 953 1036
e 953 1456
e 953 1583
e 953 1925
e 953 2012
e 953 2112
e 953 2389
e 953 2417
e 953 4042
e 953 5250
e 953 5276
e 953 5661
e 953 5871
e 953 5872
e 953 6038
e 954 958
e 954 969
e 954 993
e 954 997
e 954 1008
e 954 1037
e 954 1055
e 954 1060
e 954 1065
e 954 1081
e 954 1083
e 954 1087
e 954 1096
e 954 1097
e 954 1099
e 954 1112
e 954 1119
e 954 1120
e 954 1121
e 954 1123
e 954 1125
e 954 1130
e 954 1132
e 954 1165
e 954 1167
e 954 1170
e 954 1171
e 954 1472
e 954 1489
e 954 1513
e 954 1574
e 954 1587
e 954 1642
e 954 1643
e 954 1646
e 954 1649
e 954 1771
e 954 1787
e 954 1824
e 954 1925
e 954 1951
e 954 2221
e 954 2279
e 954 2424
e 954 2721
e 954 2753
e 954 2808
e 954 3070
e 954 3134
e 954 3202
e 954 3312
e 954 3318
e 954 3392
e 954 3408
e 954 3470
e 954 3819
e 954 4044
e 954 4115
e 954 4159
e 954 4379
e 954 4416
e 954 4814
e 954 4953
e 954 5373
e 954 5469
e 954 5485
e 954 5522
e 954 5707
e 954 6024
e 954 6039
e 954 6053
e 954 6054
e 954 6087
e 954 6088
e 954 6089
e 954 6090
e 954 6091
e 954 6092
e 954 6093
e 954 6094
e 954 6095
e 954 6096
e 954 6097
e 954 6098
e 955 1039
e 955 1042
e 955 1071
e 955 1079
e 955 1383
e 955 1476
e 955 1519
e 955 1693
e 955 1994
e 955 2143
e 955 3466
e 955 4955
e 955 6131
e 955 6132
e 955 6133
e 955 6134
e 955 6135
e 955 6136
e 956 965
e 956 1016
e 956 1191
e 956 1255
e 956 1291
e 956 1479
e 956 1622
e 956 1703
e 956 1776
e 956 1777
e 956 2416
e 956 3024
e 956 3326
e 956 3374
e 956 3577
e 956 4176
e 956 5227
e 956 5502
e 956 5839
e 956 6154
e 956 6155
e 956 6156
e 956 6157
e 956 6158
e 956 6159
e 956 6160
e 956 6161
e 957 1056
e 957 1169
e 957 1245
e 957 6373
e 957 6545
e 958 1071
e 958 1815
e 958 2022
e 958 2025
e 958 2417
e 958 2423
e 958 3018
e 958 4468
e 958 4692
e 958 4693
e 958 5003
e 958 5004
e 958 5015
e 958 6605
e 959 1018
e 959 1082
e 959 1842
e 959 4712
e 959 4866
e 959 6128
e 959 7115
e 959 7121
e 959 7122
e 960 1220
e 960 1446
e 960 2766
e 960 3291
e 960 3803
e 960 3822
e 960 3922
e 960 4532
e 960 5356
e 960 5443
e 960 5790
e 961 1012
e 961 1036
e 961 1177
e 961 1184
e 961 1214
e 961 1238
e 961 1244
e 961 1265
e 961 1347
e 961 1348
e 961 1390
e 961 1830
e 961 2002
e 961 2272
e 961 2351
e 961 3007
e 961 3507
e 961 3793
e 961 4176
e 961 4412
e 961 6075
e 961 6373
e 961 6489
e 962 969
e 962 2707
e 963 1005
e 963 1056
e 963 1241
e 963 2525
e 963 5845
e 963 6427
e 963 7238
e 963 7240
e 963 7241
e 964 1198
e 964 1414
e 964 1454
e 964 1834
e 964 2329
e 964 4708
e 964 5949
e 964 7326
e 965 1016
e 965 1097
e 965 1229
e 965 1255
e 965 1276
e 965 1317
e 965 1323
e 965 1384
e 965 1429
e 965 1609
e 965 1622
e 965 1717
e 965 1962
e 965 2241
e 965 2488
e 965 2529
e 965 3010
e 965 3013
e 965 3432
e 965 3521
e 965 3538
e 965 4192
e 965 4585
e 965 5523
e 965 5839
e 965 6154
e 965 6161
e 965 6321
e 965 6602
e 965 7370
e 965 7371
e 966 1322
e 966 1456
e 966 1574
e 966 1577
e 966 1578
e 966 1580
e 966 1804
e 966 3410
e 966 5373
e 966 5606
e 966 7390
e 966 7391
e 967 1010
e 967 1031
e 967 1220
e 967 1456
e 967 1804
e 967 2271
e 967 2684
e 967 3052
e 967 3333
e 967 3791
e 967 3987
e 967 4085
e 967 4165
e 967 5762
e 967 6798
e 967 7408
e 968 1456
e 968 2006
e 968 2317
e 968 3135
e 968 3764
e 968 4482
e 968 4816
e 968 6044
e 969 973
e 969 977
e 969 978
e 969 1009
e 969 1060
e 969 1168
e 969 1477
e 969 1649
e 969 1740
e 969 1931
e 969 1932
e 969 2257
e 969 2859
e 969 3202
e 969 3374
e 969 3635
e 969 4807
e 969 4883
e 969 5112
e 969 5113
e 969 5848
e 969 6185
e 969 6188
e 969 6639
e 969 7662
e 969 7663
e 969 7664
e 969 7665
e 970 1306
e 970 1307
e 970 1333
e 970 1396
e 970 2283
e 970 2416
e 970 2423
e 970 7745
e 971 1002
e 971 1036
e 971 1089
e 971 1210
e 971 1615
e 971 1858
e 971 2354
e 971 4875
e 971 6421
e 971 6775
e 971 7890
e 972 6551
e 973 1456
e 973 2012
e 974 2721
e 974 3282
e 975 1179
e 975 1198
e 975 1420
e 975 1449
e 975 1456
e 975 1712
e 975 3453
e 975 4729
e 975 6514
e 975 8437
e 976 1633
e 976 5309
e 976 7584
e 977 984
e 977 1072
e 977 1097
e 977 1101
e 977 1606
e 977 1684
e 977 2421
e 977 3421
e 977 5988
e 978 1036
e 978 1583
e 978 1740
e 978 1794
e 978 2012
e 978 5194
e 978 6562
e 978 7133
e 978 8643
e 979 1456
e 979 2012
e 979 2710
e 979 3374
e 979 6856
e 979 8334
e 980 3764
e 981 2666
e 981 3202
e 981 6009
e 981 8466
e 982 1036
e 982 3406
e 982 3432
e 984 5916
e 984 6767
e 984 7634
e 984 7778
e 984 8882
e 985 1074
e 985 3147
e 986 2012
e 986 5647
e 987 3970
e 987 4804
e 987 5477
e 988 3309
e 988 3805
e 989 1002
e 989 1089
e 989 1561
e 989 3006
e 990 2663
e 990 4146
e 990 4590
e 990 4780
e 990 5931
e 990 6557
e 990 6686
e 990 7331
e 990 7764
e 990 8457
e 990 8607
e 991 4192
e 992 3780
e 992 4574
e 992 6267
e 993 1606
e 993 2012
e 994 2012
e 995 1485
e 995 2012
e 999 1044
e 999 4147
e 1000 1001
e 1000 1002
e 1000 1003
e 1000 1007
e 1000 1094
e 1000 1176
e 1000 1177
e 1000 1178
e 1000 1179
e 1000 1180
e 1000 1181
e 1000 1182
e 1000 1183
e 1000 1184
e 1000 1185
e 1000 1186
e 1000 1187
e 1000 1188
e 1000 1189
e 1000 1190
e 1000 1191
e 1000 1192
e 1000 1193
e 1000 1194
e 1000 1195
e 1000 1196
e 1000 1197
e 1000 1198
e 1000 1199
e 1000 1200
e 1000 1201
e 1001 1180
e 1001 1236
e 1001 1494
e 1001 1523
e 1001 1544
e 1001 1545
e 1001 1546
e 1001 1547
e 1001 1548
e 1001 1549
e 1001 1550
e 1001 1551
e 1001 1552
e 1002 1008
e 1002 1035
e 1002 1066
e 1002 1105
e 1002 1108
e 1002 1198
e 1002 1249
e 1002 1271
e 1002 1291
e 1002 1476
e 1002 1509
e 1002 1513
e 1002 1524
e 1002 1554
e 1002 1563
e 1002 1564
e 1002 1565
e 1002 1566
e 1002 1567
e 1002 1568
e 1002 1569
e 1002 1570
e 1002 1571
e 1002 1572
e 1004 1010
e 1004 1043
e 1004 1058
e 1004 1192
e 1004 1383
e 1004 1546
e 1004 1565
e 1004 1753
e 1004 1865
e 1004 1926
e 1004 1970
e 1004 2172
e 1004 2291
e 1004 2292
e 1004 2293
e 1004 2294
e 1004 2295
e 1004 2296
e 1004 2297
e 1004 2298
e 1005 1028
e 1005 1053
e 1005 1192
e 1005 1197
e 1005 1210
e 1005 1230
e 1005 1233
e 1005 1237
e 1005 1241
e 1005 1242
e 1005 1249
e 1005 1265
e 1005 1271
e 1005 1309
e 1005 1315
e 1005 1317
e 1005 1336
e 1005 1338
e 1005 1343
e 1005 1347
e 1005 1352
e 1005 1355
e 1005 1357
e 1005 1363
e 1005 1364
e 1005 1373
e 1005 1374
e 1005 1378
e 1005 1380
e 1005 1381
e 1005 1388
e 1005 1395
e 1005 1414
e 1005 1417
e 1005 1425
e 1005 1472
e 1005 1615
e 1005 1847
e 1005 1848
e 1005 1953
e 1005 1972
e 1005 2047
e 1005 2147
e 1005 2163
e 1005 2199
e 1005 2235
e 1005 2245
e 1005 2291
e 1005 2341
e 1005 2349
e 1005 2351
e 1005 2352
e 1005 2353
e 1005 2354
e 1005 2357
e 1005 2358
e 1005 2360
e 1005 2361
e 1005 2363
e 1005 2366
e 1005 2367
e 1005 2368
e 1005 2369
e 1005 2374
e 1005 2375
e 1005 2383
e 1005 2429
e 1005 2435
e 1005 2439
e 1005 2597
e 1005 2598
e 1005 2599
e 1005 2600
e 1005 2601
e 1005 2602
e 1005 2603
e 1005 2604
e 1005 2605
e 1005 2606
e 1006 1027
e 1006 1059
e 1006 1085
e 1006 1086
e 1006 1338
e 1006 1451
e 1006 1536
e 1006 1724
e 1006 1727
e 1006 1739
e 1006 1827
e 1006 1828
e 1006 1962
e 1006 1993
e 1006 2299
e 1006 2439
e 1006 2532
e 1006 2620
e 1006 2829
e 1006 2830
e 1006 2841
e 1006 2842
e 1006 2843
e 1006 2844
e 1006 2845
e 1006 2846
e 1006 2847
e 1006 2848
e 1006 2849
e 1007 1010
e 1007 1011
e 1007 1027
e 1007 1036
e 1007 1039
e 1007 1056
e 1007 1066
e 1007 1069
e 1007 1141
e 1007 1187
e 1007 1195
e 1007 1620
e 1007 1672
e 1007 1732
e 1007 1736
e 1007 1754
e 1007 1973
e 1007 3009
e 1007 3010
e 1007 3011
e 1007 3012
e 1007 3013
e 1007 3014
e 1007 3015
e 1008 1172
e 1008 1348
e 1008 1349
e 1008 1359
e 1008 2049
e 1008 2416
e 1008 2423
e 1008 2601
e 1008 2767
e 1008 3000
e 1008 3291
e 1008 3292
e 1008 3293
e 1008 3294
e 1008 3295
e 1008 3296
e 1009 1198
e 1009 2708
e 1009 3386
e 1009 3387
e 1009 3388
e 1009 3389
e 1010 1029
e 1010 1034
e 1010 1054
e 1010 1073
e 1010 1798
e 1010 2115
e 1010 2143
e 1010 2519
e 1010 2522
e 1010 2573
e 1010 2698
e 1010 3922
e 1010 3923
e 1010 3924
e 1011 1014
e 1011 1016
e 1011 1039
e 1011 1041
e 1011 1141
e 1011 1195
e 1011 1418
e 1011 1703
e 1011 2337
e 1011 3947
e 1012 1197
e 1012 1208
e 1012 1233
e 1012 1244
e 1012 1286
e 1012 1337
e 1012 1362
e 1012 1386
e 1012 1404
e 1012 1409
e 1012 1523
e 1012 1610
e 1012 1615
e 1012 1807
e 1012 1827
e 1012 1828
e 1012 1829
e 1012 1996
e 1012 2079
e 1012 2164
e 1012 2183
e 1012 2336
e 1012 2600
e 1012 2870
e 1012 2949
e 1012 3316
e 1012 3563
e 1012 3570
e 1012 3681
e 1012 3684
e 1012 4174
e 1012 4175
e 1012 4176
e 1012 4177
e 1012 4178
e 1012 4179
e 1012 4180
e 1012 4181
e 1012 4182
e 1012 4183
e 1012 4184
e 1012 4185
e 1013 1035
e 1013 1185
e 1013 1221
e 1013 2553
e 1013 2776
e 1013 3360
e 1013 4260
e 1013 4261
e 1014 1016
e 1014 1019
e 1014 1025
e 1014 1032
e 1014 1116
e 1014 1210
e 1014 1236
e 1014 1240
e 1014 1264
e 1014 1305
e 1014 1341
e 1014 1348
e 1014 1414
e 1014 1418
e 1014 1485
e 1014 1546
e 1014 1565
e 1014 1585
e 1014 1612
e 1014 1657
e 1014 1750
e 1014 1828
e 1014 1843
e 1014 1849
e 1014 1973
e 1014 1974
e 1014 2012
e 1014 2047
e 1014 2093
e 1014 2143
e 1014 2146
e 1014 2153
e 1014 2167
e 1014 2343
e 1014 2345
e 1014 2361
e 1014 2384
e 1014 2434
e 1014 2550
e 1014 2559
e 1014 2617
e 1014 2618
e 1014 2644
e 1014 2766
e 1014 2781
e 1014 2841
e 1014 2850
e 1014 2894
e 1014 3081
e 1014 3207
e 1014 3245
e 1014 3276
e 1014 3305
e 1014 3368
e 1014 3433
e 1014 3560
e 1014 3562
e 1014 3574
e 1014 3576
e 1014 3579
e 1014 3585
e 1014 3656
e 1014 3695
e 1014 3718
e 1014 3732
e 1014 3754
e 1014 3786
e 1014 3787
e 1014 3796
e 1014 3797
e 1014 3801
e 1014 3805
e 1014 3809
e 1014 3812
e 1014 3814
e 1014 3835
e 1014 3845
e 1014 3862
e 1014 3863
e 1014 3865
e 1014 3868
e 1014 4101
e 1014 4130
e 1014 4170
e 1014 4180
e 1014 4359
e 1014 4636
e 1014 4637
e 1014 4638
e 1014 4639
e 1014 4640
e 1014 4641
e 1014 4642
e 1014 4643
e 1014 4644
e 1014 4645
e 1014 4646
e 1014 4647
e 1014 4648
e 1015 1740
e 1015 2112
e 1015 2267
e 1015 2291
e 1015 2730
e 1015 2732
e 1015 3247
e 1015 3256
e 1015 3811
e 1015 4116
e 1015 4795
e 1015 4796
e 1015 4797
e 1015 4798
e 1016 1026
e 1016 1055
e 1016 1244
e 1016 1838
e 1016 1839
e 1016 2172
e 1016 2362
e 1016 2475
e 1016 2526
e 1016 3261
e 1016 3262
e 1016 3902
e 1016 3905
e 1016 4174
e 1016 4497
e 1016 4530
e 1016 4912
e 1016 4913
e 1016 4914
e 1016 4915
e 1017 1191
e 1017 1505
e 1017 1529
e 1017 1546
e 1017 2112
e 1017 2176
e 1017 2177
e 1017 2417
e 1017 3017
e 1017 3147
e 1017 4731
e 1017 4918
e 1018 1024
e 1018 1029
e 1018 1049
e 1018 1050
e 1018 1051
e 1018 1052
e 1018 1061
e 1018 1062
e 1018 1063
e 1018 1064
e 1018 1115
e 1018 1177
e 1018 1191
e 1018 1196
e 1018 1197
e 1018 1198
e 1018 1203
e 1018 1230
e 1018 1236
e 1018 1238
e 1018 1242
e 1018 1244
e 1018 1248
e 1018 1249
e 1018 1250
e 1018 1251
e 1018 1343
e 1018 1344
e 1018 1346
e 1018 1386
e 1018 1387
e 1018 1401
e 1018 1412
e 1018 1478
e 1018 1522
e 1018 1563
e 1018 1573
e 1018 1604
e 1018 1688
e 1018 1692
e 1018 1719
e 1018 1727
e 1018 1744
e 1018 1751
e 1018 1752
e 1018 1793
e 1018 1794
e 1018 1829
e 1018 1833
e 1018 1838
e 1018 1839
e 1018 1843
e 1018 1972
e 1018 1983
e 1018 2010
e 1018 2013
e 1018 2143
e 1018 2164
e 1018 2188
e 1018 2191
e 1018 2337
e 1018 2346
e 1018 2347
e 1018 2411
e 1018 2564
e 1018 2601
e 1018 2842
e 1018 2844
e 1018 2993
e 1018 3010
e 1018 3024
e 1018 3044
e 1018 3103
e 1018 3111
e 1018 3134
e 1018 3240
e 1018 3315
e 1018 3393
e 1018 3433
e 1018 3488
e 1018 3512
e 1018 3524
e 1018 3566
e 1018 3567
e 1018 3568
e 1018 3570
e 1018 3571
e 1018 3591
e 1018 3609
e 1018 3787
e 1018 3922
e 1018 4149
e 1018 4174
e 1018 4274
e 1018 4283
e 1018 4298
e 1018 4497
e 1018 4655
e 1018 4656
e 1018 4659
e 1018 4661
e 1018 4889
e 1018 4912
e 1018 4923
e 1018 5130
e 1018 5131
e 1018 5132
e 1018 5133
e 1018 5134
e 1018 5135
e 1018 5136
e 1018 5137
e 1018 5138
e 1018 5139
e 1018 5140
e 1018 5141
e 1018 5142
e 1018 5143
e 1018 5144
e 1018 5145
e 1018 5146
e 1018 5147
e 1018 5148
e 1019 1088
e 1019 1418
e 1019 1686
e 1019 1832
e 1019 1835
e 1019 1946
e 1019 1952
e 1019 1984
e 1019 2048
e 1019 2111
e 1019 2112
e 1019 2143
e 1019 2164
e 1019 2168
e 1019 2337
e 1019 3148
e 1019 3643
e 1019 4079
e 1020 2112
e 1020 2666
e 1020 4930
e 1020 5276
e 1021 1034
e 1021 1054
e 1021 1195
e 1021 1620
e 1021 1738
e 1021 1792
e 1021 2022
e 1021 3128
e 1021 5352
e 1021 5353
e 1021 5354
e 1022 1147
e 1022 1148
e 1022 1993
e 1022 5419
e 1023 1195
e 1023 1232
e 1023 2176
e 1023 2177
e 1023 2568
e 1023 2870
e 1023 3150
e 1023 3373
e 1023 3526
e 1023 3782
e 1023 5440
e 1024 1025
e 1024 1026
e 1024 1451
e 1024 1544
e 1024 1688
e 1024 1789
e 1024 1790
e 1024 1791
e 1024 1836
e 1024 1993
e 1024 2046
e 1024 4836
e 1024 5483
e 1024 5484
e 1025 1031
e 1025 1070
e 1025 1082
e 1025 1083
e 1025 1114
e 1025 1132
e 1025 1239
e 1025 1249
e 1025 1275
e 1025 1313
e 1025 1368
e 1025 1410
e 1025 1451
e 1025 1573
e 1025 1577
e 1025 1712
e 1025 1719
e 1025 1720
e 1025 1760
e 1025 1792
e 1025 1808
e 1025 1832
e 1025 2037
e 1025 2054
e 1025 2103
e 1025 2401
e 1025 2424
e 1025 2520
e 1025 2544
e 1025 2574
e 1025 2641
e 1025 3312
e 1025 4172
e 1025 4276
e 1025 4499
e 1025 5161
e 1025 5478
e 1025 5485
e 1025 5486
e 1025 5487
e 1025 5488
e 1025 5489
e 1025 5490
e 1025 5491
e 1025 5492
e 1025 5493
e 1025 5494
e 1025 5495
e 1025 5496
e 1025 5497
e 1026 1082
e 1026 1410
e 1026 1573
e 1026 1993
e 1026 2054
e 1026 2484
e 1026 5483
e 1026 5502
e 1026 5503
e 1027 1028
e 1027 1732
e 1027 2794
e 1027 5142
e 1028 1091
e 1028 1191
e 1028 1210
e 1028 1344
e 1028 1417
e 1028 1427
e 1028 1686
e 1028 1723
e 1028 1828
e 1028 1869
e 1028 1993
e 1028 2093
e 1028 2345
e 1028 2402
e 1028 2870
e 1028 2943
e 1028 3265
e 1028 3283
e 1028 3453
e 1028 3527
e 1028 3550
e 1028 4087
e 1028 4624
e 1028 4834
e 1028 5428
e 1028 5597
e 1028 5598
e 1028 5599
e 1028 5600
e 1028 5601
e 1028 5602
e 1028 5603
e 1029 1054
e 1029 1061
e 1029 1196
e 1029 1228
e 1029 1280
e 1029 1353
e 1029 1615
e 1029 1732
e 1029 1760
e 1029 2144
e 1029 2189
e 1029 2625
e 1029 3198
e 1029 3261
e 1029 3922
e 1029 5483
e 1029 5604
e 1029 5605
e 1029 5606
e 1030 2520
e 1030 4940
e 1030 5667
e 1030 5668
e 1031 1036
e 1031 1046
e 1031 1159
e 1031 1220
e 1031 1233
e 1031 1256
e 1031 1410
e 1031 1456
e 1031 2480
e 1031 2710
e 1031 3374
e 1031 3412
e 1032 1040
e 1032 1049
e 1032 1073
e 1032 1129
e 1032 1451
e 1032 1530
e 1032 1690
e 1032 1703
e 1032 2337
e 1032 4961
e 1032 5800
e 1032 5801
e 1033 1181
e 1033 1184
e 1033 1315
e 1033 1353
e 1033 1395
e 1033 1425
e 1033 1605
e 1033 2056
e 1033 2676
e 1033 2989
e 1033 4804
e 1033 5845
e 1033 5846
e 1033 5847
e 1034 1040
e 1034 1069
e 1034 1101
e 1034 1174
e 1034 1195
e 1034 1208
e 1034 1211
e 1034 1230
e 1034 1254
e 1034 1255
e 1034 1337
e 1034 1384
e 1034 1451
e 1034 1458
e 1034 1535
e 1034 1553
e 1034 1588
e 1034 1712
e 1034 1719
e 1034 1721
e 1034 1724
e 1034 1725
e 1034 1727
e 1034 1728
e 1034 1730
e 1034 1779
e 1034 1789
e 1034 1795
e 1034 1797
e 1034 1799
e 1034 1809
e 1034 1817
e 1034 1843
e 1034 1962
e 1034 1996
e 1034 1998
e 1034 2221
e 1034 2224
e 1034 2316
e 1034 2419
e 1034 2524
e 1034 2700
e 1034 2781
e 1034 3395
e 1034 3959
e 1034 4585
e 1034 4959
e 1034 4970
e 1034 5352
e 1034 5838
e 1034 5890
e 1034 5891
e 1034 5892
e 1034 5893
e 1034 5894
e 1034 5895
e 1034 5896
e 1034 5897
e 1034 5898
e 1035 1105
e 1035 1533
e 1035 2172
e 1035 3196
e 1036 1039
e 1036 1041
e 1036 1048
e 1036 1120
e 1036 1165
e 1036 1166
e 1036 1167
e 1036 1168
e 1036 1192
e 1036 1197
e 1036 1233
e 1036 1360
e 1036 1409
e 1036 1415
e 1036 1520
e 1036 1587
e 1036 1608
e 1036 1649
e 1036 1656
e 1036 1690
e 1036 1757
e 1036 1922
e 1036 2006
e 1036 2012
e 1036 2153
e 1036 2257
e 1036 2439
e 1036 2577
e 1036 2785
e 1036 2851
e 1036 3016
e 1036 3145
e 1036 3301
e 1036 3374
e 1036 3721
e 1036 4812
e 1036 4826
e 1036 4850
e 1036 5252
e 1036 6039
e 1036 6040
e 1036 6041
e 1036 6042
e 1036 6043
e 1036 6044
e 1036 6045
e 1036 6046
e 1036 6047
e 1036 6048
e 1036 6049
e 1036 6050
e 1036 6051
e 1036 6052
e 1036 6053
e 1036 6054
e 1037 1044
e 1037 1606
e 1037 1732
e 1037 1780
e 1037 1899
e 1037 2112
e 1037 2416
e 1037 5485
e 1037 5708
e 1037 6083
e 1038 1182
e 1038 1740
e 1038 1802
e 1038 2538
e 1038 3395
e 1038 3439
e 1038 3899
e 1038 3957
e 1038 3961
e 1038 3973
e 1038 3974
e 1038 3977
e 1038 4112
e 1038 4216
e 1038 4713
e 1038 4728
e 1038 5193
e 1038 5365
e 1038 5370
e 1038 6105
e 1038 6106
e 1038 6107
e 1039 1041
e 1039 1046
e 1039 1082
e 1039 1084
e 1039 1114
e 1039 1134
e 1039 1186
e 1039 1222
e 1039 1344
e 1039 1470
e 1039 1693
e 1039 1694
e 1039 1698
e 1039 1699
e 1039 1703
e 1039 1716
e 1039 1792
e 1039 2422
e 1039 2574
e 1039 2988
e 1039 3467
e 1039 4914
e 1039 5465
e 1039 5820
e 1039 6108
e 1039 6109
e 1040 1041
e 1040 1230
e 1040 1254
e 1040 1255
e 1040 1458
e 1040 1535
e 1040 1545
e 1040 1573
e 1040 1590
e 1040 1719
e 1040 1724
e 1040 1754
e 1040 1783
e 1040 1795
e 1040 1799
e 1040 1995
e 1040 2233
e 1040 3023
e 1040 4215
e 1040 5895
e 1041 1067
e 1041 1072
e 1041 1078
e 1041 1084
e 1041 1094
e 1041 1099
e 1041 1110
e 1041 1164
e 1041 1186
e 1041 1195
e 1041 1235
e 1041 1275
e 1041 1322
e 1041 1409
e 1041 1493
e 1041 1535
e 1041 1536
e 1041 1588
e 1041 1703
e 1041 1712
e 1041 1714
e 1041 1732
e 1041 1779
e 1041 1995
e 1041 3041
e 1041 3050
e 1041 3303
e 1041 3393
e 1041 6139
e 1041 6140
e 1041 6141
e 1041 6142
e 1042 1056
e 1042 1073
e 1042 1417
e 1042 1693
e 1042 1994
e 1042 3383
e 1042 3446
e 1042 3975
e 1042 6150
e 1042 6151
e 1042 6152
e 1042 6153
e 1043 1044
e 1043 1195
e 1043 1456
e 1043 1899
e 1043 2294
e 1044 1045
e 1044 1051
e 1044 1060
e 1044 1065
e 1044 1083
e 1044 1090
e 1044 1097
e 1044 1099
e 1044 1111
e 1044 1112
e 1044 1119
e 1044 1120
e 1044 1132
e 1044 1145
e 1044 1157
e 1044 1161
e 1044 1165
e 1044 1166
e 1044 1171
e 1044 1510
e 1044 1642
e 1044 1671
e 1044 1757
e 1044 1785
e 1044 1787
e 1044 1920
e 1044 1922
e 1044 1927
e 1044 1928
e 1044 1934
e 1044 1951
e 1044 3074
e 1044 3134
e 1044 3223
e 1044 3303
e 1044 3312
e 1044 3740
e 1044 3781
e 1044 4301
e 1044 4463
e 1044 4575
e 1044 4603
e 1044 4814
e 1044 4816
e 1044 4852
e 1044 5314
e 1044 5767
e 1044 5972
e 1044 6050
e 1044 6100
e 1044 6193
e 1044 6194
e 1044 6195
e 1044 6196
e 1044 6197
e 1044 6198
e 1044 6199
e 1045 1111
e 1045 1124
e 1045 1145
e 1045 1161
e 1045 3074
e 1045 3454
e 1045 4729
e 1045 6289
e 1046 1084
e 1046 1694
e 1046 1698
e 1046 1699
e 1046 1703
e 1047 1828
e 1047 2340
e 1047 2373
e 1047 2730
e 1047 2889
e 1047 3198
e 1047 3227
e 1047 4346
e 1047 4542
e 1047 4640
e 1047 4720
e 1047 4721
e 1047 4722
e 1047 6128
e 1047 6424
e 1047 6425
e 1047 6426
e 1048 1583
e 1048 1660
e 1048 2012
e 1048 2032
e 1048 2037
e 1048 2159
e 1048 2417
e 1048 3450
e 1048 3518
e 1048 6570
e 1048 6571
e 1048 6572
e 1048 6573
e 1048 6574
e 1048 6575
e 1048 6576
e 1048 6577
e 1049 1052
e 1049 1062
e 1049 1073
e 1049 1075
e 1049 1220
e 1049 1228
e 1049 1235
e 1049 1240
e 1049 1509
e 1049 1690
e 1049 1828
e 1049 1845
e 1049 1957
e 1049 2047
e 1049 2134
e 1049 2164
e 1049 2579
e 1049 2753
e 1049 3255
e 1049 3282
e 1049 3406
e 1049 3913
e 1049 3922
e 1049 4084
e 1049 4965
e 1049 5418
e 1049 6580
e 1049 6581
e 1049 6582
e 1049 6583
e 1050 1195
e 1050 1458
e 1050 5719
e 1050 6039
e 1050 6607
e 1050 6608
e 1051 1228
e 1051 1456
e 1051 1606
e 1051 2112
e 1051 2416
e 1051 2423
e 1051 3393
e 1052 1053
e 1052 1115
e 1052 1228
e 1052 1236
e 1052 1243
e 1052 1478
e 1052 1615
e 1052 1719
e 1052 1751
e 1052 1839
e 1052 1841
e 1052 2010
e 1052 2013
e 1052 2143
e 1052 2223
e 1052 3010
e 1052 3103
e 1052 3393
e 1052 3521
e 1052 3568
e 1052 3788
e 1052 3891
e 1052 4149
e 1052 4503
e 1052 4660
e 1052 5132
e 1052 5134
e 1052 6110
e 1052 6384
e 1052 6631
e 1052 6632
e 1052 6633
e 1052 6634
e 1052 6635
e 1053 1062
e 1053 1186
e 1053 1792
e 1053 2189
e 1053 2522
e 1054 1074
e 1054 1082
e 1054 1102
e 1054 1114
e 1054 1181
e 1054 1191
e 1054 1254
e 1054 1275
e 1054 1409
e 1054 1410
e 1054 1451
e 1054 1600
e 1054 1688
e 1054 1719
e 1054 1792
e 1054 1842
e 1054 2077
e 1054 2581
e 1054 3922
e 1054 4148
e 1054 4152
e 1054 4712
e 1054 5505
e 1054 6395
e 1054 6669
e 1054 6670
e 1054 6671
e 1054 6672
e 1055 1082
e 1055 1191
e 1055 1195
e 1055 1245
e 1055 1409
e 1055 1430
e 1055 1441
e 1055 1471
e 1055 1472
e 1055 1606
e 1055 1627
e 1055 1744
e 1055 1754
e 1055 1766
e 1055 1977
e 1055 2112
e 1055 2344
e 1055 2362
e 1055 2421
e 1055 2484
e 1055 2517
e 1055 2645
e 1055 3177
e 1055 4237
e 1055 4722
e 1055 4842
e 1055 5502
e 1055 6689
e 1055 6690
e 1055 6691
e 1055 6692
e 1055 6693
e 1055 6694
e 1055 6695
e 1055 6696
e 1055 6697
e 1056 1116
e 1056 1181
e 1056 1191
e 1056 1209
e 1056 1213
e 1056 1217
e 1056 1235
e 1056 1236
e 1056 1241
e 1056 1245
e 1056 1266
e 1056 1284
e 1056 1296
e 1056 1316
e 1056 1326
e 1056 1334
e 1056 1335
e 1056 1430
e 1056 1454
e 1056 1504
e 1056 1610
e 1056 1744
e 1056 1746
e 1056 1761
e 1056 2492
e 1056 2582
e 1056 2583
e 1056 2678
e 1056 2963
e 1056 4041
e 1056 4802
e 1057 1357
e 1057 2295
e 1057 2891
e 1057 3925
e 1057 4529
e 1057 6707
e 1058 1082
e 1058 1100
e 1058 1178
e 1058 1191
e 1058 1235
e 1058 1286
e 1058 1409
e 1058 1512
e 1058 1727
e 1058 1748
e 1058 1753
e 1058 1776
e 1058 1858
e 1058 1963
e 1058 2079
e 1058 2080
e 1058 2086
e 1058 2143
e 1058 2356
e 1058 2434
e 1058 2623
e 1058 2698
e 1058 2920
e 1058 3814
e 1058 4107
e 1058 4759
e 1058 4760
e 1058 5091
e 1058 5098
e 1058 6724
e 1059 1838
e 1059 2349
e 1059 3053
e 1059 3262
e 1059 3910
e 1059 5510
e 1059 6725
e 1060 1697
e 1060 1740
e 1060 1841
e 1060 3365
e 1060 3374
e 1060 3919
e 1060 4966
e 1060 5127
e 1060 6163
e 1060 6676
e 1060 6737
e 1060 6738
e 1061 1089
e 1061 1090
e 1061 1275
e 1061 1625
e 1061 1637
e 1061 4165
e 1061 6767
e 1061 6768
e 1061 6769
e 1062 1195
e 1062 1418
e 1062 1702
e 1062 2522
e 1062 3803
e 1062 6770
e 1063 1191
e 1063 1240
e 1063 1604
e 1063 6170
e 1063 6771
e 1063 6772
e 1064 1084
e 1064 2221
e 1064 2224
e 1064 2225
e 1064 2372
e 1065 1456
e 1065 1606
e 1065 1719
e 1065 1899
e 1065 2112
e 1065 2416
e 1065 2421
e 1065 4061
e 1065 5708
e 1065 6083
e 1066 1569
e 1066 1616
e 1066 1719
e 1066 1946
e 1066 2355
e 1066 2813
e 1066 3311
e 1066 3456
e 1066 3914
e 1066 4381
e 1066 4904
e 1066 5212
e 1066 6016
e 1066 6346
e 1066 6347
e 1066 6348
e 1066 6786
e 1066 6787
e 1066 6788
e 1067 1179
e 1067 1195
e 1067 1458
e 1067 2047
e 1067 2050
e 1068 1146
e 1068 1829
e 1068 3819
e 1069 1732
e 1069 6863
e 1070 1545
e 1070 4881
e 1070 5481
e 1070 6878
e 1071 1079
e 1071 1082
e 1071 1114
e 1071 1451
e 1071 1519
e 1071 1731
e 1071 1790
e 1071 1951
e 1071 2418
e 1071 2419
e 1071 2422
e 1071 2859
e 1071 3019
e 1071 3467
e 1071 4857
e 1071 4859
e 1071 5089
e 1071 5353
e 1071 5517
e 1071 5848
e 1071 6088
e 1071 6114
e 1071 6132
e 1071 6155
e 1071 6893
e 1072 1088
e 1072 1101
e 1072 1506
e 1072 1575
e 1072 1588
e 1072 1731
e 1072 1801
e 1072 2422
e 1072 3011
e 1072 3937
e 1072 4955
e 1072 5672
e 1072 5773
e 1072 5888
e 1072 6808
e 1072 6894
e 1073 1604
e 1073 1690
e 1073 1691
e 1073 1703
e 1073 1731
e 1073 1843
e 1073 1844
e 1073 2006
e 1073 2355
e 1073 2524
e 1073 2695
e 1073 2729
e 1073 2960
e 1073 3019
e 1073 3450
e 1073 3469
e 1073 3551
e 1073 4084
e 1073 4412
e 1073 4597
e 1073 4794
e 1073 4958
e 1073 4971
e 1073 5135
e 1073 5224
e 1073 5512
e 1073 5681
e 1073 6591
e 1073 6617
e 1073 6905
e 1073 6906
e 1073 6907
e 1073 6908
e 1073 6909
e 1073 6910
e 1074 1109
e 1074 1555
e 1074 1561
e 1074 2223
e 1074 2227
e 1074 3147
e 1074 3303
e 1074 3357
e 1074 5529
e 1074 6638
e 1074 6932
e 1074 6933
e 1074 6934
e 1075 1191
e 1075 1195
e 1075 1220
e 1075 1254
e 1075 1409
e 1075 1535
e 1075 1539
e 1075 1540
e 1075 1543
e 1075 1611
e 1075 1699
e 1075 1955
e 1075 2223
e 1075 2829
e 1075 2883
e 1075 3303
e 1075 3395
e 1075 3405
e 1075 3406
e 1075 5281
e 1075 6935
e 1075 6936
e 1075 6937
e 1076 2780
e 1077 2267
e 1077 2269
e 1077 2732
e 1077 3247
e 1078 1256
e 1078 1453
e 1078 1699
e 1078 1703
e 1078 1710
e 1078 1792
e 1078 1980
e 1078 2073
e 1078 2422
e 1078 2988
e 1078 3467
e 1078 5820
e 1078 6109
e 1079 1114
e 1079 1505
e 1079 1564
e 1079 1689
e 1079 1694
e 1079 4276
e 1079 7029
e 1079 7030
e 1080 1410
e 1080 1571
e 1080 1606
e 1080 1720
e 1080 1754
e 1080 1766
e 1080 2890
e 1080 4457
e 1080 5452
e 1080 7080
e 1081 1899
e 1081 2034
e 1081 2112
e 1081 2165
e 1081 2242
e 1081 2438
e 1081 2621
e 1081 2812
e 1081 2927
e 1081 3845
e 1082 1114
e 1082 1115
e 1082 1177
e 1082 1210
e 1082 1249
e 1082 1275
e 1082 1434
e 1082 1451
e 1082 1699
e 1082 1716
e 1082 1792
e 1082 1842
e 1082 1951
e 1082 2422
e 1082 2875
e 1082 3467
e 1082 5486
e 1082 6557
e 1082 7115
e 1083 1456
e 1083 1606
e 1083 1831
e 1083 1842
e 1083 1899
e 1083 2112
e 1083 2416
e 1083 2421
e 1083 2423
e 1083 2710
e 1083 3110
e 1083 5276
e 1083 6083
e 1083 6562
e 1083 7116
e 1084 1200
e 1084 1698
e 1084 1716
e 1084 4502
e 1085 1995
e 1086 1712
e 1086 1995
e 1086 1996
e 1086 7135
e 1087 1346
e 1087 1409
e 1087 1944
e 1087 6629
e 1087 7194
e 1088 1099
e 1088 1101
e 1088 1506
e 1088 1519
e 1088 1575
e 1088 1588
e 1088 3011
e 1088 3047
e 1088 4955
e 1088 6808
e 1088 6813
e 1088 7195
e 1088 7196
e 1090 1456
e 1090 1606
e 1090 1899
e 1090 2112
e 1090 2416
e 1090 2421
e 1090 2710
e 1090 3110
e 1090 5276
e 1090 6083
e 1090 7210
e 1091 1350
e 1091 1359
e 1091 4986
e 1092 2013
e 1092 4298
e 1092 6558
e 1093 1192
e 1093 7259
e 1094 1521
e 1094 1696
e 1094 1747
e 1094 2836
e 1094 2920
e 1094 3022
e 1095 5273
e 1096 2962
e 1096 4147
e 1096 5430
e 1097 1220
e 1097 1426
e 1097 1644
e 1097 1702
e 1097 1740
e 1097 1899
e 1097 1921
e 1097 1926
e 1097 2075
e 1097 2112
e 1097 2585
e 1097 2694
e 1097 2785
e 1097 3296
e 1097 3306
e 1097 3309
e 1097 4666
e 1097 5289
e 1097 5430
e 1097 5432
e 1097 5498
e 1097 5883
e 1097 6021
e 1097 6046
e 1097 6056
e 1097 6057
e 1097 6060
e 1097 6361
e 1097 6504
e 1097 6621
e 1097 6984
e 1097 7253
e 1097 7254
e 1098 3953
e 1098 6570
e 1098 7351
e 1099 1195
e 1099 1410
e 1099 1588
e 1099 2054
e 1099 2416
e 1099 2484
e 1099 3011
e 1099 3019
e 1099 6075
e 1100 1192
e 1100 1286
e 1100 1657
e 1100 1732
e 1100 1753
e 1100 1767
e 1100 2066
e 1100 2068
e 1100 2080
e 1100 2092
e 1100 2094
e 1100 2315
e 1100 2337
e 1100 2579
e 1100 2950
e 1101 1588
e 1101 2695
e 1101 3011
e 1101 3019
e 1101 3396
e 1102 1220
e 1102 1703
e 1102 1801
e 1102 2422
e 1102 3011
e 1102 3687
e 1102 7198
e 1103 1195
e 1103 1197
e 1103 1335
e 1103 1441
e 1103 1546
e 1103 1777
e 1103 2522
e 1103 3375
e 1103 3567
e 1103 4875
e 1104 2685
e 1104 7212
e 1104 7213
e 1105 1155
e 1105 1196
e 1105 1215
e 1105 1248
e 1105 1387
e 1105 1400
e 1105 1507
e 1105 1521
e 1105 2527
e 1105 4969
e 1105 5531
e 1105 7654
e 1106 1240
e 1106 1249
e 1106 1270
e 1106 1281
e 1106 1576
e 1106 1579
e 1106 1717
e 1106 1754
e 1106 1772
e 1106 1975
e 1106 2127
e 1106 2276
e 1106 2416
e 1106 3048
e 1106 3398
e 1106 3610
e 1106 5708
e 1106 5711
e 1106 5712
e 1106 6305
e 1106 6819
e 1106 6821
e 1106 7690
e 1106 7691
e 1107 1191
e 1107 1440
e 1107 1977
e 1107 2700
e 1108 1301
e 1108 1387
e 1109 1409
e 1109 3288
e 1110 1696
e 1110 2341
e 1110 2668
e 1110 3012
e 1110 3694
e 1110 6001
e 1110 7854
e 1110 7855
e 1111 1124
e 1111 1145
e 1111 1157
e 1111 1161
e 1111 1286
e 1111 2047
e 1111 2385
e 1111 3074
e 1111 3788
e 1111 4494
e 1111 4641
e 1112 1456
e 1112 1619
e 1112 1654
e 1112 2112
e 1112 2416
e 1112 7947
e 1113 1606
e 1113 2112
e 1113 2421
e 1114 1451
e 1114 1519
e 1114 1697
e 1114 1732
e 1114 1789
e 1114 1792
e 1114 1797
e 1114 4276
e 1114 5424
e 1114 6801
e 1115 1188
e 1115 1223
e 1115 1606
e 1115 1857
e 1115 1865
e 1115 2012
e 1115 2112
e 1115 2421
e 1115 2637
e 1115 4174
e 1115 5132
e 1115 6083
e 1115 6542
e 1115 7116
e 1115 7928
e 1116 1204
e 1116 1239
e 1116 1418
e 1116 1451
e 1116 1457
e 1116 1488
e 1116 1489
e 1116 1490
e 1116 1491
e 1116 1569
e 1116 2048
e 1116 2337
e 1116 3218
e 1117 1528
e 1117 7139
e 1118 8113
e 1118 8114
e 1119 2112
e 1119 2416
e 1119 4998
e 1119 8128
e 1120 1456
e 1120 1583
e 1120 2416
e 1120 2417
e 1120 2421
e 1121 1456
e 1121 1606
e 1121 1899
e 1121 2112
e 1121 2416
e 1121 4407
e 1121 6083
e 1122 1189
e 1122 1606
e 1122 1899
e 1122 2112
e 1122 2416
e 1122 5771
e 1122 6083
e 1122 8182
e 1123 1606
e 1123 2112
e 1123 2511
e 1123 4633
e 1123 4788
e 1123 5276
e 1123 8188
e 1123 8189
e 1124 1145
e 1124 1157
e 1124 1161
e 1124 1306
e 1124 1928
e 1124 2813
e 1124 3074
e 1124 4998
e 1125 1606
e 1125 1616
e 1125 1899
e 1125 2112
e 1125 2416
e 1125 2771
e 1125 3057
e 1125 3557
e 1125 4233
e 1125 4507
e 1125 7334
e 1125 7335
e 1125 7336
e 1125 7337
e 1125 8208
e 1126 2373
e 1126 2860
e 1126 6118
e 1127 1191
e 1128 1191
e 1128 2480
e 1128 8246
e 1129 1338
e 1129 1703
e 1129 2875
e 1129 3283
e 1130 2416
e 1130 3211
e 1130 6083
e 1130 8297
e 1130 8298
e 1131 1760
e 1132 1188
e 1132 1456
e 1132 1606
e 1132 1899
e 1132 2112
e 1132 2416
e 1132 2421
e 1132 2423
e 1132 2579
e 1132 2710
e 1132 2860
e 1132 3110
e 1132 3609
e 1132 6083
e 1132 6562
e 1132 6589
e 1132 7116
e 1132 8323
e 1133 2276
e 1133 2698
e 1133 3398
e 1134 1214
e 1134 1727
e 1134 1774
e 1134 1925
e 1134 2290
e 1134 4101
e 1134 4103
e 1134 4180
e 1134 4580
e 1134 5674
e 1134 7471
e 1134 8350
e 1135 1232
e 1135 2568
e 1136 1159
e 1136 1181
e 1136 1875
e 1136 1933
e 1136 2604
e 1136 5227
e 1136 6345
e 1136 8393
e 1136 8394
e 1137 3694
e 1137 5356
e 1138 1220
e 1138 7736
e 1138 7737
e 1140 1162
e 1141 1370
e 1141 1455
e 1141 1834
e 1141 2029
e 1141 2415
e 1141 2433
e 1141 2835
e 1141 2996
e 1141 3029
e 1141 3918
e 1141 4708
e 1141 4711
e 1141 4760
e 1141 5096
e 1141 5119
e 1141 5136
e 1141 5488
e 1141 6036
e 1141 6419
e 1141 6659
e 1141 6703
e 1141 6963
e 1141 7830
e 1141 8415
e 1141 8416
e 1141 8417
e 1141 8418
e 1142 5893
e 1143 4802
e 1144 4804
e 1144 6012
e 1144 6283
e 1144 7181
e 1144 7183
e 1145 1157
e 1145 1161
e 1145 1181
e 1145 1184
e 1145 1428
e 1145 2491
e 1145 2558
e 1145 3074
e 1145 3970
e 1145 5504
e 1146 3819
e 1147 1148
e 1147 1197
e 1147 7367
e 1148 5420
e 1148 7367
e 1150 1941
e 1150 5285
e 1150 7729
e 1151 2172
e 1151 2859
e 1152 1429
e 1152 5708
e 1153 8436
e 1154 6509
e 1156 8438
e 1157 1161
e 1157 1535
e 1157 1555
e 1157 1785
e 1157 3074
e 1157 3303
e 1157 3388
e 1157 4215
e 1157 5092
e 1157 6638
e 1159 1664
e 1159 2012
e 1159 3374
e 1159 4732
e 1159 6793
e 1159 7088
e 1160 6880
e 1161 3074
e 1161 5092
e 1162 1198
e 1162 2022
e 1162 2025
e 1162 5166
e 1162 7225
e 1162 7331
e 1162 8454
e 1163 1188
e 1163 1583
e 1163 2416
e 1163 2417
e 1163 2480
e 1163 4147
e 1164 1253
e 1164 1322
e 1164 1696
e 1164 1779
e 1164 3022
e 1164 3023
e 1164 6139
e 1165 1188
e 1165 1456
e 1165 1583
e 1165 1653
e 1165 2012
e 1165 2112
e 1165 2416
e 1165 2417
e 1165 2421
e 1165 3374
e 1165 6202
e 1165 7609
e 1165 7619
e 1165 8564
e 1166 1456
e 1166 1583
e 1166 1606
e 1166 1899
e 1166 2012
e 1166 2417
e 1166 2423
e 1166 2695
e 1166 3071
e 1166 5276
e 1166 5319
e 1166 5492
e 1166 6009
e 1166 6083
e 1166 6632
e 1167 1456
e 1167 2012
e 1167 3283
e 1167 3456
e 1167 5616
e 1168 1740
e 1168 3374
e 1168 4147
e 1168 6798
e 1169 1239
e 1169 1424
e 1169 1457
e 1169 1494
e 1169 5021
e 1169 5024
e 1170 1188
e 1170 1606
e 1170 2112
e 1170 2423
e 1171 2112
e 1171 2423
e 1171 2710
e 1171 5276
e 1172 1456
e 1172 2112
e 1172 2505
e 1174 1195
e 1174 1226
e 1174 1458
e 1175 1851
e 1176 1197
e 1176 1202
e 1176 1203
e 1176 1204
e 1176 1205
e 1176 1206
e 1176 1207
e 1177 1178
e 1177 1191
e 1177 1213
e 1177 1221
e 1177 1237
e 1177 1241
e 1177 1248
e 1177 1265
e 1177 1294
e 1177 1348
e 1177 1381
e 1177 1382
e 1177 1383
e 1177 1384
e 1177 1385
e 1177 1386
e 1177 1387
e 1177 1388
e 1177 1389
e 1177 1390
e 1177 1391
e 1177 1392
e 1177 1393
e 1177 1394
e 1177 1395
e 1177 1396
e 1177 1397
e 1177 1398
e 1177 1399
e 1177 1400
e 1177 1401
e 1177 1402
e 1177 1403
e 1177 1404
e 1177 1405
e 1177 1406
e 1177 1407
e 1177 1408
e 1178 1181
e 1178 1184
e 1178 1188
e 1178 1191
e 1178 1198
e 1178 1204
e 1178 1235
e 1178 1254
e 1178 1409
e 1178 1410
e 1178 1411
e 1178 1412
e 1178 1413
e 1178 1414
e 1178 1415
e 1178 1416
e 1178 1417
e 1178 1418
e 1178 1419
e 1178 1420
e 1178 1421
e 1178 1422
e 1178 1423
e 1178 1424
e 1178 1425
e 1178 1426
e 1178 1427
e 1178 1428
e 1178 1429
e 1178 1430
e 1178 1431
e 1178 1432
e 1178 1433
e 1178 1434
e 1178 1435
e 1178 1436
e 1178 1437
e 1178 1438
e 1179 1188
e 1179 1198
e 1179 1204
e 1179 1254
e 1179 1255
e 1179 1271
e 1179 1274
e 1179 1413
e 1179 1416
e 1179 1419
e 1179 1420
e 1179 1424
e 1179 1425
e 1179 1426
e 1179 1429
e 1179 1430
e 1179 1434
e 1179 1438
e 1179 1439
e 1179 1440
e 1179 1441
e 1179 1442
e 1179 1443
e 1179 1444
e 1179 1445
e 1179 1446
e 1179 1447
e 1179 1448
e 1179 1449
e 1180 1582
e 1180 1583
e 1180 1584
e 1180 1585
e 1180 1586
e 1181 1188
e 1181 1194
e 1181 1213
e 1181 1235
e 1181 1275
e 1181 1282
e 1181 1294
e 1181 1296
e 1181 1310
e 1181 1410
e 1181 1421
e 1181 1424
e 1181 1427
e 1181 1454
e 1181 1587
e 1181 1588
e 1181 1589
e 1181 1590
e 1181 1591
e 1181 1592
e 1181 1593
e 1181 1594
e 1181 1595
e 1181 1596
e 1181 1597
e 1181 1598
e 1181 1599
e 1181 1600
e 1181 1601
e 1181 1602
e 1182 1194
e 1182 1526
e 1182 1603
e 1182 1604
e 1182 1605
e 1182 1606
e 1182 1607
e 1183 1505
e 1183 1608
e 1183 1609
e 1184 1213
e 1184 1275
e 1184 1294
e 1184 1410
e 1184 1428
e 1184 1588
e 1184 1590
e 1184 1593
e 1184 1598
e 1184 1610
e 1184 1611
e 1184 1612
e 1184 1613
e 1184 1614
e 1185 1567
e 1185 1615
e 1185 1616
e 1185 1617
e 1185 1618
e 1186 1219
e 1186 1470
e 1186 1619
e 1186 1620
e 1186 1621
e 1186 1622
e 1186 1623
e 1187 1633
e 1188 1189
e 1188 1194
e 1188 1195
e 1188 1221
e 1188 1315
e 1188 1413
e 1188 1414
e 1188 1415
e 1188 1416
e 1188 1429
e 1188 1439
e 1188 1479
e 1188 1594
e 1188 1603
e 1188 1634
e 1188 1635
e 1188 1636
e 1188 1637
e 1188 1638
e 1188 1639
e 1188 1640
e 1188 1641
e 1188 1642
e 1188 1643
e 1188 1644
e 1188 1645
e 1188 1646
e 1188 1647
e 1188 1648
e 1188 1649
e 1188 1650
e 1188 1651
e 1188 1652
e 1188 1653
e 1188 1654
e 1188 1655
e 1188 1656
e 1188 1657
e 1188 1658
e 1188 1659
e 1188 1660
e 1188 1661
e 1188 1662
e 1188 1663
e 1188 1664
e 1188 1665
e 1188 1666
e 1188 1667
e 1188 1668
e 1188 1669
e 1188 1670
e 1188 1671
e 1189 1195
e 1189 1206
e 1189 1453
e 1189 1672
e 1189 1673
e 1189 1674
e 1189 1675
e 1189 1676
e 1189 1677
e 1189 1678
e 1189 1679
e 1190 1680
e 1191 1192
e 1191 1197
e 1191 1198
e 1191 1214
e 1191 1216
e 1191 1246
e 1191 1282
e 1191 1311
e 1191 1314
e 1191 1375
e 1191 1409
e 1191 1410
e 1191 1412
e 1191 1425
e 1191 1450
e 1191 1539
e 1191 1573
e 1191 1579
e 1191 1615
e 1191 1702
e 1191 1744
e 1191 1745
e 1191 1746
e 1191 1747
e 1191 1748
e 1191 1749
e 1191 1750
e 1191 1751
e 1191 1752
e 1191 1753
e 1191 1754
e 1191 1755
e 1191 1756
e 1191 1757
e 1191 1758
e 1191 1759
e 1191 1760
e 1191 1761
e 1191 1762
e 1191 1763
e 1191 1764
e 1191 1765
e 1191 1766
e 1191 1767
e 1191 1768
e 1191 1769
e 1191 1770
e 1191 1771
e 1191 1772
e 1191 1773
e 1191 1774
e 1191 1775
e 1191 1776
e 1191 1777
e 1191 1778
e 1192 1194
e 1192 1198
e 1192 1209
e 1192 1210
e 1192 1211
e 1192 1212
e 1192 1213
e 1192 1214
e 1192 1215
e 1192 1255
e 1192 1315
e 1192 1336
e 1192 1381
e 1192 1409
e 1192 1417
e 1192 1427
e 1192 1515
e 1192 1610
e 1192 1685
e 1192 1686
e 1192 1687
e 1192 1717
e 1192 1719
e 1192 1822
e 1192 1943
e 1192 1944
e 1192 1945
e 1192 1946
e 1192 1947
e 1192 1948
e 1192 1949
e 1192 1950
e 1192 1951
e 1192 1952
e 1192 1953
e 1192 1954
e 1192 1955
e 1192 1956
e 1192 1957
e 1192 1958
e 1192 1959
e 1192 1960
e 1192 1961
e 1192 1962
e 1192 1963
e 1192 1964
e 1192 1965
e 1192 1966
e 1192 1967
e 1192 1968
e 1192 1969
e 1192 1970
e 1192 1971
e 1192 1972
e 1192 1973
e 1192 1974
e 1192 1975
e 1192 1976
e 1192 1977
e 1192 1978
e 1192 1979
e 1192 1980
e 1192 1981
e 1192 1982
e 1193 1344
e 1193 1349
e 1193 1354
e 1193 1355
e 1193 1856
e 1193 1857
e 1193 2998
e 1193 2999
e 1193 3000
e 1193 3001
e 1193 3002
e 1193 3003
e 1194 1198
e 1194 1208
e 1194 1247
e 1194 1283
e 1194 1416
e 1194 1645
e 1194 2905
e 1195 1197
e 1195 1198
e 1195 1208
e 1195 1227
e 1195 1230
e 1195 1239
e 1195 1242
e 1195 1245
e 1195 1246
e 1195 1247
e 1195 1252
e 1195 1275
e 1195 1291
e 1195 1383
e 1195 1388
e 1195 1412
e 1195 1421
e 1195 1457
e 1195 1480
e 1195 1482
e 1195 1535
e 1195 1536
e 1195 1589
e 1195 1591
e 1195 1610
e 1195 1616
e 1195 1626
e 1195 1672
e 1195 1696
e 1195 1712
e 1195 1719
e 1195 1736
e 1195 1739
e 1195 1754
e 1195 1780
e 1195 1855
e 1195 2047
e 1195 2165
e 1195 2221
e 1195 2236
e 1195 2461
e 1195 2489
e 1195 2553
e 1195 2715
e 1195 2883
e 1195 2995
e 1195 3016
e 1195 3017
e 1195 3018
e 1195 3019
e 1195 3020
e 1195 3021
e 1195 3022
e 1195 3023
e 1195 3024
e 1195 3025
e 1195 3026
e 1195 3027
e 1195 3028
e 1195 3029
e 1195 3030
e 1195 3031
e 1195 3032
e 1195 3033
e 1195 3034
e 1195 3035
e 1195 3036
e 1195 3037
e 1195 3038
e 1195 3039
e 1195 3040
e 1195 3041
e 1195 3042
e 1195 3043
e 1195 3044
e 1195 3045
e 1196 1215
e 1196 1289
e 1196 1291
e 1196 1307
e 1196 1805
e 1196 2705
e 1196 2955
e 1196 3041
e 1196 3059
e 1197 1208
e 1197 1219
e 1197 1228
e 1197 1270
e 1197 1313
e 1197 1338
e 1197 1381
e 1197 1389
e 1197 1462
e 1197 1528
e 1197 1531
e 1197 1532
e 1197 1628
e 1197 1687
e 1197 1689
e 1197 1714
e 1197 1715
e 1197 1732
e 1197 1775
e 1197 1795
e 1197 1927
e 1197 2047
e 1197 2268
e 1197 2275
e 1197 2390
e 1197 2511
e 1197 2713
e 1197 3186
e 1197 3320
e 1197 3620
e 1197 3823
e 1197 4976
e 1197 4977
e 1197 4978
e 1197 4979
e 1197 4980
e 1198 1233
e 1198 1239
e 1198 1252
e 1198 1272
e 1198 1381
e 1198 1414
e 1198 1415
e 1198 1416
e 1198 1420
e 1198 1429
e 1198 1437
e 1198 1439
e 1198 1449
e 1198 1454
e 1198 1455
e 1198 1464
e 1198 1465
e 1198 1466
e 1198 1471
e 1198 1483
e 1198 1610
e 1198 1715
e 1198 2273
e 1198 2298
e 1198 2483
e 1198 2522
e 1198 3332
e 1198 5856
e 1198 6371
e 1198 6722
e 1198 7439
e 1199 1423
e 1199 1535
e 1199 7168
e 1199 7169
e 1200 2553
e 1200 2595
e 1200 8221
e 1201 1221
e 1201 1274
e 1201 1546
e 1201 1740
e 1201 2338
e 1201 2704
e 1201 2879
e 1201 3000
e 1201 3406
e 1201 3474
e 1201 3687
e 1201 4217
e 1201 4271
e 1201 5080
e 1201 5111
e 1201 5491
e 1201 7355
e 1201 7835
e 1201 8313
e 1201 8314
e 1201 8315
e 1201 8316
e 1202 1983
e 1202 2108
e 1202 2120
e 1202 2141
e 1202 2188
e 1202 2190
e 1202 2205
e 1202 3273
e 1202 4227
e 1202 5213
e 1202 5280
e 1202 5342
e 1203 1228
e 1203 1687
e 1203 6649
e 1204 1239
e 1204 1436
e 1204 1457
e 1204 1482
e 1204 1488
e 1204 1489
e 1204 1490
e 1204 1491
e 1204 1715
e 1204 2698
e 1204 2699
e 1204 3106
e 1204 4929
e 1204 7778
e 1206 2107
e 1206 2116
e 1207 1628
e 1207 1694
e 1207 2463
e 1207 3924
e 1207 8340
e 1208 1209
e 1208 1246
e 1208 1247
e 1208 1384
e 1208 1423
e 1208 1450
e 1208 1505
e 1208 1526
e 1208 1607
e 1208 1719
e 1208 1720
e 1208 1721
e 1208 1722
e 1209 1261
e 1209 1337
e 1209 1410
e 1209 1412
e 1209 1606
e 1209 2129
e 1209 2130
e 1209 2131
e 1210 1306
e 1210 1310
e 1210 1357
e 1210 1425
e 1210 1615
e 1210 1825
e 1210 1828
e 1210 1865
e 1210 1955
e 1210 1973
e 1210 1984
e 1210 2047
e 1210 2072
e 1210 2113
e 1210 2143
e 1210 2147
e 1210 2180
e 1210 2183
e 1210 2300
e 1210 2337
e 1210 2354
e 1210 2356
e 1210 2358
e 1210 2377
e 1210 2378
e 1210 2379
e 1210 2380
e 1210 2381
e 1210 2382
e 1210 2383
e 1210 2384
e 1210 2385
e 1210 2386
e 1210 2387
e 1210 2388
e 1210 2389
e 1210 2390
e 1210 2391
e 1210 2392
e 1210 2393
e 1210 2394
e 1210 2395
e 1210 2396
e 1210 2397
e 1210 2398
e 1210 2399
e 1210 2400
e 1210 2401
e 1210 2402
e 1210 2403
e 1210 2404
e 1210 2405
e 1210 2406
e 1210 2407
e 1210 2408
e 1210 2409
e 1210 2410
e 1210 2411
e 1210 2412
e 1210 2413
e 1210 2414
e 1212 1702
e 1212 1747
e 1212 1835
e 1212 1946
e 1212 1954
e 1212 1984
e 1212 2115
e 1212 2147
e 1212 2207
e 1212 2457
e 1212 2637
e 1212 2659
e 1212 2660
e 1212 2661
e 1212 2662
e 1212 2663
e 1212 2664
e 1212 2665
e 1212 2666
e 1213 1233
e 1213 1282
e 1213 1314
e 1213 1353
e 1213 1409
e 1213 1412
e 1213 1422
e 1213 1425
e 1213 1428
e 1213 1431
e 1213 1433
e 1213 1435
e 1213 1573
e 1213 1598
e 1213 1610
e 1213 2044
e 1213 2270
e 1213 2414
e 1213 2674
e 1213 2675
e 1213 2676
e 1213 2677
e 1213 2678
e 1213 2679
e 1213 2680
e 1214 1238
e 1214 1344
e 1214 1357
e 1214 1360
e 1214 2273
e 1214 2361
e 1214 2550
e 1214 2559
e 1214 2582
e 1214 2698
e 1214 2699
e 1214 2700
e 1214 2701
e 1214 2702
e 1214 2703
e 1216 1217
e 1216 1767
e 1216 2092
e 1216 2671
e 1216 2713
e 1216 2714
e 1216 2715
e 1216 2716
e 1216 2717
e 1216 2718
e 1216 2719
e 1217 1313
e 1217 1515
e 1217 2433
e 1217 2670
e 1217 2671
e 1217 2718
e 1217 2719
e 1219 1381
e 1219 1462
e 1219 1573
e 1219 1720
e 1219 1734
e 1219 2276
e 1219 2558
e 1219 3188
e 1219 3189
e 1219 3190
e 1219 3191
e 1220 1289
e 1220 1325
e 1220 1611
e 1220 1702
e 1220 1775
e 1220 1792
e 1220 1801
e 1220 1855
e 1220 2479
e 1220 2524
e 1220 3336
e 1220 3392
e 1220 3393
e 1220 3394
e 1220 3395
e 1220 3396
e 1220 3397
e 1220 3398
e 1220 3399
e 1220 3400
e 1220 3401
e 1220 3402
e 1220 3403
e 1220 3404
e 1220 3405
e 1220 3406
e 1220 3407
e 1220 3408
e 1220 3409
e 1220 3410
e 1220 3411
e 1220 3412
e 1220 3413
e 1220 3414
e 1220 3415
e 1220 3416
e 1220 3417
e 1220 3418
e 1220 3419
e 1220 3420
e 1221 1382
e 1221 1390
e 1221 1398
e 1221 1625
e 1221 1838
e 1221 2094
e 1221 2219
e 1221 2385
e 1221 2433
e 1221 2473
e 1221 2867
e 1221 3019
e 1221 3116
e 1221 3894
e 1221 3895
e 1221 3896
e 1221 3897
e 1221 3898
e 1221 3899
e 1221 3900
e 1222 3446
e 1222 3449
e 1222 3450
e 1222 3936
e 1222 3937
e 1223 1865
e 1223 2384
e 1223 2388
e 1223 2962
e 1223 3695
e 1223 3718
e 1223 4649
e 1223 4650
e 1224 1984
e 1224 2004
e 1224 2059
e 1224 4801
e 1224 4802
e 1225 2059
e 1225 3128
e 1225 4801
e 1225 4803
e 1226 4080
e 1227 1835
e 1227 1946
e 1227 1973
e 1227 2062
e 1227 2103
e 1227 2119
e 1227 2147
e 1227 2180
e 1227 2195
e 1227 2198
e 1227 2205
e 1227 2206
e 1227 2313
e 1227 2324
e 1227 2349
e 1227 2388
e 1227 2432
e 1227 2447
e 1227 2448
e 1227 2821
e 1227 3644
e 1228 1238
e 1228 1242
e 1228 1244
e 1228 1248
e 1228 1344
e 1228 1412
e 1228 1478
e 1228 1563
e 1228 1688
e 1228 1692
e 1228 1727
e 1228 1752
e 1228 1819
e 1228 1839
e 1228 1983
e 1228 2010
e 1228 2013
e 1228 2164
e 1228 2191
e 1228 2346
e 1228 2564
e 1228 2842
e 1228 2844
e 1228 2959
e 1228 3103
e 1228 3393
e 1228 3488
e 1228 3512
e 1228 3524
e 1228 3566
e 1228 3567
e 1228 3787
e 1228 4174
e 1228 4298
e 1228 4497
e 1228 4889
e 1228 4912
e 1228 5130
e 1228 5131
e 1228 5133
e 1228 5137
e 1228 5139
e 1228 5149
e 1228 5150
e 1229 1265
e 1229 2010
e 1229 2013
e 1229 2014
e 1229 2015
e 1229 2016
e 1229 2017
e 1229 2018
e 1229 2019
e 1229 2024
e 1229 2030
e 1229 2035
e 1229 2036
e 1229 2102
e 1229 2105
e 1229 2193
e 1229 2244
e 1229 2248
e 1229 2310
e 1229 2513
e 1229 2799
e 1229 2908
e 1229 3494
e 1229 3555
e 1229 4081
e 1229 4223
e 1229 5177
e 1229 5178
e 1230 1458
e 1230 1554
e 1230 1629
e 1230 1754
e 1230 1819
e 1230 2034
e 1230 2143
e 1230 2146
e 1230 2959
e 1230 5281
e 1230 5419
e 1230 5420
e 1231 1314
e 1231 1685
e 1231 1686
e 1231 1943
e 1231 1971
e 1231 1978
e 1231 1988
e 1231 2056
e 1231 2528
e 1232 5452
e 1232 5453
e 1233 1234
e 1233 1409
e 1233 1412
e 1233 1461
e 1233 1652
e 1233 1748
e 1233 2395
e 1233 4138
e 1233 5130
e 1234 1530
e 1235 1286
e 1235 1296
e 1235 1422
e 1235 1431
e 1235 1433
e 1235 1573
e 1235 1598
e 1235 1610
e 1235 1753
e 1235 1885
e 1235 1891
e 1235 5053
e 1235 5773
e 1236 1382
e 1236 1418
e 1236 2048
e 1236 2337
e 1236 5799
e 1236 5800
e 1236 5801
e 1237 1338
e 1237 1373
e 1237 1412
e 1237 1925
e 1237 2168
e 1237 2221
e 1237 2224
e 1237 2225
e 1237 2273
e 1237 4528
e 1237 5957
e 1238 1244
e 1238 1247
e 1238 1261
e 1238 1262
e 1238 1347
e 1238 3507
e 1238 3520
e 1238 6118
e 1239 1252
e 1239 1330
e 1239 1414
e 1239 1424
e 1239 1457
e 1239 1488
e 1239 1489
e 1239 1490
e 1239 1491
e 1239 1494
e 1239 3301
e 1239 4959
e 1239 6047
e 1239 6356
e 1239 6357
e 1239 6358
e 1240 1615
e 1240 2423
e 1240 2566
e 1240 5072
e 1240 5153
e 1240 6433
e 1240 6434
e 1240 6435
e 1241 1304
e 1241 1348
e 1241 1358
e 1241 1359
e 1241 1385
e 1241 1429
e 1241 1535
e 1241 1761
e 1241 2213
e 1241 2219
e 1241 2221
e 1241 2222
e 1241 2224
e 1241 2225
e 1241 2227
e 1241 2228
e 1241 2229
e 1241 2234
e 1241 2573
e 1241 2603
e 1241 3187
e 1241 3282
e 1241 3512
e 1241 4952
e 1241 5365
e 1241 6489
e 1241 6490
e 1241 6491
e 1241 6492
e 1241 6493
e 1241 6494
e 1242 1247
e 1242 5072
e 1243 1250
e 1243 3456
e 1243 6636
e 1244 1247
e 1244 1390
e 1244 1830
e 1244 2223
e 1244 2395
e 1244 3048
e 1244 6646
e 1245 1531
e 1245 2781
e 1245 2821
e 1245 4368
e 1245 4412
e 1245 5166
e 1245 5956
e 1245 6266
e 1245 6686
e 1246 1247
e 1246 3041
e 1246 5698
e 1247 1315
e 1247 1345
e 1247 1362
e 1247 1401
e 1247 1409
e 1247 2281
e 1247 2558
e 1247 3041
e 1247 5072
e 1247 5325
e 1247 6027
e 1248 1384
e 1248 1431
e 1248 1746
e 1248 2236
e 1248 2496
e 1248 5053
e 1248 5503
e 1249 1418
e 1249 1556
e 1249 1576
e 1249 1754
e 1249 1792
e 1249 1794
e 1249 2395
e 1249 3647
e 1249 5194
e 1249 5273
e 1249 5470
e 1249 5705
e 1249 6421
e 1250 2004
e 1250 6636
e 1251 3610
e 1252 1416
e 1252 1423
e 1252 1457
e 1252 1458
e 1252 1462
e 1252 1463
e 1252 1574
e 1252 1577
e 1252 5048
e 1252 6183
e 1252 6818
e 1253 1458
e 1253 2522
e 1254 1289
e 1254 1535
e 1254 1610
e 1254 1712
e 1254 1996
e 1254 2223
e 1254 2955
e 1254 6822
e 1255 1383
e 1255 1451
e 1255 1459
e 1255 1690
e 1255 1993
e 1255 2488
e 1255 2698
e 1255 3106
e 1255 3301
e 1255 3432
e 1255 3531
e 1255 4443
e 1255 4524
e 1255 4773
e 1255 4913
e 1255 4928
e 1255 6356
e 1255 6852
e 1256 1257
e 1256 1451
e 1256 1694
e 1256 1703
e 1256 1800
e 1256 3467
e 1256 6111
e 1257 1451
e 1257 1790
e 1258 2435
e 1258 2464
e 1258 3940
e 1258 7095
e 1259 5722
e 1259 7096
e 1259 7097
e 1260 2843
e 1260 4147
e 1260 4754
e 1260 6016
e 1262 2276
e 1262 6118
e 1263 2421
e 1263 2829
e 1263 7136
e 1264 1417
e 1264 1427
e 1264 1691
e 1264 5060
e 1264 7139
e 1265 1343
e 1265 1350
e 1265 1362
e 1265 1412
e 1265 1953
e 1265 2072
e 1265 2177
e 1265 2337
e 1265 2550
e 1265 2582
e 1265 3240
e 1265 4661
e 1265 5574
e 1265 5701
e 1265 6125
e 1265 6879
e 1265 7140
e 1266 1421
e 1266 1573
e 1267 1599
e 1267 3282
e 1267 3562
e 1267 4903
e 1267 4918
e 1267 5528
e 1267 7147
e 1267 7148
e 1267 7149
e 1268 2478
e 1269 1732
e 1269 4203
e 1269 5061
e 1270 1409
e 1270 2804
e 1270 6700
e 1271 1274
e 1271 1283
e 1271 1291
e 1271 1307
e 1271 1314
e 1271 1409
e 1271 1412
e 1271 1427
e 1271 1511
e 1271 1521
e 1271 3186
e 1271 5845
e 1272 1414
e 1272 1416
e 1274 1427
e 1274 1511
e 1274 2281
e 1274 2484
e 1274 5845
e 1274 7191
e 1275 1332
e 1275 1432
e 1275 1595
e 1275 1792
e 1275 1956
e 1275 2277
e 1275 2581
e 1275 2674
e 1275 2768
e 1275 6700
e 1275 7208
e 1276 1307
e 1276 1424
e 1276 2270
e 1276 5847
e 1277 1722
e 1277 2085
e 1279 4712
e 1281 1509
e 1281 1649
e 1281 1993
e 1281 2261
e 1281 3025
e 1281 4875
e 1281 5723
e 1281 6022
e 1281 7323
e 1281 7324
e 1281 7325
e 1282 1409
e 1282 2859
e 1282 5130
e 1282 6916
e 1283 1422
e 1283 2676
e 1283 6170
e 1284 2675
e 1285 2949
e 1285 4041
e 1286 1409
e 1286 1512
e 1286 1700
e 1286 1727
e 1286 1748
e 1286 1753
e 1286 1767
e 1286 1774
e 1286 1776
e 1286 1858
e 1286 1859
e 1286 2078
e 1286 2526
e 1286 3687
e 1286 3814
e 1286 3898
e 1286 4441
e 1286 4759
e 1286 4760
e 1286 4896
e 1286 5091
e 1286 5098
e 1286 5101
e 1286 5648
e 1286 5677
e 1286 5896
e 1286 7503
e 1288 5155
e 1288 5602
e 1288 7505
e 1288 7506
e 1288 7507
e 1288 7508
e 1288 7509
e 1288 7510
e 1289 1314
e 1289 1430
e 1289 1575
e 1289 1997
e 1289 3011
e 1290 1410
e 1291 1319
e 1291 1423
e 1291 1975
e 1291 2221
e 1291 2224
e 1291 4457
e 1294 1425
e 1294 1431
e 1294 2034
e 1294 4381
e 1294 7331
e 1295 2278
e 1295 3027
e 1295 3388
e 1295 3456
e 1295 4147
e 1295 4712
e 1295 5318
e 1295 7641
e 1295 7642
e 1295 7643
e 1296 2085
e 1297 1590
e 1297 1603
e 1297 3282
e 1298 2004
e 1298 4801
e 1300 4801
e 1301 2059
e 1301 4801
e 1302 2004
e 1302 2059
e 1303 1375
e 1303 1687
e 1303 1967
e 1303 2171
e 1303 2711
e 1304 1526
e 1304 1607
e 1304 2219
e 1304 2221
e 1304 2224
e 1304 2225
e 1304 3187
e 1304 7733
e 1304 7734
e 1304 7735
e 1305 1395
e 1306 1333
e 1306 1928
e 1306 2081
e 1306 6680
e 1306 7486
e 1306 7834
e 1306 7835
e 1307 1367
e 1307 1412
e 1307 1695
e 1307 6373
e 1308 3422
e 1308 5762
e 1309 1715
e 1309 2224
e 1309 2491
e 1309 3016
e 1309 4238
e 1310 1409
e 1310 1993
e 1310 2272
e 1310 3011
e 1311 1414
e 1311 3537
e 1311 3547
e 1312 1430
e 1312 2949
e 1312 3396
e 1312 4041
e 1313 1335
e 1313 1549
e 1313 1714
e 1313 4802
e 1313 6345
e 1313 7918
e 1314 1409
e 1314 1615
e 1314 1685
e 1314 1687
e 1314 1984
e 1314 2159
e 1314 5072
e 1314 6356
e 1315 1416
e 1315 2525
e 1315 2580
e 1315 2905
e 1315 3041
e 1316 1414
e 1316 2575
e 1317 4441
e 1317 7727
e 1317 7742
e 1317 8272
e 1318 1660
e 1318 2848
e 1318 6597
e 1320 2270
e 1321 5528
e 1321 6715
e 1323 2372
e 1323 2810
e 1323 3432
e 1323 4913
e 1323 5034
e 1323 6294
e 1323 6295
e 1323 6325
e 1323 6336
e 1324 1951
e 1324 3454
e 1325 2272
e 1326 3831
e 1326 5281
e 1327 2573
e 1327 5798
e 1328 2270
e 1328 6250
e 1330 1494
e 1330 1702
e 1330 5094
e 1330 6301
e 1330 6954
e 1330 7205
e 1330 8692
e 1332 1464
e 1333 1486
e 1333 1529
e 1333 1530
e 1333 2176
e 1333 4816
e 1333 6680
e 1333 7834
e 1334 2586
e 1334 4980
e 1334 6367
e 1334 6373
e 1334 6620
e 1334 6691
e 1334 6820
e 1335 1598
e 1335 3375
e 1335 3975
e 1336 2119
e 1336 2168
e 1336 2206
e 1336 2208
e 1336 2243
e 1336 2244
e 1336 2245
e 1336 2246
e 1336 2247
e 1336 2248
e 1336 2249
e 1336 2250
e 1336 2251
e 1336 2252
e 1336 2253
e 1336 2254
e 1336 2255
e 1337 3111
e 1338 1347
e 1338 1388
e 1338 1615
e 1338 2047
e 1338 2168
e 1338 2343
e 1338 2351
e 1338 2356
e 1338 2357
e 1338 2363
e 1338 2433
e 1338 2434
e 1338 2755
e 1338 3199
e 1338 3201
e 1338 3788
e 1338 4265
e 1338 4266
e 1339 2340
e 1339 3421
e 1339 3812
e 1339 5062
e 1340 2337
e 1340 3282
e 1340 4151
e 1340 4345
e 1340 5400
e 1341 1352
e 1341 1383
e 1341 1418
e 1341 1691
e 1341 1867
e 1341 2047
e 1341 2161
e 1341 2337
e 1341 2475
e 1341 2527
e 1341 2684
e 1341 3065
e 1341 3437
e 1341 3456
e 1341 3799
e 1341 3926
e 1341 4004
e 1341 4269
e 1341 5808
e 1341 5809
e 1341 5810
e 1344 1349
e 1344 1814
e 1344 3450
e 1344 4195
e 1344 6530
e 1344 6558
e 1345 1997
e 1345 5153
e 1346 1412
e 1346 1757
e 1346 1853
e 1346 2077
e 1346 2282
e 1346 3041
e 1346 5698
e 1346 6549
e 1346 6765
e 1347 1412
e 1347 2559
e 1348 1350
e 1348 2344
e 1348 2345
e 1348 2361
e 1348 2582
e 1348 3220
e 1348 3285
e 1348 3423
e 1348 5467
e 1348 7142
e 1349 1350
e 1349 1357
e 1349 1360
e 1349 2273
e 1349 3570
e 1349 7145
e 1350 1359
e 1350 2273
e 1350 4580
e 1350 5815
e 1350 5849
e 1351 1357
e 1351 1373
e 1351 3842
e 1352 1867
e 1352 1944
e 1352 2047
e 1352 2161
e 1352 2452
e 1352 2684
e 1352 3799
e 1352 4004
e 1352 4710
e 1352 6853
e 1353 1425
e 1353 1435
e 1353 1695
e 1353 1805
e 1353 2276
e 1353 2414
e 1353 2676
e 1353 2680
e 1355 1357
e 1355 1360
e 1355 1847
e 1355 1857
e 1355 3000
e 1355 3001
e 1356 2681
e 1356 7502
e 1357 1361
e 1357 1615
e 1357 2062
e 1357 2154
e 1357 2273
e 1357 2434
e 1357 2488
e 1357 3401
e 1357 3402
e 1357 3489
e 1357 3612
e 1357 3802
e 1357 3803
e 1357 4321
e 1357 4638
e 1357 4712
e 1357 4986
e 1357 5037
e 1357 5799
e 1357 5816
e 1357 5957
e 1357 6809
e 1357 7724
e 1357 7725
e 1357 7726
e 1358 2221
e 1360 1685
e 1360 1831
e 1360 7848
e 1361 1858
e 1361 7020
e 1361 7899
e 1361 7900
e 1361 7901
e 1361 7902
e 1362 1412
e 1362 6375
e 1362 7544
e 1362 8063
e 1362 8064
e 1366 2273
e 1366 2548
e 1366 2549
e 1367 2571
e 1367 6489
e 1368 1369
e 1368 1373
e 1368 1375
e 1368 1529
e 1368 1723
e 1368 2716
e 1368 2951
e 1368 2955
e 1368 2959
e 1368 2963
e 1368 2965
e 1368 2978
e 1368 2985
e 1368 3069
e 1368 3329
e 1368 3346
e 1368 3659
e 1368 6298
e 1368 7322
e 1368 8309
e 1368 8310
e 1368 8311
e 1368 8312
e 1369 1860
e 1369 1887
e 1369 2080
e 1369 2273
e 1369 2298
e 1369 2433
e 1369 2951
e 1369 5097
e 1370 1859
e 1370 1860
e 1370 1861
e 1370 1872
e 1370 1880
e 1370 2198
e 1370 4565
e 1370 6707
e 1370 6877
e 1371 4784
e 1371 7131
e 1371 8462
e 1372 1841
e 1372 4784
e 1372 4957
e 1372 5109
e 1372 5654
e 1372 6613
e 1372 7078
e 1372 7989
e 1372 8195
e 1373 1836
e 1373 2549
e 1373 4528
e 1373 4683
e 1373 8239
e 1374 2273
e 1375 1565
e 1375 1836
e 1375 2433
e 1375 4528
e 1375 4683
e 1376 4604
e 1376 4777
e 1376 7834
e 1378 9070
e 1378 9071
e 1379 6589
e 1381 1396
e 1381 1397
e 1381 1686
e 1381 1715
e 1381 1747
e 1381 1748
e 1381 2596
e 1382 2467
e 1382 2575
e 1382 2629
e 1382 2725
e 1382 2860
e 1382 3116
e 1382 3323
e 1382 3421
e 1382 3422
e 1382 3423
e 1382 3424
e 1382 3425
e 1382 3426
e 1382 3427
e 1382 3428
e 1383 1512
e 1383 1530
e 1383 1572
e 1383 1615
e 1383 1710
e 1383 1729
e 1383 1827
e 1383 1828
e 1383 1835
e 1383 1836
e 1383 1838
e 1383 1840
e 1383 1842
e 1383 1844
e 1383 1849
e 1383 1850
e 1383 1855
e 1383 1859
e 1383 1860
e 1383 1861
e 1383 1870
e 1383 1871
e 1383 1872
e 1383 1881
e 1383 2566
e 1383 2684
e 1383 2836
e 1383 3024
e 1383 4148
e 1383 4149
e 1383 4150
e 1384 1410
e 1384 1528
e 1384 1695
e 1384 2270
e 1384 2478
e 1384 2596
e 1384 3320
e 1384 4165
e 1384 6137
e 1384 6138
e 1385 2218
e 1385 2221
e 1385 2222
e 1385 2224
e 1385 2225
e 1385 3282
e 1385 3392
e 1386 1828
e 1386 2276
e 1386 3403
e 1386 3448
e 1386 5920
e 1386 6781
e 1387 1395
e 1387 6782
e 1387 6783
e 1387 6784
e 1388 1615
e 1388 1729
e 1388 1823
e 1388 1842
e 1388 1848
e 1388 1851
e 1388 1855
e 1388 1859
e 1388 1860
e 1388 1861
e 1388 1872
e 1388 1880
e 1388 2836
e 1388 2901
e 1388 3291
e 1388 3898
e 1388 4072
e 1388 4076
e 1388 5098
e 1388 6836
e 1388 6837
e 1388 6838
e 1389 1720
e 1389 1754
e 1389 2272
e 1389 3011
e 1389 3393
e 1389 3401
e 1389 5130
e 1389 5672
e 1390 4163
e 1390 7141
e 1392 1725
e 1392 4073
e 1392 4076
e 1392 7004
e 1392 7841
e 1392 7842
e 1393 1529
e 1393 4239
e 1393 4240
e 1393 6432
e 1393 7962
e 1393 7963
e 1394 1412
e 1394 2221
e 1394 2224
e 1394 2225
e 1394 2273
e 1394 3186
e 1395 1399
e 1395 1412
e 1395 2270
e 1395 2573
e 1395 2580
e 1395 6783
e 1395 6784
e 1396 1526
e 1396 6680
e 1397 1715
e 1397 3320
e 1397 5798
e 1398 1430
e 1398 2858
e 1398 3030
e 1398 3033
e 1398 5069
e 1399 1605
e 1399 3574
e 1400 2490
e 1401 1446
e 1401 1702
e 1401 1927
e 1401 2488
e 1401 3922
e 1401 4214
e 1401 4507
e 1401 6605
e 1401 7725
e 1404 1405
e 1404 8693
e 1405 1407
e 1408 1570
e 1409 1412
e 1409 1572
e 1409 1700
e 1409 1744
e 1409 1746
e 1409 1748
e 1409 1752
e 1409 1753
e 1409 1756
e 1409 1758
e 1409 1763
e 1409 1764
e 1409 1765
e 1409 1768
e 1409 1769
e 1409 1774
e 1409 1776
e 1409 1777
e 1409 1948
e 1409 1990
e 1409 2046
e 1409 2233
e 1409 2234
e 1409 2235
e 1409 2236
e 1409 2237
e 1409 2238
e 1409 2239
e 1409 2240
e 1409 2241
e 1409 2242
e 1410 1417
e 1410 1427
e 1410 1573
e 1410 1766
e 1410 2318
e 1410 4446
e 1410 4457
e 1410 4458
e 1410 4459
e 1410 4460
e 1411 2044
e 1411 4271
e 1411 5047
e 1411 5048
e 1412 1423
e 1412 1505
e 1412 1695
e 1412 1711
e 1412 1754
e 1412 1764
e 1412 2057
e 1412 2272
e 1412 2282
e 1412 3016
e 1412 3047
e 1412 4915
e 1412 5698
e 1412 5699
e 1413 1414
e 1413 1415
e 1413 1416
e 1413 1429
e 1413 1439
e 1413 1455
e 1413 3046
e 1413 5072
e 1413 5726
e 1414 1418
e 1414 1439
e 1414 1455
e 1414 1460
e 1414 1461
e 1414 1476
e 1414 1577
e 1414 1748
e 1414 2483
e 1414 2566
e 1414 2678
e 1414 3013
e 1414 4495
e 1414 5823
e 1414 5854
e 1414 5855
e 1414 5856
e 1415 2280
e 1415 5857
e 1416 1418
e 1416 1426
e 1416 1455
e 1416 1460
e 1416 1471
e 1416 1577
e 1416 1583
e 1416 1748
e 1416 2048
e 1416 2280
e 1416 2337
e 1416 2566
e 1416 2678
e 1416 3363
e 1416 3520
e 1416 4169
e 1416 4495
e 1416 5823
e 1417 1427
e 1417 1685
e 1417 1686
e 1417 1687
e 1417 1747
e 1417 1822
e 1417 1947
e 1417 1953
e 1417 1954
e 1417 1956
e 1417 1961
e 1417 1962
e 1417 1963
e 1417 1968
e 1417 1970
e 1417 1976
e 1417 1979
e 1417 1989
e 1417 2101
e 1417 2135
e 1417 2147
e 1417 2163
e 1417 2164
e 1417 2205
e 1417 2244
e 1417 2306
e 1417 2714
e 1417 6166
e 1417 6167
e 1418 1565
e 1418 1566
e 1418 1612
e 1418 1657
e 1418 1724
e 1418 1750
e 1418 1852
e 1418 1973
e 1418 2047
e 1418 2093
e 1418 2143
e 1418 2146
e 1418 2337
e 1418 2345
e 1418 2550
e 1418 2644
e 1418 2649
e 1418 2660
e 1418 2781
e 1418 2841
e 1418 2850
e 1418 2929
e 1418 3245
e 1418 3559
e 1418 3786
e 1418 3787
e 1418 3793
e 1418 3801
e 1418 3809
e 1418 3814
e 1418 3924
e 1418 3971
e 1418 4356
e 1418 4359
e 1418 4411
e 1418 4637
e 1418 4644
e 1418 5367
e 1418 5404
e 1418 5409
e 1418 5628
e 1418 5907
e 1418 6142
e 1418 6299
e 1419 1423
e 1419 1466
e 1419 3282
e 1419 5193
e 1419 5498
e 1419 6547
e 1420 1449
e 1420 3106
e 1420 3301
e 1420 4215
e 1420 4773
e 1420 6722
e 1421 1430
e 1421 1436
e 1421 1458
e 1421 1468
e 1421 1573
e 1421 2859
e 1421 4041
e 1421 4494
e 1421 6330
e 1421 6824
e 1422 1598
e 1422 3047
e 1423 1466
e 1423 1529
e 1423 1606
e 1423 1610
e 1423 1739
e 1423 1780
e 1423 5628
e 1423 5907
e 1423 6013
e 1423 6027
e 1423 6547
e 1423 6691
e 1423 7079
e 1424 1430
e 1424 1494
e 1424 1720
e 1424 7023
e 1425 1454
e 1425 1587
e 1425 1595
e 1425 1596
e 1425 1597
e 1425 1612
e 1425 1796
e 1425 1798
e 1425 2058
e 1425 2064
e 1425 2993
e 1425 4960
e 1425 5700
e 1425 7075
e 1425 7076
e 1425 7189
e 1426 1592
e 1426 1702
e 1426 1920
e 1426 2707
e 1426 2785
e 1426 3306
e 1426 3397
e 1426 3635
e 1426 4666
e 1426 5883
e 1426 6361
e 1426 6501
e 1426 6502
e 1426 6504
e 1426 6621
e 1426 6984
e 1426 7249
e 1426 7250
e 1427 1686
e 1427 1687
e 1427 1947
e 1427 1948
e 1427 1956
e 1427 1962
e 1427 1963
e 1427 1965
e 1427 1970
e 1427 1971
e 1427 1976
e 1427 1979
e 1427 1984
e 1427 1989
e 1427 2101
e 1427 2147
e 1427 2163
e 1427 2164
e 1427 2205
e 1427 2244
e 1427 2306
e 1428 5047
e 1428 5048
e 1428 5787
e 1429 1466
e 1429 1975
e 1429 2220
e 1429 2224
e 1429 2225
e 1429 2464
e 1429 2706
e 1429 3480
e 1429 3575
e 1429 4729
e 1430 1436
e 1430 2949
e 1430 4041
e 1430 5053
e 1432 1592
e 1432 1598
e 1432 3282
e 1433 1598
e 1434 6797
e 1436 3407
e 1436 4166
e 1438 1599
e 1439 1520
e 1439 1577
e 1440 1977
e 1440 2219
e 1440 2573
e 1441 2050
e 1442 1711
e 1443 1776
e 1443 2276
e 1443 6913
e 1444 2336
e 1445 8656
e 1447 8792
e 1448 4625
e 1448 6915
e 1449 3106
e 1449 3301
e 1449 6722
e 1449 6826
e 1450 1451
e 1450 1582
e 1450 1610
e 1450 1681
e 1450 1682
e 1450 1683
e 1450 1684
e 1451 1452
e 1451 1470
e 1451 1473
e 1451 1587
e 1451 1610
e 1451 1620
e 1451 1682
e 1451 1683
e 1451 1688
e 1451 1690
e 1451 1702
e 1451 1719
e 1451 1735
e 1451 1780
e 1451 1787
e 1451 1788
e 1451 1789
e 1451 1790
e 1451 1791
e 1451 1792
e 1451 1793
e 1451 1794
e 1451 1795
e 1451 1796
e 1451 1797
e 1451 1798
e 1451 1799
e 1451 1800
e 1451 1801
e 1451 1802
e 1451 1803
e 1451 1804
e 1451 1805
e 1451 1806
e 1451 1807
e 1451 1808
e 1451 1809
e 1451 1810
e 1451 1811
e 1451 1812
e 1451 1813
e 1451 1814
e 1451 1815
e 1451 1816
e 1451 1817
e 1451 1818
e 1451 1819
e 1451 1820
e 1451 1821
e 1452 1582
e 1452 1682
e 1452 1683
e 1452 1787
e 1452 1788
e 1452 2988
e 1453 2708
e 1453 3117
e 1454 1595
e 1454 1598
e 1454 1655
e 1454 2270
e 1454 2483
e 1454 2491
e 1454 2575
e 1455 1652
e 1455 3199
e 1455 3200
e 1455 3201
e 1455 4416
e 1456 1477
e 1456 1621
e 1456 1647
e 1456 1665
e 1456 1671
e 1456 1740
e 1456 1757
e 1456 1862
e 1456 1922
e 1456 1925
e 1456 1934
e 1456 2022
e 1456 2281
e 1456 2698
e 1456 3058
e 1456 3134
e 1456 3278
e 1456 3566
e 1456 3740
e 1456 4379
e 1456 4783
e 1456 4814
e 1456 4849
e 1456 4954
e 1456 5053
e 1456 5522
e 1456 5539
e 1456 5665
e 1456 5948
e 1456 6041
e 1456 6048
e 1456 6054
e 1456 6181
e 1456 6182
e 1456 6183
e 1456 6184
e 1456 6185
e 1456 6186
e 1456 6187
e 1456 6188
e 1456 6189
e 1456 6190
e 1456 6191
e 1456 6192
e 1457 1488
e 1457 1489
e 1457 1490
e 1457 1491
e 1457 1494
e 1457 5021
e 1457 5024
e 1458 1482
e 1458 1610
e 1458 1696
e 1458 1712
e 1458 1754
e 1458 1996
e 1458 2047
e 1458 2221
e 1458 2461
e 1458 3019
e 1458 3020
e 1458 3021
e 1458 5710
e 1458 6286
e 1460 1606
e 1460 2716
e 1460 2959
e 1460 6547
e 1461 3300
e 1461 3434
e 1461 4507
e 1461 7146
e 1462 1463
e 1462 1498
e 1462 1574
e 1462 7199
e 1463 1498
e 1463 1574
e 1463 1577
e 1463 6373
e 1463 7199
e 1463 7200
e 1464 1469
e 1464 1584
e 1464 1715
e 1464 2379
e 1464 3493
e 1464 3566
e 1464 6358
e 1464 7237
e 1465 1673
e 1465 3049
e 1465 5974
e 1465 7091
e 1467 1513
e 1467 1531
e 1467 1751
e 1467 1822
e 1467 1835
e 1467 1939
e 1467 2047
e 1467 2122
e 1467 2343
e 1467 2526
e 1467 2598
e 1467 2638
e 1467 3578
e 1467 3780
e 1467 3818
e 1467 3930
e 1467 4633
e 1467 5033
e 1467 5939
e 1467 5940
e 1467 6385
e 1467 7312
e 1467 7604
e 1468 2437
e 1468 3864
e 1468 5081
e 1468 6624
e 1468 7713
e 1469 1476
e 1469 1832
e 1469 2022
e 1469 2025
e 1469 2597
e 1469 2931
e 1469 3469
e 1469 3475
e 1469 4889
e 1469 6139
e 1469 6905
e 1469 8034
e 1469 8035
e 1469 8036
e 1469 8037
e 1469 8038
e 1470 1473
e 1470 1703
e 1470 1710
e 1470 2988
e 1470 3274
e 1470 8043
e 1470 8044
e 1470 8045
e 1472 2423
e 1472 2575
e 1473 2988
e 1473 5509
e 1473 8043
e 1473 8044
e 1474 1477
e 1474 3463
e 1474 3975
e 1474 6374
e 1476 2012
e 1476 2851
e 1476 4502
e 1476 5888
e 1477 1899
e 1477 2112
e 1477 2698
e 1477 2859
e 1477 2862
e 1477 6083
e 1477 6374
e 1478 1715
e 1479 1645
e 1479 2046
e 1479 2716
e 1479 8058
e 1479 8479
e 1480 1606
e 1480 3218
e 1480 8512
e 1482 7349
e 1483 1489
e 1483 1672
e 1485 1565
e 1485 1875
e 1485 2337
e 1485 6423
e 1485 7087
e 1485 7509
e 1485 8634
e 1485 8635
e 1486 4804
e 1486 5016
e 1486 5465
e 1486 6261
e 1486 7275
e 1488 1489
e 1488 1490
e 1488 1491
e 1488 7180
e 1488 8672
e 1489 1490
e 1489 1491
e 1489 4882
e 1490 1491
e 1492 2963
e 1492 6373
e 1493 1506
e 1493 4362
e 1493 8788
e 1494 6301
e 1494 6954
e 1494 8692
e 1495 1919
e 1498 7551
e 1498 7880
e 1501 3038
e 1502 5530
e 1503 1583
e 1504 4157
e 1505 1522
e 1505 1525
e 1505 1526
e 1505 1553
e 1505 1555
e 1505 1556
e 1505 1557
e 1505 1560
e 1505 1561
e 1506 1508
e 1506 1921
e 1506 2584
e 1506 7375
e 1507 1929
e 1507 2277
e 1507 2664
e 1507 3922
e 1507 4505
e 1507 6441
e 1507 6714
e 1507 7654
e 1507 7655
e 1507 7656
e 1508 2227
e 1508 2591
e 1508 3685
e 1508 5677
e 1508 8320
e 1509 1513
e 1509 2207
e 1509 2526
e 1509 2637
e 1509 2660
e 1509 3145
e 1509 3355
e 1509 3489
e 1509 3574
e 1509 4145
e 1509 5175
e 1509 5176
e 1510 1917
e 1510 1958
e 1510 2041
e 1510 5609
e 1511 2433
e 1511 2475
e 1511 2520
e 1511 4708
e 1511 4761
e 1512 1646
e 1512 1684
e 1512 1685
e 1512 1686
e 1512 1693
e 1512 1753
e 1512 1834
e 1512 1855
e 1512 1984
e 1512 2067
e 1512 2078
e 1512 2179
e 1512 2370
e 1512 2375
e 1512 2527
e 1512 4086
e 1512 4376
e 1512 4529
e 1512 5091
e 1512 5093
e 1512 5291
e 1512 5425
e 1512 5949
e 1512 5950
e 1512 5951
e 1513 1673
e 1513 1747
e 1513 1751
e 1513 1851
e 1513 1984
e 1513 2078
e 1513 2421
e 1513 2526
e 1513 2527
e 1513 2872
e 1513 3322
e 1513 3355
e 1513 3574
e 1513 4154
e 1513 6486
e 1513 6487
e 1513 6488
e 1514 6707
e 1515 1615
e 1515 1647
e 1515 1747
e 1515 1773
e 1515 1959
e 1515 2298
e 1515 2433
e 1515 2434
e 1515 2517
e 1515 2526
e 1515 2645
e 1515 2670
e 1515 2671
e 1515 4471
e 1515 4711
e 1515 5669
e 1515 5670
e 1515 5678
e 1515 5679
e 1515 5680
e 1515 7002
e 1515 7003
e 1515 7004
e 1517 1979
e 1519 1731
e 1519 1951
e 1519 2524
e 1519 4955
e 1519 6894
e 1520 2959
e 1520 8550
e 1521 1578
e 1521 4154
e 1522 2488
e 1522 3013
e 1522 7370
e 1523 3380
e 1523 8779
e 1524 2504
e 1525 2575
e 1525 2965
e 1525 3474
e 1525 8911
e 1526 1571
e 1526 2484
e 1526 2570
e 1526 2587
e 1526 3340
e 1526 5486
e 1526 6644
e 1526 6715
e 1526 7255
e 1526 7630
e 1526 7761
e 1526 8935
e 1526 8936
e 1527 2077
e 1527 4147
e 1527 4782
e 1527 5319
e 1527 6686
e 1527 9223
e 1528 2236
e 1528 2354
e 1528 2678
e 1528 3320
e 1528 5271
e 1528 5708
e 1529 2679
e 1529 3242
e 1529 3990
e 1529 5444
e 1529 6642
e 1529 7226
e 1530 1700
e 1530 1973
e 1530 2120
e 1530 2168
e 1530 2247
e 1530 2289
e 1530 2365
e 1530 2804
e 1530 3474
e 1530 3687
e 1530 3840
e 1530 4176
e 1530 4583
e 1530 5032
e 1530 5284
e 1530 5444
e 1530 5446
e 1530 5447
e 1530 5448
e 1530 6642
e 1530 7387
e 1530 7838
e 1530 7839
e 1530 7840
e 1531 2102
e 1531 2180
e 1531 2439
e 1531 2546
e 1531 2697
e 1531 2843
e 1531 2845
e 1531 2952
e 1531 3895
e 1531 3906
e 1531 4234
e 1531 5027
e 1531 6811
e 1531 8328
e 1532 3620
e 1532 8599
e 1535 1724
e 1535 1735
e 1535 1799
e 1535 1843
e 1535 1996
e 1535 2223
e 1535 3202
e 1535 3303
e 1535 4215
e 1535 4362
e 1535 5838
e 1535 5840
e 1535 5892
e 1535 5893
e 1536 3261
e 1536 7156
e 1537 2959
e 1537 3505
e 1537 4349
e 1537 5089
e 1539 2883
e 1540 2888
e 1540 7021
e 1542 5203
e 1544 1993
e 1544 2350
e 1544 2390
e 1544 2677
e 1544 2867
e 1544 3433
e 1544 4266
e 1544 5424
e 1544 5498
e 1544 5499
e 1544 5500
e 1544 5501
e 1545 1845
e 1545 1889
e 1545 2870
e 1545 3317
e 1545 3387
e 1545 3446
e 1545 3450
e 1545 4529
e 1545 5616
e 1545 6145
e 1545 6931
e 1546 2047
e 1546 2276
e 1546 2464
e 1546 3566
e 1546 7922
e 1546 7923
e 1547 1570
e 1547 2433
e 1547 3687
e 1547 5098
e 1547 5685
e 1547 6091
e 1547 7062
e 1547 8055
e 1548 8146
e 1549 1920
e 1549 3062
e 1549 3375
e 1549 6057
e 1549 7135
e 1550 2605
e 1551 2756
e 1552 1944
e 1553 1719
e 1553 1724
e 1553 1735
e 1553 1737
e 1553 1995
e 1555 1610
e 1555 1785
e 1555 1996
e 1555 7179
e 1556 3432
e 1556 7200
e 1556 7689
e 1557 4672
e 1558 5118
e 1558 6661
e 1558 6953
e 1558 8496
e 1560 1561
e 1560 2920
e 1561 5665
e 1562 1643
e 1563 1827
e 1563 2338
e 1564 2456
e 1564 3534
e 1564 4392
e 1564 4737
e 1564 4824
e 1564 4825
e 1565 1657
e 1565 1973
e 1565 2046
e 1565 2047
e 1565 2048
e 1565 2067
e 1565 2076
e 1565 2433
e 1565 2554
e 1565 2781
e 1565 3355
e 1565 4408
e 1565 4668
e 1565 4708
e 1565 5153
e 1565 5154
e 1565 5155
e 1565 5156
e 1565 5157
e 1566 1892
e 1566 1896
e 1566 1902
e 1566 1907
e 1566 1908
e 1566 1918
e 1566 2784
e 1566 2866
e 1566 2887
e 1566 2918
e 1566 3101
e 1566 3139
e 1566 3168
e 1566 3379
e 1566 3571
e 1566 3746
e 1566 3897
e 1566 4223
e 1566 4251
e 1566 4299
e 1566 4487
e 1566 4602
e 1566 5623
e 1566 5745
e 1566 5746
e 1566 5747
e 1566 5748
e 1566 5749
e 1567 1615
e 1567 1616
e 1567 1719
e 1568 2142
e 1568 5213
e 1568 5222
e 1569 2088
e 1569 3218
e 1569 6884
e 1569 7081
e 1570 1725
e 1570 2079
e 1570 2319
e 1570 3130
e 1570 3188
e 1570 3310
e 1570 3548
e 1570 3912
e 1570 4012
e 1570 4386
e 1570 4432
e 1570 5281
e 1570 5673
e 1570 5854
e 1570 7012
e 1570 7037
e 1570 7459
e 1570 7460
e 1570 7461
e 1570 7462
e 1570 7463
e 1570 7464
e 1570 7465
e 1570 7466
e 1570 7467
e 1570 7468
e 1571 1607
e 1571 2875
e 1571 5628
e 1571 6533
e 1571 7761
e 1572 1753
e 1572 1834
e 1572 1838
e 1572 1855
e 1572 1867
e 1572 2047
e 1572 2078
e 1572 2526
e 1572 3024
e 1572 4158
e 1572 4160
e 1573 1622
e 1573 1802
e 1573 2053
e 1573 2086
e 1573 2277
e 1573 2674
e 1573 4859
e 1573 5737
e 1573 6628
e 1573 6629
e 1574 1577
e 1574 1578
e 1574 1804
e 1574 1997
e 1574 2698
e 1574 5529
e 1574 6152
e 1574 6160
e 1574 6183
e 1574 6825
e 1574 7201
e 1574 7202
e 1575 1766
e 1575 1772
e 1575 2272
e 1575 3011
e 1575 3407
e 1575 5130
e 1575 5705
e 1575 7195
e 1576 1579
e 1576 1754
e 1576 1772
e 1576 3048
e 1576 3394
e 1576 3398
e 1576 3822
e 1576 5711
e 1576 5712
e 1576 6819
e 1576 6821
e 1577 1578
e 1577 1637
e 1577 1804
e 1577 2698
e 1577 3048
e 1577 3807
e 1577 5048
e 1577 5206
e 1577 5647
e 1577 6160
e 1577 6828
e 1577 7202
e 1577 7640
e 1577 8014
e 1577 8015
e 1577 8016
e 1578 1997
e 1578 2698
e 1578 3048
e 1578 3176
e 1578 3807
e 1578 5647
e 1578 7202
e 1578 7640
e 1578 8015
e 1579 1598
e 1579 1754
e 1579 1772
e 1579 3048
e 1579 3394
e 1579 3398
e 1579 5711
e 1579 5712
e 1579 5718
e 1579 6819
e 1579 6821
e 1582 1883
e 1582 1884
e 1583 1587
e 1583 1608
e 1583 1654
e 1583 1757
e 1583 1789
e 1583 1922
e 1583 2006
e 1583 2257
e 1583 2423
e 1583 2664
e 1583 2764
e 1583 2785
e 1583 2851
e 1583 3134
e 1583 3586
e 1583 4412
e 1583 4661
e 1583 4961
e 1583 5139
e 1583 5252
e 1583 5310
e 1583 5881
e 1583 6005
e 1583 6041
e 1583 6042
e 1583 6043
e 1583 6044
e 1583 6045
e 1583 6048
e 1583 6050
e 1583 6053
e 1583 6054
e 1583 6528
e 1583 6553
e 1583 6554
e 1583 6555
e 1583 6556
e 1583 6557
e 1583 6558
e 1583 6559
e 1583 6560
e 1583 6561
e 1583 6562
e 1583 6563
e 1583 6564
e 1583 6565
e 1583 6566
e 1584 2379
e 1585 2160
e 1585 6726
e 1586 3961
e 1586 5089
e 1587 1690
e 1587 1719
e 1587 1796
e 1587 1899
e 1587 2416
e 1587 2417
e 1587 2423
e 1587 2488
e 1587 3374
e 1587 4061
e 1587 4503
e 1587 6333
e 1587 6797
e 1587 6798
e 1588 2725
e 1588 3019
e 1588 4955
e 1588 6808
e 1588 6812
e 1588 6813
e 1589 2525
e 1590 1730
e 1590 7097
e 1591 1636
e 1591 1970
e 1591 2047
e 1591 2888
e 1591 2958
e 1591 4645
e 1591 4875
e 1592 1595
e 1592 1598
e 1592 1672
e 1592 2676
e 1592 2680
e 1592 6250
e 1593 5902
e 1594 2270
e 1594 2414
e 1595 3507
e 1598 1599
e 1598 1612
e 1598 5701
e 1600 2989
e 1600 4804
e 1600 5846
e 1601 2677
e 1603 1741
e 1603 1779
e 1603 1926
e 1603 1970
e 1603 2031
e 1603 2307
e 1603 2534
e 1603 2609
e 1603 2660
e 1603 2860
e 1603 2880
e 1603 2906
e 1603 3395
e 1603 3424
e 1603 3427
e 1603 3899
e 1603 3957
e 1603 3961
e 1603 3962
e 1603 3963
e 1603 3968
e 1603 3974
e 1603 3983
e 1603 3993
e 1603 4012
e 1603 4013
e 1603 4018
e 1603 4112
e 1603 4216
e 1603 4603
e 1603 4650
e 1603 4709
e 1603 4728
e 1603 4739
e 1603 5078
e 1603 5193
e 1603 5230
e 1603 5363
e 1603 5365
e 1603 5367
e 1603 5368
e 1603 5369
e 1603 5370
e 1603 5373
e 1603 5375
e 1603 5386
e 1603 5662
e 1603 6105
e 1603 6177
e 1603 6178
e 1603 6213
e 1603 6219
e 1603 6221
e 1603 6224
e 1603 6225
e 1603 6528
e 1603 6529
e 1603 6530
e 1603 6531
e 1603 6532
e 1603 6533
e 1603 6534
e 1603 6535
e 1603 6536
e 1604 1719
e 1604 2695
e 1604 2767
e 1604 3062
e 1604 3103
e 1604 3306
e 1604 3635
e 1604 4808
e 1604 5135
e 1604 5193
e 1604 5512
e 1604 6501
e 1604 6617
e 1604 6630
e 1606 1791
e 1606 1824
e 1606 1920
e 1606 1951
e 1606 1955
e 1606 1977
e 1606 2675
e 1606 2962
e 1606 3474
e 1606 3965
e 1606 4379
e 1606 4812
e 1606 4953
e 1606 5144
e 1606 5728
e 1606 6181
e 1606 6505
e 1606 6507
e 1606 6691
e 1606 6866
e 1606 6867
e 1606 6868
e 1606 6869
e 1607 2270
e 1607 2484
e 1607 2570
e 1607 6644
e 1607 7255
e 1607 7630
e 1608 1623
e 1608 1749
e 1608 2416
e 1608 2421
e 1608 2789
e 1608 2829
e 1608 3374
e 1608 4229
e 1608 5227
e 1608 6935
e 1608 8129
e 1609 2372
e 1609 2488
e 1609 2522
e 1609 3432
e 1609 6294
e 1609 6295
e 1609 6296
e 1609 6331
e 1610 1719
e 1610 1724
e 1610 1733
e 1610 1754
e 1610 1755
e 1610 1779
e 1610 1780
e 1610 1781
e 1610 1782
e 1610 1783
e 1610 1784
e 1610 1785
e 1610 1786
e 1611 3396
e 1611 5249
e 1611 6384
e 1611 6385
e 1612 2065
e 1612 2337
e 1612 6074
e 1613 8794
e 1615 1685
e 1615 1747
e 1615 1753
e 1615 1827
e 1615 2047
e 1615 2072
e 1615 2143
e 1615 2159
e 1615 2248
e 1615 2250
e 1615 2308
e 1615 2337
e 1615 2354
e 1615 2356
e 1615 2378
e 1615 2391
e 1615 2395
e 1615 2398
e 1615 2405
e 1615 2433
e 1615 2526
e 1615 2617
e 1615 2618
e 1615 2631
e 1615 2799
e 1615 3261
e 1615 3262
e 1615 3319
e 1615 3556
e 1615 4112
e 1615 4113
e 1615 4114
e 1615 4115
e 1616 1828
e 1616 3348
e 1616 3474
e 1616 6545
e 1617 2022
e 1617 3012
e 1617 3323
e 1617 3735
e 1617 3812
e 1617 4028
e 1617 5086
e 1617 5482
e 1617 5931
e 1617 6042
e 1617 6686
e 1617 7331
e 1617 7411
e 1617 7732
e 1617 8607
e 1617 8918
e 1617 8919
e 1619 1723
e 1619 1885
e 1619 1887
e 1619 1891
e 1619 1897
e 1619 1899
e 1619 1907
e 1619 2226
e 1619 2310
e 1619 2704
e 1619 2767
e 1619 2957
e 1619 3232
e 1619 3276
e 1619 3642
e 1619 3829
e 1619 4293
e 1619 4392
e 1619 5362
e 1619 5432
e 1619 5750
e 1619 5751
e 1619 5752
e 1619 5753
e 1619 5754
e 1619 5755
e 1619 5756
e 1619 5757
e 1619 5758
e 1619 5759
e 1619 5760
e 1620 1792
e 1620 2988
e 1620 7258
e 1620 7999
e 1621 1745
e 1621 1878
e 1621 3103
e 1621 3145
e 1621 8057
e 1622 1975
e 1622 2875
e 1622 7487
e 1623 2503
e 1623 5989
e 1623 7365
e 1623 8824
e 1623 8825
e 1623 8826
e 1623 8827
e 1624 1709
e 1624 1777
e 1624 1996
e 1624 3567
e 1624 6376
e 1625 3835
e 1625 3922
e 1625 6094
e 1625 6883
e 1625 7209
e 1626 2532
e 1626 6883
e 1626 7892
e 1627 8066
e 1629 2371
e 1629 3027
e 1629 3437
e 1629 3469
e 1629 4916
e 1629 8066
e 1630 8066
e 1630 8207
e 1631 3334
e 1633 2642
e 1633 4402
e 1634 2113
e 1634 2532
e 1634 2683
e 1634 2686
e 1634 4365
e 1634 5000
e 1634 5001
e 1635 1684
e 1635 2101
e 1635 2342
e 1635 3493
e 1635 4063
e 1635 4653
e 1635 5038
e 1635 5039
e 1635 5205
e 1635 5279
e 1635 5298
e 1636 2777
e 1636 3489
e 1636 4602
e 1636 4653
e 1636 5305
e 1637 2079
e 1637 2383
e 1637 3503
e 1637 3678
e 1637 3740
e 1637 3835
e 1637 5021
e 1637 5859
e 1638 6388
e 1638 6391
e 1639 2819
e 1639 3267
e 1639 3274
e 1639 3330
e 1639 4888
e 1639 6393
e 1639 6394
e 1640 1749
e 1640 2012
e 1640 2421
e 1640 2423
e 1640 2804
e 1640 2952
e 1640 3687
e 1640 5445
e 1640 6882
e 1641 1858
e 1641 2385
e 1641 4161
e 1641 4703
e 1641 7001
e 1641 7109
e 1642 1842
e 1642 1899
e 1642 2012
e 1642 2416
e 1642 2763
e 1642 2842
e 1642 2893
e 1642 3498
e 1642 3972
e 1642 4208
e 1642 4832
e 1642 5803
e 1642 5804
e 1642 6944
e 1642 7040
e 1642 7117
e 1642 7118
e 1642 7119
e 1642 7120
e 1643 2012
e 1643 2417
e 1643 3376
e 1643 5629
e 1644 1921
e 1644 1924
e 1644 2075
e 1644 2421
e 1644 2785
e 1644 2906
e 1644 3110
e 1644 4507
e 1644 5481
e 1644 6056
e 1644 6057
e 1644 6060
e 1644 6502
e 1644 6913
e 1645 2523
e 1646 2112
e 1646 3976
e 1646 5672
e 1646 6242
e 1646 7540
e 1646 7541
e 1647 1959
e 1647 2517
e 1647 2645
e 1647 2669
e 1647 2813
e 1647 3474
e 1647 4808
e 1647 5109
e 1647 6380
e 1647 6827
e 1648 1949
e 1648 1955
e 1648 4585
e 1649 2012
e 1649 3030
e 1649 3423
e 1649 5479
e 1649 6041
e 1649 6139
e 1649 7324
e 1650 1807
e 1650 3639
e 1650 4077
e 1650 4998
e 1651 1951
e 1651 3108
e 1651 3488
e 1651 5307
e 1651 6053
e 1651 6085
e 1651 6987
e 1651 7255
e 1652 1697
e 1652 1777
e 1652 2005
e 1652 3620
e 1652 4802
e 1652 7885
e 1653 3469
e 1654 2860
e 1654 3970
e 1654 8456
e 1655 2417
e 1655 2480
e 1655 2906
e 1655 3476
e 1655 3974
e 1655 3980
e 1655 7283
e 1656 3780
e 1656 5916
e 1657 1727
e 1657 1753
e 1657 2078
e 1657 2245
e 1657 2337
e 1657 2433
e 1657 2600
e 1657 3377
e 1657 3826
e 1657 4113
e 1657 4180
e 1657 4964
e 1657 5689
e 1658 2716
e 1658 2959
e 1659 7686
e 1659 7722
e 1660 3224
e 1660 3656
e 1660 4063
e 1660 5381
e 1660 6009
e 1660 6676
e 1660 6875
e 1660 8924
e 1660 8925
e 1661 6834
e 1661 8110
e 1662 2959
e 1663 2860
e 1663 2868
e 1663 3442
e 1663 3962
e 1663 4732
e 1663 5073
e 1664 1687
e 1665 4645
e 1667 3385
e 1670 6001
e 1671 2112
e 1671 4147
e 1673 3437
e 1673 3454
e 1673 4019
e 1673 5089
e 1673 7026
e 1673 8383
e 1674 1675
e 1674 2382
e 1674 2860
e 1674 3438
e 1674 3439
e 1674 3913
e 1674 4085
e 1674 4729
e 1674 5081
e 1674 5230
e 1674 5403
e 1674 8425
e 1675 6523
e 1675 8441
e 1676 6139
e 1677 3323
e 1678 2505
e 1678 4551
e 1678 6571
e 1679 5771
e 1680 1736
e 1680 7713
e 1680 7714
e 1682 1814
e 1683 1725
e 1683 1787
e 1684 2949
e 1684 3116
e 1684 3132
e 1684 3754
e 1684 3896
e 1684 4286
e 1684 4313
e 1684 4474
e 1684 4497
e 1684 4558
e 1684 4925
e 1684 5002
e 1684 5146
e 1684 5559
e 1684 6059
e 1684 6187
e 1684 6953
e 1684 7338
e 1684 7339
e 1684 7340
e 1684 7341
e 1684 7342
e 1684 7343
e 1684 7344
e 1685 1747
e 1685 1947
e 1685 1950
e 1685 1952
e 1685 1953
e 1685 1954
e 1685 1955
e 1685 1956
e 1685 1960
e 1685 1962
e 1685 1965
e 1685 1968
e 1685 1969
e 1685 1970
e 1685 1971
e 1685 1973
e 1685 1974
e 1685 1976
e 1685 1978
e 1685 1979
e 1685 1981
e 1685 1983
e 1685 1984
e 1685 1988
e 1685 2047
e 1685 2104
e 1685 2110
e 1685 2115
e 1685 2132
e 1685 2133
e 1685 2134
e 1685 2135
e 1685 2143
e 1685 2144
e 1685 2145
e 1685 2146
e 1685 2147
e 1685 2148
e 1685 2149
e 1685 2150
e 1685 2151
e 1685 2152
e 1685 2153
e 1685 2154
e 1685 2155
e 1685 2156
e 1685 2157
e 1685 2158
e 1685 2159
e 1685 2160
e 1686 1697
e 1686 1750
e 1686 1762
e 1686 1832
e 1686 1952
e 1686 1954
e 1686 1956
e 1686 1957
e 1686 1960
e 1686 1963
e 1686 1965
e 1686 1966
e 1686 1968
e 1686 1969
e 1686 1970
e 1686 1971
e 1686 1973
e 1686 1974
e 1686 1977
e 1686 1982
e 1686 1983
e 1686 1984
e 1686 2011
e 1686 2045
e 1686 2047
e 1686 2101
e 1686 2115
e 1686 2133
e 1686 2134
e 1686 2143
e 1686 2144
e 1686 2145
e 1686 2146
e 1686 2147
e 1686 2149
e 1686 2150
e 1686 2151
e 1686 2152
e 1686 2154
e 1686 2156
e 1686 2157
e 1686 2158
e 1686 2159
e 1686 2161
e 1686 2162
e 1686 2163
e 1686 2164
e 1686 2165
e 1686 2166
e 1686 2167
e 1686 2168
e 1686 2169
e 1686 2170
e 1686 2171
e 1686 2172
e 1686 2173
e 1686 2174
e 1686 2175
e 1687 2689
e 1687 2690
e 1687 2691
e 1687 2692
e 1687 2693
e 1687 2694
e 1687 2695
e 1687 2696
e 1688 1791
e 1688 4152
e 1688 4677
e 1688 4712
e 1688 5505
e 1688 5506
e 1689 5410
e 1689 6110
e 1689 6111
e 1689 6112
e 1689 6113
e 1689 6114
e 1689 6115
e 1689 6116
e 1689 6117
e 1690 1719
e 1690 1724
e 1690 1783
e 1690 1796
e 1690 2275
e 1690 2781
e 1690 3245
e 1690 3565
e 1690 4084
e 1690 4525
e 1690 4969
e 1690 5893
e 1690 6119
e 1691 2348
e 1691 3266
e 1691 3437
e 1691 3620
e 1691 3806
e 1691 3924
e 1691 4101
e 1691 4529
e 1691 6009
e 1691 6143
e 1691 6144
e 1691 6145
e 1692 2034
e 1692 4580
e 1692 5815
e 1693 2475
e 1693 2523
e 1693 3688
e 1693 6146
e 1693 6147
e 1694 2768
e 1694 3027
e 1694 3924
e 1694 4150
e 1695 2596
e 1696 1714
e 1696 3568
e 1696 6142
e 1697 1850
e 1697 2088
e 1697 2093
e 1697 3685
e 1697 3976
e 1697 4270
e 1697 4272
e 1697 4966
e 1697 5402
e 1697 6116
e 1697 6143
e 1697 6162
e 1697 6163
e 1697 6164
e 1697 6165
e 1698 1699
e 1698 2574
e 1698 3406
e 1698 6168
e 1699 1703
e 1699 1716
e 1699 1792
e 1699 1996
e 1699 2574
e 1699 2588
e 1699 3467
e 1700 2912
e 1700 5977
e 1700 6359
e 1702 1926
e 1702 2625
e 1702 2707
e 1702 3306
e 1702 3397
e 1702 3590
e 1702 3803
e 1702 6360
e 1702 6361
e 1702 6362
e 1702 6363
e 1703 2172
e 1703 2402
e 1703 2781
e 1703 3078
e 1703 3182
e 1703 6366
e 1703 6367
e 1703 6368
e 1703 6369
e 1704 2941
e 1704 4362
e 1705 3687
e 1705 4502
e 1706 6375
e 1707 2089
e 1707 3392
e 1707 3409
e 1707 3416
e 1707 3420
e 1708 4182
e 1709 1753
e 1709 2523
e 1709 6146
e 1709 6150
e 1709 6376
e 1709 6377
e 1709 6378
e 1712 1719
e 1712 1724
e 1712 2781
e 1712 2984
e 1712 3352
e 1712 4970
e 1712 6793
e 1712 6794
e 1712 6795
e 1712 6796
e 1713 2692
e 1714 1775
e 1714 3218
e 1714 3435
e 1714 7365
e 1715 2585
e 1715 3022
e 1715 3023
e 1715 3060
e 1715 4155
e 1715 6649
e 1716 2574
e 1716 2588
e 1717 1777
e 1717 2529
e 1717 4836
e 1718 6915
e 1719 1728
e 1719 1738
e 1719 1739
e 1719 1780
e 1719 1795
e 1719 1796
e 1719 1797
e 1719 1798
e 1719 1993
e 1719 1994
e 1719 1995
e 1719 1996
e 1719 1997
e 1719 1998
e 1719 1999
e 1719 2000
e 1719 2001
e 1719 2002
e 1719 2003
e 1719 2004
e 1719 2005
e 1719 2006
e 1719 2007
e 1719 2008
e 1719 2009
e 1720 1792
e 1720 2272
e 1720 5224
e 1721 1995
e 1721 2781
e 1721 6698
e 1722 6699
e 1723 1885
e 1723 1887
e 1723 1891
e 1723 1897
e 1723 1899
e 1723 1907
e 1723 1930
e 1723 2063
e 1723 2120
e 1723 2488
e 1723 2547
e 1723 2620
e 1723 2704
e 1723 2921
e 1723 2922
e 1723 2926
e 1723 2928
e 1723 2929
e 1723 2930
e 1723 2932
e 1723 2933
e 1723 2938
e 1723 2940
e 1723 2951
e 1723 2956
e 1723 2957
e 1723 2966
e 1723 3061
e 1723 3066
e 1723 3068
e 1723 3087
e 1723 3089
e 1723 3099
e 1723 3659
e 1723 3842
e 1723 5763
e 1723 5764
e 1724 1739
e 1724 1972
e 1724 1995
e 1724 2241
e 1724 2337
e 1724 2345
e 1724 2522
e 1724 2626
e 1724 3019
e 1724 5524
e 1724 5529
e 1724 5838
e 1724 5839
e 1724 5840
e 1725 1996
e 1725 2759
e 1725 3966
e 1725 4177
e 1725 4393
e 1725 4605
e 1725 5581
e 1725 5934
e 1725 5935
e 1725 5936
e 1725 5937
e 1726 1840
e 1726 2002
e 1726 2006
e 1726 2135
e 1726 2862
e 1726 2901
e 1726 2956
e 1726 3075
e 1726 6427
e 1726 6428
e 1727 1753
e 1727 1767
e 1727 1780
e 1727 1995
e 1727 2080
e 1727 2082
e 1727 2092
e 1727 2093
e 1727 2095
e 1727 2096
e 1728 1731
e 1728 1732
e 1728 2420
e 1728 2524
e 1728 2639
e 1728 3019
e 1728 4970
e 1728 5892
e 1728 6535
e 1728 6789
e 1728 6790
e 1728 6799
e 1729 1835
e 1729 1860
e 1729 3062
e 1729 6828
e 1729 6829
e 1729 6877
e 1730 1780
e 1730 6879
e 1730 6880
e 1730 6881
e 1731 1732
e 1731 1755
e 1731 1780
e 1731 1781
e 1731 1795
e 1731 1925
e 1731 1951
e 1731 1998
e 1731 2418
e 1731 2419
e 1731 2420
e 1731 2480
e 1731 2524
e 1731 2698
e 1731 3019
e 1731 3394
e 1731 3423
e 1731 4625
e 1731 5892
e 1731 6789
e 1731 6790
e 1731 6793
e 1731 6799
e 1731 6891
e 1731 6892
e 1732 1738
e 1732 1780
e 1732 1781
e 1732 1795
e 1732 1999
e 1732 2004
e 1732 2420
e 1732 3278
e 1732 5676
e 1732 6128
e 1732 6261
e 1732 6313
e 1732 6895
e 1732 6896
e 1732 6897
e 1732 6898
e 1732 6899
e 1732 6900
e 1732 6901
e 1732 6902
e 1732 6903
e 1734 2012
e 1734 3385
e 1734 3396
e 1734 6083
e 1735 3276
e 1735 5701
e 1736 6994
e 1737 1738
e 1737 1781
e 1737 1795
e 1737 2419
e 1737 2420
e 1737 3019
e 1737 5892
e 1737 6789
e 1737 6790
e 1738 2419
e 1738 2524
e 1738 3019
e 1738 6790
e 1739 1755
e 1739 1779
e 1739 1780
e 1739 1782
e 1740 2538
e 1740 2708
e 1740 2772
e 1740 2841
e 1740 3077
e 1740 3103
e 1740 3385
e 1740 3625
e 1740 3774
e 1740 4194
e 1740 4271
e 1740 4287
e 1740 4312
e 1740 4463
e 1740 4540
e 1740 4845
e 1740 4934
e 1740 5007
e 1740 5043
e 1740 5746
e 1740 5990
e 1740 6011
e 1740 6359
e 1740 6753
e 1740 7204
e 1740 7669
e 1740 7670
e 1740 7671
e 1740 7672
e 1740 7673
e 1740 7674
e 1741 1832
e 1741 3283
e 1741 3471
e 1741 8125
e 1742 1780
e 1742 3388
e 1743 2127
e 1743 4888
e 1743 9194
e 1743 9241
e 1744 2558
e 1744 2559
e 1744 2560
e 1744 2561
e 1745 3158
e 1745 3626
e 1745 4406
e 1746 2558
e 1747 1822
e 1747 1832
e 1747 1858
e 1747 1946
e 1747 1953
e 1747 2065
e 1747 2101
e 1747 2115
e 1747 2150
e 1747 2156
e 1747 2215
e 1747 2280
e 1747 2294
e 1747 2342
e 1747 2376
e 1747 2509
e 1747 2517
e 1747 2518
e 1747 2555
e 1747 2658
e 1747 2670
e 1747 3206
e 1747 4153
e 1747 4492
e 1747 5290
e 1747 5291
e 1747 5292
e 1747 5293
e 1747 5294
e 1747 5295
e 1747 5296
e 1747 5297
e 1748 1753
e 1748 1756
e 1748 1758
e 1748 1763
e 1748 1764
e 1748 1765
e 1748 1774
e 1748 1776
e 1748 1777
e 1748 2270
e 1748 3015
e 1748 5309
e 1748 5695
e 1748 5696
e 1748 5697
e 1749 2123
e 1749 2804
e 1749 3542
e 1749 3647
e 1749 3906
e 1750 2048
e 1750 2163
e 1750 2245
e 1750 2337
e 1750 4282
e 1750 5963
e 1751 2526
e 1751 2859
e 1751 6606
e 1753 1767
e 1753 1776
e 1753 1858
e 1753 1963
e 1753 2080
e 1753 2081
e 1753 2143
e 1753 2337
e 1753 2356
e 1753 2623
e 1753 3814
e 1753 4107
e 1753 4413
e 1753 4759
e 1753 4760
e 1753 5091
e 1753 5896
e 1753 6728
e 1754 1772
e 1754 1794
e 1754 2698
e 1754 3048
e 1754 3398
e 1754 3507
e 1754 3822
e 1754 5130
e 1754 5711
e 1754 5712
e 1754 6367
e 1754 6819
e 1754 6820
e 1754 6821
e 1755 6911
e 1756 1763
e 1756 1765
e 1756 1774
e 1756 1776
e 1756 1996
e 1756 2236
e 1757 1899
e 1757 2079
e 1757 2416
e 1758 1951
e 1758 3025
e 1758 6544
e 1758 6799
e 1759 2385
e 1759 2667
e 1759 3364
e 1759 3741
e 1759 3743
e 1759 4311
e 1759 4342
e 1759 4376
e 1759 4996
e 1759 5346
e 1759 7260
e 1760 1792
e 1760 2522
e 1760 2875
e 1760 4195
e 1760 7650
e 1760 7651
e 1760 7652
e 1761 7360
e 1762 1993
e 1762 2093
e 1762 2402
e 1762 3244
e 1763 2338
e 1763 2668
e 1763 3072
e 1763 3303
e 1763 4215
e 1764 2047
e 1764 3966
e 1764 6748
e 1766 2289
e 1766 2423
e 1766 3681
e 1766 3965
e 1766 4147
e 1766 4169
e 1766 4557
e 1766 5728
e 1766 6867
e 1766 6868
e 1766 6869
e 1766 8065
e 1767 2637
e 1767 2717
e 1767 2718
e 1767 2719
e 1767 4760
e 1767 8085
e 1767 8086
e 1771 4518
e 1772 2120
e 1772 2678
e 1772 3048
e 1772 3398
e 1772 5711
e 1772 5712
e 1772 6819
e 1772 6821
e 1774 2057
e 1774 2306
e 1774 3814
e 1775 2050
e 1775 2626
e 1775 3218
e 1775 3224
e 1775 3434
e 1776 2341
e 1776 2933
e 1776 3303
e 1776 3400
e 1776 3420
e 1776 3849
e 1776 4215
e 1776 5419
e 1776 5420
e 1776 5422
e 1776 5423
e 1776 5424
e 1776 6284
e 1776 6972
e 1776 8539
e 1776 8540
e 1776 8541
e 1777 5016
e 1777 5539
e 1777 8883
e 1777 8884
e 1779 3282
e 1779 5951
e 1780 5896
e 1781 2419
e 1781 2524
e 1781 3019
e 1781 6789
e 1781 6790
e 1783 1996
e 1784 2660
e 1784 7622
e 1784 7623
e 1785 3049
e 1785 3074
e 1785 3303
e 1785 4215
e 1785 6932
e 1785 7162
e 1785 7167
e 1785 7171
e 1785 7179
e 1786 2664
e 1786 6891
e 1787 2112
e 1787 2416
e 1787 2423
e 1789 2626
e 1789 4532
e 1789 5509
e 1790 4381
e 1790 5517
e 1791 2480
e 1791 4867
e 1791 5509
e 1792 1817
e 1792 1832
e 1792 1988
e 1792 2419
e 1792 2520
e 1792 2581
e 1792 3299
e 1792 3406
e 1792 3443
e 1792 5490
e 1793 2574
e 1793 2664
e 1793 6766
e 1794 3261
e 1794 4458
e 1794 5133
e 1795 1799
e 1795 2419
e 1795 2524
e 1795 3019
e 1795 3590
e 1795 5892
e 1795 6148
e 1795 6689
e 1795 6789
e 1795 6790
e 1795 6791
e 1796 4503
e 1797 1810
e 1797 1811
e 1797 1815
e 1797 1817
e 1797 6060
e 1797 6801
e 1797 6802
e 1798 2698
e 1798 2699
e 1798 3106
e 1798 3704
e 1798 4503
e 1798 4928
e 1798 4929
e 1799 1999
e 1799 2004
e 1799 2419
e 1799 5892
e 1799 6793
e 1800 6111
e 1801 4955
e 1801 7195
e 1801 7197
e 1802 3468
e 1802 3469
e 1803 1808
e 1804 2906
e 1804 4959
e 1804 6367
e 1804 6820
e 1804 6870
e 1806 1951
e 1807 1839
e 1807 2395
e 1807 2550
e 1807 2552
e 1807 2814
e 1807 3105
e 1807 3551
e 1807 4077
e 1807 5967
e 1807 7267
e 1807 8071
e 1808 8072
e 1808 8073
e 1809 3900
e 1810 1817
e 1811 2480
e 1811 2860
e 1811 4709
e 1811 8074
e 1811 8075
e 1812 1814
e 1815 2859
e 1815 6088
e 1816 5016
e 1816 6373
e 1816 8321
e 1817 2012
e 1817 2034
e 1817 6801
e 1817 7601
e 1818 1951
e 1819 5758
e 1820 1821
e 1820 6801
e 1822 2073
e 1822 2156
e 1822 2469
e 1822 2475
e 1822 2476
e 1822 2477
e 1823 1824
e 1823 1835
e 1823 3102
e 1823 3103
e 1823 3104
e 1823 3105
e 1823 3106
e 1823 3107
e 1824 2112
e 1824 2421
e 1824 3102
e 1824 3110
e 1825 1826
e 1825 2221
e 1825 2224
e 1825 2380
e 1825 2597
e 1825 2762
e 1826 2143
e 1826 2223
e 1826 2421
e 1826 2781
e 1826 2815
e 1826 2889
e 1826 2899
e 1826 3248
e 1826 3276
e 1826 3606
e 1826 3607
e 1826 3608
e 1827 1828
e 1827 1829
e 1827 1830
e 1827 1831
e 1827 1936
e 1827 1937
e 1827 2067
e 1827 2268
e 1827 2415
e 1827 2763
e 1827 2875
e 1827 2949
e 1827 3124
e 1827 3125
e 1827 4030
e 1827 4031
e 1827 4032
e 1827 4033
e 1827 4034
e 1827 4035
e 1827 4036
e 1827 4037
e 1827 4038
e 1827 4039
e 1827 4040
e 1827 4041
e 1828 2076
e 1828 2172
e 1828 2337
e 1828 2395
e 1828 2625
e 1828 2762
e 1828 3129
e 1828 3514
e 1828 4101
e 1828 4102
e 1828 4103
e 1828 4104
e 1828 4105
e 1829 1937
e 1829 2065
e 1829 2143
e 1829 2161
e 1829 2201
e 1829 2213
e 1829 2336
e 1829 2338
e 1829 2340
e 1829 2379
e 1829 2392
e 1829 2529
e 1829 2822
e 1829 2839
e 1829 3785
e 1829 3929
e 1829 4042
e 1829 4128
e 1829 4129
e 1830 1838
e 1830 4173
e 1831 1851
e 1831 1855
e 1831 1863
e 1831 2667
e 1831 2836
e 1831 4071
e 1831 4072
e 1832 1846
e 1832 1858
e 1832 1946
e 1832 1953
e 1832 1955
e 1832 1971
e 1832 1988
e 1832 1992
e 1832 2047
e 1832 2107
e 1832 2132
e 1832 2133
e 1832 2147
e 1832 2156
e 1832 2163
e 1832 2167
e 1832 2193
e 1832 2194
e 1832 2198
e 1832 2244
e 1832 2247
e 1832 2342
e 1832 2509
e 1832 2513
e 1832 2626
e 1832 2640
e 1832 3642
e 1832 3806
e 1832 4715
e 1832 4716
e 1832 4717
e 1833 1837
e 1833 1953
e 1833 2185
e 1833 2432
e 1833 2823
e 1833 3230
e 1833 4754
e 1833 4755
e 1834 1855
e 1834 1859
e 1834 1861
e 1834 2078
e 1834 2473
e 1834 2475
e 1834 2520
e 1834 2527
e 1834 2650
e 1834 2718
e 1834 3814
e 1834 3971
e 1834 4531
e 1834 4758
e 1834 4759
e 1834 4760
e 1834 4761
e 1834 4764
e 1834 4765
e 1834 4766
e 1834 4767
e 1834 4768
e 1834 4908
e 1834 5069
e 1834 5070
e 1835 1946
e 1835 1952
e 1835 1953
e 1835 1970
e 1835 1973
e 1835 1983
e 1835 1992
e 1835 2073
e 1835 2101
e 1835 2119
e 1835 2134
e 1835 2147
e 1835 2176
e 1835 2177
e 1835 2188
e 1835 2198
e 1835 2208
e 1835 2249
e 1835 2266
e 1835 2303
e 1835 2315
e 1835 2439
e 1835 2451
e 1835 2458
e 1835 2474
e 1835 2625
e 1835 2637
e 1835 3062
e 1835 3618
e 1835 4151
e 1835 4542
e 1835 4633
e 1835 4784
e 1835 5183
e 1835 5184
e 1836 2742
e 1836 3024
e 1836 3374
e 1836 3609
e 1836 3924
e 1836 4139
e 1836 4172
e 1836 4779
e 1836 4781
e 1836 4956
e 1836 5518
e 1836 5519
e 1836 5520
e 1836 5521
e 1837 1953
e 1837 1989
e 1837 2107
e 1837 2194
e 1837 2215
e 1837 2244
e 1837 2509
e 1837 2515
e 1837 2623
e 1837 2637
e 1837 2660
e 1838 1937
e 1838 2875
e 1838 2949
e 1838 3125
e 1838 4030
e 1838 4033
e 1838 4034
e 1838 4035
e 1838 4036
e 1838 4038
e 1838 4039
e 1838 4041
e 1838 6206
e 1839 1842
e 1839 1855
e 1839 2337
e 1839 3024
e 1839 3105
e 1839 3639
e 1839 4077
e 1839 5843
e 1840 1919
e 1840 5871
e 1840 5872
e 1840 5874
e 1841 2002
e 1841 3453
e 1841 3729
e 1841 3834
e 1841 3919
e 1841 4882
e 1841 5127
e 1841 6118
e 1841 6179
e 1841 6640
e 1841 6641
e 1842 1849
e 1842 1850
e 1842 3482
e 1842 3902
e 1842 4317
e 1842 4331
e 1842 4873
e 1842 6844
e 1843 1990
e 1843 2244
e 1843 2337
e 1843 2959
e 1843 3435
e 1843 5075
e 1843 5800
e 1843 5801
e 1844 1938
e 1844 3453
e 1844 3917
e 1845 2076
e 1845 2782
e 1845 3313
e 1845 3317
e 1845 3446
e 1845 5616
e 1845 5893
e 1846 3070
e 1847 1856
e 1847 2120
e 1847 2429
e 1847 2439
e 1847 2637
e 1847 2646
e 1847 2886
e 1847 3000
e 1847 3380
e 1847 3480
e 1847 6888
e 1847 6953
e 1848 2637
e 1848 2888
e 1848 3238
e 1848 3676
e 1848 4715
e 1848 5021
e 1848 5143
e 1849 1929
e 1849 6391
e 1849 6770
e 1851 3291
e 1851 4076
e 1851 4093
e 1851 4143
e 1851 6488
e 1851 6861
e 1852 2337
e 1852 2480
e 1852 3413
e 1852 5089
e 1852 6269
e 1853 2809
e 1855 1867
e 1855 2526
e 1855 2836
e 1855 3024
e 1855 4071
e 1855 4097
e 1855 4155
e 1855 4158
e 1855 6873
e 1856 7270
e 1857 3307
e 1857 5132
e 1857 6745
e 1857 7270
e 1857 7372
e 1858 2098
e 1858 2136
e 1858 2143
e 1858 2391
e 1858 2409
e 1858 4112
e 1858 5648
e 1859 2338
e 1859 2520
e 1859 2527
e 1859 4762
e 1859 6877
e 1859 6895
e 1859 7168
e 1859 7477
e 1859 7478
e 1860 1902
e 1860 2079
e 1860 2298
e 1860 2433
e 1860 5224
e 1860 5498
e 1860 5674
e 1860 6282
e 1860 6443
e 1860 6877
e 1860 6895
e 1860 7485
e 1861 2520
e 1861 6877
e 1861 6895
e 1862 3920
e 1862 4115
e 1862 4645
e 1862 4840
e 1863 2673
e 1863 5664
e 1863 7836
e 1863 7837
e 1864 2072
e 1864 2637
e 1864 3574
e 1865 2081
e 1865 2095
e 1865 2295
e 1865 3790
e 1865 4649
e 1865 4875
e 1865 5799
e 1865 6542
e 1865 6593
e 1865 7928
e 1867 2025
e 1867 2526
e 1867 4158
e 1868 2345
e 1868 2411
e 1868 2923
e 1868 3311
e 1868 3686
e 1868 3913
e 1868 3914
e 1868 4534
e 1868 4784
e 1868 7998
e 1870 2276
e 1870 4165
e 1871 2407
e 1871 3024
e 1871 6264
e 1871 6797
e 1871 8636
e 1872 6877
e 1873 8707
e 1875 2140
e 1875 2425
e 1875 2888
e 1875 4257
e 1875 4625
e 1875 5224
e 1875 6595
e 1875 7270
e 1876 5319
e 1876 5933
e 1876 6089
e 1876 6589
e 1876 8169
e 1877 2047
e 1877 4800
e 1877 8708
e 1879 8709
e 1880 6877
e 1881 5411
e 1881 7865
e 1883 2766
e 1883 3465
e 1883 4223
e 1883 4305
e 1883 4750
e 1883 5169
e 1883 7020
e 1884 5893
e 1884 6774
e 1884 6775
e 1885 1886
e 1885 1887
e 1885 1888
e 1885 1889
e 1885 1890
e 1886 1891
e 1886 1892
e 1886 1893
e 1886 1894
e 1886 1895
e 1886 1896
e 1886 1897
e 1886 1898
e 1886 1899
e 1886 1900
e 1886 1901
e 1886 1902
e 1886 1903
e 1887 1891
e 1887 1897
e 1887 1899
e 1887 1907
e 1887 2704
e 1887 2957
e 1887 5761
e 1887 5762
e 1888 1891
e 1888 1893
e 1888 1897
e 1888 1907
e 1888 2704
e 1888 5761
e 1889 1891
e 1889 1907
e 1889 2704
e 1890 1907
e 1890 2704
e 1891 1892
e 1891 1904
e 1891 1905
e 1891 1906
e 1892 1893
e 1892 1896
e 1892 1903
e 1892 1907
e 1892 1908
e 1892 1909
e 1893 1894
e 1893 1896
e 1893 1898
e 1893 1905
e 1893 1910
e 1893 1911
e 1893 1912
e 1894 1895
e 1894 1898
e 1894 1905
e 1894 1911
e 1894 1913
e 1895 1905
e 1895 1914
e 1895 1915
e 1895 1916
e 1896 1903
e 1896 1908
e 1896 1909
e 1896 1911
e 1896 1917
e 1896 1918
e 1897 1905
e 1897 1919
e 1898 1905
e 1899 1920
e 1899 1921
e 1899 1922
e 1899 1923
e 1899 1924
e 1899 1925
e 1899 1926
e 1899 1927
e 1899 1928
e 1899 1929
e 1899 1930
e 1899 1931
e 1899 1932
e 1899 1933
e 1899 1934
e 1900 1905
e 1900 1935
e 1901 1936
e 1901 1937
e 1901 1938
e 1901 1939
e 1901 1940
e 1901 1941
e 1901 1942
e 1902 1909
e 1902 2547
e 1904 1907
e 1904 2704
e 1904 5761
e 1905 2259
e 1905 2545
e 1905 2547
e 1905 5774
e 1905 5775
e 1907 1908
e 1907 2562
e 1907 2887
e 1907 2916
e 1907 2917
e 1908 1909
e 1908 3571
e 1908 4251
e 1908 4299
e 1908 4602
e 1908 5747
e 1908 5749
e 1909 4299
e 1909 4602
e 1909 5747
e 1909 5749
e 1910 1911
e 1910 5761
e 1910 5772
e 1912 1914
e 1912 2964
e 1912 3018
e 1912 3637
e 1912 3667
e 1912 3756
e 1912 4329
e 1912 4588
e 1912 4841
e 1914 1973
e 1914 2042
e 1914 2337
e 1914 4116
e 1914 4287
e 1914 4328
e 1914 4576
e 1914 5316
e 1914 5619
e 1914 5620
e 1915 2488
e 1915 4162
e 1915 7376
e 1915 8032
e 1917 1973
e 1917 2346
e 1917 2399
e 1917 2687
e 1917 2764
e 1917 2786
e 1917 2904
e 1917 2905
e 1917 2906
e 1917 2907
e 1917 2908
e 1917 2909
e 1917 2910
e 1918 2010
e 1918 2260
e 1918 3738
e 1918 3739
e 1918 3746
e 1918 4486
e 1918 4930
e 1918 5010
e 1918 5023
e 1918 5391
e 1918 5392
e 1919 2618
e 1919 2704
e 1919 3453
e 1919 3484
e 1919 3982
e 1919 4271
e 1919 5559
e 1919 5767
e 1919 5768
e 1920 2012
e 1920 2421
e 1920 3397
e 1920 6500
e 1920 6501
e 1920 6502
e 1920 6503
e 1920 6504
e 1921 2075
e 1921 2417
e 1921 4808
e 1921 5759
e 1921 6056
e 1921 6057
e 1921 6060
e 1921 6502
e 1921 6504
e 1921 6913
e 1921 7251
e 1922 2022
e 1922 2862
e 1923 3027
e 1923 3432
e 1923 4003
e 1923 4339
e 1923 4358
e 1923 4730
e 1923 4732
e 1923 4907
e 1923 5470
e 1924 2417
e 1924 7649
e 1925 2421
e 1925 2423
e 1925 2526
e 1925 2738
e 1925 2804
e 1925 5228
e 1925 5513
e 1925 5598
e 1925 6091
e 1925 6445
e 1925 6747
e 1925 7116
e 1925 7412
e 1925 7887
e 1925 8224
e 1926 2467
e 1926 3282
e 1926 7892
e 1927 3199
e 1927 3200
e 1927 3201
e 1927 4105
e 1927 4393
e 1927 5269
e 1927 7112
e 1927 8600
e 1928 2012
e 1928 2421
e 1928 2423
e 1928 7640
e 1928 7667
e 1928 8015
e 1929 2031
e 1929 4998
e 1929 5314
e 1929 5324
e 1929 5751
e 1929 6197
e 1929 7670
e 1929 8007
e 1929 8038
e 1929 8459
e 1929 8734
e 1929 8735
e 1929 8736
e 1929 8737
e 1929 8738
e 1931 2888
e 1931 3012
e 1932 3374
e 1932 4147
e 1934 2112
e 1934 2423
e 1935 2637
e 1935 3274
e 1936 2949
e 1936 4041
e 1936 4116
e 1936 4121
e 1936 4127
e 1936 4221
e 1936 4222
e 1937 4171
e 1937 4230
e 1938 2350
e 1938 4221
e 1938 4281
e 1938 5023
e 1938 7352
e 1938 7353
e 1940 2851
e 1940 3904
e 1940 6264
e 1940 8120
e 1941 3523
e 1941 7162
e 1941 8375
e 1941 8444
e 1942 7932
e 1943 1978
e 1943 1983
e 1943 1984
e 1943 1985
e 1943 1986
e 1943 1987
e 1943 1988
e 1943 1989
e 1943 1990
e 1943 1991
e 1943 1992
e 1944 2010
e 1944 2011
e 1944 2012
e 1944 2013
e 1944 2014
e 1944 2015
e 1944 2016
e 1944 2017
e 1944 2018
e 1944 2019
e 1944 2020
e 1944 2021
e 1944 2022
e 1944 2023
e 1944 2024
e 1944 2025
e 1944 2026
e 1944 2027
e 1944 2028
e 1944 2029
e 1944 2030
e 1944 2031
e 1944 2032
e 1944 2033
e 1944 2034
e 1944 2035
e 1944 2036
e 1944 2037
e 1944 2038
e 1944 2039
e 1945 2010
e 1945 2013
e 1945 2014
e 1945 2015
e 1945 2016
e 1945 2017
e 1945 2018
e 1945 2019
e 1945 2024
e 1945 2030
e 1945 2035
e 1945 2036
e 1945 2040
e 1946 1955
e 1946 1969
e 1946 1974
e 1946 2098
e 1946 2099
e 1946 2100
e 1946 2101
e 1946 2102
e 1946 2103
e 1946 2104
e 1946 2105
e 1946 2106
e 1946 2107
e 1946 2108
e 1946 2109
e 1946 2110
e 1946 2111
e 1946 2112
e 1946 2113
e 1946 2114
e 1946 2115
e 1946 2116
e 1946 2117
e 1946 2118
e 1946 2119
e 1946 2120
e 1946 2121
e 1946 2122
e 1946 2123
e 1946 2124
e 1946 2125
e 1946 2126
e 1946 2127
e 1946 2128
e 1947 1948
e 1947 1953
e 1947 1954
e 1947 1984
e 1947 2047
e 1947 2132
e 1947 2133
e 1947 2134
e 1947 2135
e 1947 2136
e 1947 2137
e 1947 2138
e 1947 2139
e 1947 2140
e 1948 2137
e 1948 2141
e 1948 2142
e 1949 1955
e 1949 2176
e 1949 2177
e 1949 2178
e 1949 2179
e 1950 2143
e 1950 2336
e 1950 2337
e 1950 2338
e 1950 2339
e 1951 2012
e 1951 2112
e 1951 2415
e 1951 2416
e 1951 2417
e 1951 2418
e 1951 2419
e 1951 2420
e 1951 2421
e 1951 2422
e 1951 2423
e 1951 2424
e 1951 2425
e 1952 1954
e 1952 1974
e 1952 2119
e 1952 2122
e 1952 2143
e 1952 2146
e 1952 2159
e 1952 2426
e 1952 2427
e 1952 2428
e 1953 1969
e 1953 1974
e 1953 1984
e 1953 1989
e 1953 2099
e 1953 2105
e 1953 2107
e 1953 2114
e 1953 2115
e 1953 2139
e 1953 2150
e 1953 2163
e 1953 2185
e 1953 2186
e 1953 2189
e 1953 2193
e 1953 2194
e 1953 2195
e 1953 2198
e 1953 2199
e 1953 2200
e 1953 2247
e 1953 2280
e 1953 2302
e 1953 2342
e 1953 2352
e 1953 2385
e 1953 2432
e 1953 2433
e 1953 2508
e 1953 2509
e 1953 2510
e 1953 2511
e 1953 2512
e 1953 2513
e 1953 2514
e 1953 2515
e 1953 2516
e 1953 2517
e 1953 2518
e 1954 1962
e 1954 1971
e 1954 1976
e 1954 1983
e 1954 1984
e 1954 2110
e 1954 2132
e 1954 2133
e 1954 2134
e 1954 2135
e 1954 2143
e 1954 2146
e 1954 2149
e 1954 2150
e 1954 2154
e 1954 2158
e 1954 2159
e 1954 2205
e 1954 2519
e 1954 2520
e 1954 2521
e 1955 1984
e 1955 1988
e 1955 2104
e 1955 2134
e 1955 2157
e 1955 2178
e 1955 2304
e 1955 2318
e 1955 2532
e 1955 2533
e 1955 2534
e 1955 2535
e 1955 2536
e 1955 2537
e 1956 1962
e 1956 1984
e 1956 1988
e 1956 2133
e 1956 2134
e 1956 2136
e 1956 2143
e 1956 2168
e 1956 2538
e 1956 2539
e 1956 2540
e 1956 2541
e 1957 2134
e 1957 2259
e 1957 2461
e 1957 2542
e 1957 2543
e 1957 2544
e 1957 2545
e 1957 2546
e 1957 2547
e 1958 2041
e 1958 2607
e 1958 2608
e 1958 2609
e 1958 2610
e 1958 2611
e 1959 2173
e 1959 2667
e 1959 2668
e 1959 2669
e 1959 2670
e 1959 2671
e 1959 2672
e 1959 2673
e 1960 2041
e 1960 2065
e 1960 2392
e 1960 2681
e 1960 2682
e 1960 2683
e 1960 2684
e 1960 2685
e 1960 2686
e 1960 2687
e 1960 2688
e 1961 1976
e 1961 2169
e 1962 1970
e 1962 2147
e 1962 2697
e 1963 2661
e 1963 2670
e 1963 2704
e 1964 2708
e 1964 2709
e 1966 2711
e 1966 2712
e 1968 1971
e 1968 2141
e 1968 2170
e 1968 2383
e 1968 2446
e 1968 2681
e 1968 2683
e 1968 2685
e 1968 2686
e 1968 3637
e 1968 3669
e 1968 3670
e 1968 4480
e 1968 4487
e 1968 4557
e 1968 4590
e 1968 4591
e 1968 4592
e 1968 4593
e 1968 4594
e 1968 4595
e 1968 4596
e 1968 4597
e 1968 4598
e 1968 4599
e 1968 4600
e 1968 4601
e 1969 2110
e 1969 2134
e 1969 2136
e 1969 4281
e 1969 4378
e 1969 5182
e 1970 1979
e 1970 1988
e 1970 2047
e 1970 2105
e 1970 2133
e 1970 2164
e 1970 2168
e 1970 2244
e 1970 2245
e 1970 2246
e 1970 2258
e 1970 2259
e 1970 2441
e 1970 2545
e 1970 2546
e 1970 2637
e 1970 2799
e 1970 3028
e 1970 3242
e 1970 3257
e 1970 3788
e 1970 4291
e 1970 4388
e 1970 4427
e 1970 4584
e 1970 5242
e 1970 5243
e 1971 1983
e 1971 1984
e 1971 2133
e 1971 2134
e 1971 2141
e 1971 2392
e 1971 2399
e 1971 2685
e 1971 3632
e 1971 3666
e 1971 4148
e 1971 4281
e 1971 4591
e 1972 2684
e 1972 6777
e 1973 1989
e 1973 2105
e 1973 2133
e 1973 2134
e 1973 2143
e 1973 2146
e 1973 2147
e 1973 2164
e 1973 2168
e 1973 2244
e 1973 2249
e 1973 2251
e 1973 2280
e 1973 2308
e 1973 2337
e 1973 2539
e 1973 2616
e 1973 2683
e 1973 2685
e 1973 2867
e 1973 3018
e 1973 3028
e 1973 3369
e 1973 3756
e 1973 6499
e 1973 7114
e 1973 7131
e 1974 1984
e 1974 2073
e 1974 2101
e 1974 2136
e 1974 2151
e 1974 2152
e 1974 2163
e 1974 4107
e 1974 5010
e 1974 5616
e 1974 5938
e 1975 2698
e 1975 3106
e 1975 4836
e 1975 5523
e 1975 6328
e 1976 2135
e 1976 2169
e 1976 6439
e 1977 2221
e 1977 2224
e 1977 2225
e 1977 2232
e 1977 5144
e 1978 1986
e 1978 1987
e 1978 1988
e 1978 7810
e 1978 7811
e 1979 1989
e 1979 2132
e 1979 2244
e 1979 2259
e 1979 2441
e 1979 2546
e 1979 2547
e 1979 2799
e 1979 2866
e 1979 3242
e 1979 4291
e 1979 7886
e 1980 2073
e 1980 2115
e 1980 2244
e 1980 2637
e 1980 2908
e 1980 4588
e 1980 7005
e 1980 7006
e 1980 7007
e 1981 3637
e 1981 3670
e 1981 4415
e 1981 4487
e 1981 4557
e 1981 4592
e 1981 4593
e 1981 4596
e 1981 4598
e 1981 4599
e 1981 5114
e 1981 7699
e 1981 7700
e 1981 8287
e 1983 1984
e 1983 1988
e 1983 1992
e 1983 2075
e 1983 2107
e 1983 2141
e 1983 2143
e 1983 2147
e 1983 2181
e 1983 2184
e 1983 2196
e 1983 2205
e 1983 2211
e 1983 3312
e 1983 3632
e 1983 3687
e 1983 4161
e 1983 4316
e 1983 4319
e 1983 4811
e 1983 4836
e 1983 5187
e 1983 5210
e 1983 5211
e 1983 5212
e 1983 5213
e 1984 1988
e 1984 1992
e 1984 2073
e 1984 2101
e 1984 2103
e 1984 2107
e 1984 2119
e 1984 2146
e 1984 2147
e 1984 2159
e 1984 2163
e 1984 2173
e 1984 2185
e 1984 2186
e 1984 2188
e 1984 2198
e 1984 2199
e 1984 2205
e 1984 2302
e 1984 2305
e 1984 2308
e 1984 2318
e 1984 2321
e 1984 2322
e 1984 2326
e 1984 2327
e 1984 2328
e 1984 2329
e 1984 2330
e 1984 2331
e 1984 2332
e 1984 2333
e 1984 2334
e 1984 2335
e 1984 2336
e 1984 2433
e 1984 2509
e 1984 3634
e 1984 3636
e 1984 4134
e 1984 4137
e 1984 4357
e 1984 4574
e 1984 4630
e 1984 4941
e 1984 5244
e 1984 5245
e 1984 5246
e 1984 5247
e 1984 5248
e 1984 5249
e 1988 1989
e 1988 2104
e 1988 2143
e 1988 2146
e 1988 2149
e 1988 2154
e 1988 2160
e 1988 2164
e 1988 5014
e 1989 2049
e 1989 2098
e 1989 2099
e 1989 2101
e 1989 2102
e 1989 2105
e 1989 2106
e 1989 2110
e 1989 2118
e 1989 2119
e 1989 2147
e 1989 2163
e 1989 2199
e 1989 2213
e 1989 2244
e 1989 2245
e 1989 2247
e 1989 2299
e 1989 2308
e 1989 2397
e 1989 2509
e 1989 2640
e 1989 2778
e 1989 3643
e 1989 3657
e 1989 5228
e 1990 2781
e 1990 3007
e 1990 3303
e 1990 4215
e 1991 2137
e 1991 2528
e 1992 2098
e 1992 2102
e 1992 2107
e 1992 2132
e 1992 2167
e 1992 2181
e 1992 2183
e 1992 2186
e 1992 2188
e 1992 2189
e 1992 2193
e 1992 2194
e 1992 2195
e 1992 2197
e 1992 2198
e 1992 2199
e 1992 2200
e 1992 2202
e 1992 2203
e 1992 2205
e 1992 2244
e 1992 2247
e 1992 2327
e 1992 2352
e 1992 2513
e 1992 2514
e 1992 2515
e 1992 2516
e 1992 5286
e 1992 5402
e 1992 5648
e 1992 7388
e 1993 2698
e 1993 2829
e 1993 3301
e 1993 3983
e 1993 4836
e 1993 5483
e 1993 5523
e 1993 5525
e 1994 3274
e 1994 4271
e 1994 4856
e 1994 6311
e 1994 6684
e 1995 1996
e 1995 3022
e 1995 3023
e 1995 5911
e 1995 6704
e 1996 2268
e 1996 2574
e 1996 2727
e 1996 2781
e 1996 6376
e 1997 2547
e 1997 2550
e 1997 2768
e 1997 2781
e 1997 6632
e 1999 2419
e 1999 2420
e 1999 2524
e 1999 2955
e 1999 3566
e 1999 4970
e 1999 5799
e 1999 5892
e 1999 6790
e 1999 6792
e 2002 2350
e 2002 2377
e 2002 3340
e 2002 3388
e 2002 3453
e 2002 3815
e 2002 4208
e 2002 5022
e 2002 5673
e 2002 5752
e 2002 5956
e 2002 6660
e 2002 7042
e 2002 7043
e 2002 7044
e 2002 7045
e 2002 7046
e 2003 2867
e 2004 5479
e 2004 6747
e 2004 6793
e 2004 6867
e 2004 7743
e 2004 7750
e 2005 4816
e 2006 2012
e 2006 2055
e 2006 3681
e 2006 4888
e 2006 5211
e 2006 8628
e 2006 8629
e 2006 8630
e 2006 8631
e 2007 4427
e 2010 2821
e 2010 2908
e 2010 3135
e 2010 3571
e 2010 4352
e 2010 4486
e 2010 4841
e 2010 4924
e 2010 5306
e 2010 5307
e 2010 5308
e 2010 5309
e 2010 5310
e 2010 5311
e 2010 5312
e 2010 5313
e 2011 2147
e 2011 6010
e 2012 2480
e 2012 2488
e 2012 2753
e 2012 2954
e 2012 3134
e 2012 3202
e 2012 3434
e 2012 3477
e 2012 3729
e 2012 3774
e 2012 4301
e 2012 4848
e 2012 4850
e 2012 4859
e 2012 4882
e 2012 5106
e 2012 5249
e 2012 5848
e 2012 5946
e 2012 6048
e 2012 6053
e 2012 6084
e 2012 6097
e 2012 6194
e 2012 6511
e 2012 6512
e 2012 6513
e 2012 6514
e 2012 6515
e 2012 6516
e 2013 2908
e 2013 3526
e 2013 3847
e 2013 4352
e 2013 4985
e 2013 5134
e 2013 6280
e 2014 2352
e 2014 2887
e 2014 2908
e 2014 3135
e 2014 3175
e 2014 3484
e 2014 4985
e 2014 5559
e 2015 4985
e 2016 4985
e 2016 5057
e 2016 5252
e 2016 5253
e 2016 7410
e 2016 7411
e 2016 7412
e 2017 4985
e 2018 4985
e 2019 4985
e 2020 6421
e 2021 2685
e 2022 2579
e 2022 2859
e 2022 4292
e 2022 4857
e 2022 4859
e 2022 5353
e 2022 5485
e 2022 5848
e 2022 6184
e 2022 6196
e 2022 7144
e 2022 7417
e 2022 7495
e 2022 7532
e 2022 7533
e 2023 5299
e 2024 3847
e 2024 4985
e 2024 8067
e 2025 2620
e 2025 2859
e 2025 3388
e 2025 3406
e 2025 4857
e 2025 4859
e 2025 5485
e 2025 5848
e 2025 6607
e 2025 7532
e 2026 4985
e 2026 8558
e 2027 3137
e 2027 3741
e 2027 3746
e 2027 5359
e 2028 7652
e 2029 2337
e 2029 2859
e 2029 5032
e 2029 6218
e 2029 6283
e 2030 2908
e 2030 4985
e 2031 2034
e 2031 6005
e 2032 4349
e 2032 6086
e 2032 8083
e 2032 9129
e 2032 9130
e 2033 3286
e 2033 8638
e 2034 3409
e 2034 4612
e 2034 4677
e 2034 5790
e 2034 5907
e 2034 6547
e 2034 9188
e 2034 9189
e 2034 9190
e 2034 9191
e 2035 4985
e 2036 4985
e 2037 3385
e 2039 3559
e 2041 2071
e 2041 2866
e 2041 3304
e 2041 3379
e 2041 3895
e 2041 3939
e 2041 4283
e 2041 4301
e 2041 4302
e 2041 4312
e 2041 4313
e 2041 4314
e 2041 4315
e 2041 4316
e 2041 4317
e 2041 4318
e 2041 4319
e 2041 4320
e 2041 4321
e 2041 4322
e 2041 4323
e 2042 3018
e 2042 3756
e 2043 2068
e 2043 4077
e 2043 4442
e 2044 5046
e 2045 2145
e 2045 2607
e 2046 2401
e 2046 3484
e 2046 5481
e 2046 5504
e 2047 2147
e 2047 2162
e 2047 2168
e 2047 2307
e 2047 2337
e 2047 2343
e 2047 2356
e 2047 2357
e 2047 2550
e 2047 2781
e 2047 2944
e 2047 3075
e 2047 3186
e 2047 3368
e 2047 3709
e 2047 4266
e 2047 4736
e 2047 5124
e 2047 5478
e 2047 5575
e 2047 5637
e 2047 5814
e 2047 5815
e 2047 5816
e 2047 5817
e 2047 5818
e 2047 5819
e 2047 5820
e 2047 5821
e 2047 5822
e 2047 5823
e 2047 5824
e 2047 5825
e 2047 5826
e 2047 5827
e 2047 5828
e 2048 2344
e 2048 2345
e 2048 2550
e 2048 3442
e 2048 3786
e 2048 3801
e 2048 3809
e 2048 3966
e 2048 4077
e 2048 4417
e 2048 5367
e 2048 5498
e 2048 6871
e 2048 6872
e 2048 6873
e 2048 6874
e 2049 2062
e 2049 2399
e 2049 2497
e 2049 3060
e 2049 3493
e 2049 3680
e 2049 3784
e 2049 4711
e 2050 2586
e 2050 6354
e 2051 2492
e 2051 4271
e 2051 4583
e 2052 3788
e 2052 5342
e 2052 7368
e 2054 4458
e 2056 2989
e 2056 7389
e 2057 3454
e 2057 3456
e 2058 2526
e 2058 4153
e 2059 4801
e 2059 6193
e 2059 6636
e 2059 7360
e 2059 7393
e 2061 5676
e 2062 5975
e 2063 3406
e 2064 2676
e 2065 2076
e 2065 2156
e 2065 2392
e 2065 2837
e 2065 3363
e 2065 3364
e 2065 3365
e 2065 3366
e 2065 3367
e 2065 3368
e 2065 3369
e 2065 3370
e 2065 3371
e 2066 2098
e 2066 2599
e 2066 2637
e 2066 2748
e 2066 3384
e 2066 3531
e 2066 3940
e 2066 4145
e 2066 4146
e 2066 4147
e 2067 2684
e 2067 3105
e 2067 4077
e 2067 4168
e 2068 2480
e 2068 2716
e 2068 3374
e 2069 2162
e 2069 2172
e 2069 2300
e 2069 2453
e 2069 4391
e 2069 4693
e 2069 5019
e 2069 5020
e 2070 2487
e 2070 2962
e 2070 3309
e 2070 3421
e 2070 5062
e 2070 5063
e 2071 2684
e 2071 2714
e 2071 3139
e 2071 3764
e 2071 4289
e 2071 4297
e 2071 4298
e 2071 5460
e 2071 5461
e 2071 5462
e 2071 5463
e 2072 2079
e 2072 2143
e 2072 2405
e 2072 2434
e 2072 2441
e 2072 2598
e 2072 3069
e 2072 3243
e 2072 4176
e 2072 4183
e 2072 4195
e 2072 5648
e 2072 5848
e 2072 5849
e 2072 5850
e 2072 5851
e 2073 2115
e 2073 2132
e 2073 2168
e 2073 2202
e 2073 2214
e 2073 2244
e 2073 2248
e 2073 2301
e 2073 2313
e 2073 2340
e 2073 2441
e 2073 2460
e 2073 2637
e 2073 2908
e 2073 3661
e 2073 4249
e 2073 4555
e 2073 4588
e 2073 5180
e 2073 5181
e 2074 3104
e 2074 4298
e 2074 4324
e 2074 5563
e 2074 5577
e 2075 2485
e 2075 2709
e 2075 5681
e 2075 5887
e 2075 6055
e 2075 6056
e 2075 6057
e 2075 6058
e 2075 6059
e 2075 6060
e 2075 6061
e 2075 6062
e 2075 6063
e 2075 6064
e 2076 2392
e 2076 2529
e 2076 3199
e 2076 3200
e 2076 3201
e 2076 3317
e 2076 6689
e 2076 6930
e 2077 2620
e 2077 4451
e 2077 4888
e 2077 6086
e 2077 7192
e 2077 7193
e 2078 2526
e 2078 2527
e 2078 2718
e 2078 3814
e 2078 4153
e 2078 4159
e 2078 4160
e 2078 4708
e 2078 5091
e 2078 5093
e 2078 5677
e 2078 6364
e 2078 7315
e 2079 2345
e 2079 3804
e 2079 5021
e 2079 5923
e 2079 6080
e 2079 6121
e 2079 6122
e 2079 6123
e 2080 2086
e 2080 2298
e 2080 2356
e 2080 2483
e 2080 7363
e 2080 7364
e 2081 2292
e 2081 2684
e 2082 3103
e 2082 7625
e 2083 4369
e 2083 6367
e 2083 7633
e 2083 7634
e 2085 2578
e 2085 2994
e 2085 3053
e 2085 5078
e 2085 7653
e 2086 2092
e 2087 3627
e 2088 4207
e 2088 5815
e 2088 7687
e 2089 6193
e 2089 7688
e 2091 7710
e 2092 2624
e 2092 2717
e 2092 2718
e 2092 4760
e 2092 8085
e 2092 8086
e 2093 2290
e 2093 2684
e 2093 4059
e 2093 4101
e 2093 4103
e 2093 4180
e 2093 4646
e 2093 4648
e 2093 4983
e 2093 5800
e 2093 5801
e 2093 5815
e 2093 6281
e 2093 7307
e 2093 7470
e 2093 7472
e 2094 2894
e 2094 3242
e 2094 3243
e 2094 6261
e 2094 6749
e 2094 8982
e 2098 2637
e 2099 2181
e 2099 2194
e 2099 3167
e 2099 3747
e 2099 4470
e 2099 4872
e 2099 4941
e 2100 2614
e 2100 2820
e 2101 2105
e 2101 2110
e 2101 2119
e 2101 2133
e 2101 2136
e 2101 2150
e 2101 2156
e 2101 2163
e 2101 2168
e 2101 2197
e 2101 2207
e 2101 2244
e 2101 2246
e 2101 2247
e 2101 2304
e 2101 2462
e 2101 2660
e 2101 2922
e 2101 3696
e 2101 4107
e 2101 4653
e 2101 4999
e 2101 5169
e 2101 5237
e 2101 5238
e 2101 5239
e 2101 5240
e 2101 5241
e 2102 2105
e 2102 2108
e 2102 2120
e 2102 2183
e 2102 2207
e 2102 2244
e 2102 2245
e 2102 2248
e 2102 2342
e 2102 2430
e 2102 2532
e 2102 2637
e 2102 3380
e 2102 3384
e 2102 3480
e 2102 3523
e 2102 3646
e 2102 4087
e 2102 4233
e 2102 4499
e 2102 5255
e 2102 5256
e 2103 2110
e 2103 2187
e 2103 2338
e 2103 2441
e 2103 2786
e 2103 2836
e 2104 3137
e 2104 3151
e 2104 3571
e 2104 3668
e 2104 3742
e 2104 4375
e 2104 4471
e 2104 5558
e 2105 2133
e 2105 2143
e 2105 2146
e 2105 2182
e 2105 2184
e 2105 2303
e 2105 2337
e 2105 2922
e 2105 3205
e 2105 3649
e 2105 4109
e 2106 2213
e 2106 2244
e 2106 3593
e 2106 3940
e 2107 2115
e 2107 2132
e 2107 2194
e 2107 2198
e 2107 2446
e 2107 2509
e 2107 2616
e 2107 2637
e 2107 2660
e 2107 5973
e 2108 2120
e 2108 2455
e 2108 2778
e 2108 3227
e 2108 3273
e 2108 4261
e 2108 5986
e 2108 5987
e 2109 3283
e 2109 4233
e 2110 2119
e 2110 2159
e 2110 2163
e 2110 2199
e 2110 2206
e 2110 2208
e 2110 2245
e 2110 2332
e 2110 2432
e 2110 3634
e 2110 5246
e 2111 2244
e 2111 2312
e 2111 4141
e 2111 4355
e 2111 4356
e 2112 2141
e 2112 2152
e 2112 2189
e 2112 2205
e 2112 2221
e 2112 2962
e 2112 3102
e 2112 4349
e 2112 4809
e 2112 4813
e 2112 4814
e 2112 4849
e 2112 4953
e 2112 4954
e 2112 5522
e 2112 5665
e 2112 6041
e 2112 6043
e 2112 6090
e 2112 6092
e 2112 6093
e 2112 6181
e 2112 6430
e 2112 6506
e 2112 6555
e 2112 6751
e 2112 6752
e 2112 6753
e 2112 6754
e 2112 6755
e 2112 6756
e 2112 6757
e 2113 3891
e 2114 2194
e 2114 3614
e 2114 4079
e 2114 4470
e 2114 4497
e 2115 2156
e 2115 2163
e 2115 2193
e 2115 2194
e 2115 2199
e 2115 2215
e 2115 2217
e 2115 2245
e 2115 2247
e 2115 2280
e 2115 2342
e 2115 2509
e 2115 2512
e 2115 3646
e 2115 4079
e 2117 3384
e 2117 4145
e 2117 7416
e 2118 2748
e 2118 3145
e 2118 7418
e 2119 2147
e 2119 2156
e 2119 2168
e 2119 2192
e 2119 2216
e 2119 2379
e 2119 2385
e 2119 2432
e 2119 2441
e 2119 2637
e 2119 2867
e 2119 4151
e 2120 2123
e 2120 2247
e 2120 2509
e 2120 2766
e 2120 2843
e 2120 3227
e 2120 3355
e 2120 3654
e 2120 3906
e 2120 4147
e 2120 4234
e 2120 4358
e 2120 5987
e 2120 7698
e 2121 2432
e 2121 3637
e 2121 3667
e 2121 3669
e 2121 3670
e 2121 3671
e 2121 3673
e 2121 4487
e 2121 4557
e 2121 4593
e 2121 4594
e 2121 4596
e 2121 4598
e 2121 7659
e 2121 7699
e 2121 7700
e 2121 7701
e 2124 2423
e 2124 6038
e 2125 2244
e 2125 2843
e 2127 3922
e 2127 6891
e 2128 7702
e 2129 2817
e 2129 3129
e 2129 3292
e 2129 3482
e 2129 3767
e 2129 4480
e 2129 4481
e 2129 4482
e 2129 4483
e 2130 2875
e 2130 3470
e 2132 2135
e 2132 2194
e 2132 2244
e 2132 2430
e 2132 2660
e 2133 2143
e 2133 2145
e 2133 2146
e 2133 2147
e 2133 2156
e 2133 2175
e 2133 2182
e 2133 2294
e 2133 2306
e 2133 2508
e 2133 2637
e 2133 3634
e 2133 5234
e 2133 5842
e 2133 5983
e 2133 5984
e 2133 5985
e 2134 2143
e 2134 2146
e 2134 2147
e 2134 2163
e 2134 2167
e 2134 2539
e 2134 5098
e 2134 5983
e 2134 5984
e 2135 2137
e 2135 2138
e 2135 2139
e 2135 2142
e 2135 2153
e 2135 2159
e 2135 2176
e 2135 2182
e 2135 2258
e 2135 6439
e 2135 6440
e 2136 2151
e 2136 2163
e 2136 2167
e 2136 2363
e 2137 2341
e 2137 5280
e 2137 7797
e 2138 2139
e 2139 2182
e 2140 2771
e 2140 3101
e 2140 7270
e 2141 2181
e 2141 2184
e 2141 2187
e 2141 2188
e 2141 2194
e 2141 2777
e 2141 3130
e 2141 3632
e 2141 3666
e 2141 4153
e 2141 4434
e 2141 5049
e 2141 5213
e 2141 5280
e 2141 5320
e 2141 5321
e 2141 5322
e 2141 5323
e 2141 5324
e 2141 5325
e 2141 5326
e 2142 2385
e 2142 2806
e 2142 4161
e 2142 4471
e 2142 5608
e 2143 2147
e 2143 2159
e 2143 2164
e 2143 2166
e 2143 2201
e 2143 2244
e 2143 2337
e 2143 2519
e 2143 2799
e 2143 3028
e 2143 4078
e 2143 4429
e 2143 4981
e 2143 4982
e 2143 4983
e 2143 4984
e 2144 2289
e 2144 2399
e 2144 2519
e 2144 2821
e 2144 3295
e 2144 3499
e 2144 4841
e 2145 2607
e 2146 2147
e 2146 2159
e 2146 2163
e 2146 2175
e 2146 2201
e 2146 2244
e 2146 2337
e 2146 2922
e 2146 3028
e 2146 3649
e 2146 4078
e 2146 4109
e 2146 4981
e 2147 2150
e 2147 2164
e 2147 2168
e 2147 2201
e 2147 2202
e 2147 2222
e 2147 2244
e 2147 2245
e 2147 2246
e 2147 2248
e 2147 2249
e 2147 2251
e 2147 2259
e 2147 2305
e 2147 2337
e 2147 2388
e 2147 2539
e 2147 2545
e 2147 2546
e 2147 2547
e 2147 2616
e 2147 2790
e 2147 2799
e 2147 2877
e 2147 2922
e 2147 3018
e 2147 3028
e 2147 3309
e 2147 3756
e 2147 5616
e 2147 6495
e 2147 6496
e 2147 6497
e 2147 6498
e 2147 6499
e 2148 4541
e 2148 4564
e 2149 2708
e 2149 2804
e 2149 3474
e 2149 3640
e 2149 3659
e 2149 3687
e 2149 7350
e 2150 2163
e 2150 2250
e 2150 7420
e 2151 5010
e 2151 5938
e 2152 5023
e 2152 7603
e 2153 7731
e 2154 2761
e 2154 3306
e 2154 3393
e 2154 3406
e 2154 4816
e 2154 5401
e 2154 6268
e 2154 6504
e 2154 6621
e 2154 7215
e 2155 7292
e 2156 2167
e 2156 2448
e 2156 2469
e 2156 2658
e 2156 3028
e 2156 5238
e 2157 2533
e 2158 3640
e 2158 3659
e 2158 7814
e 2159 2208
e 2159 2520
e 2159 4108
e 2159 5241
e 2159 6440
e 2161 2338
e 2161 2731
e 2161 2887
e 2161 2888
e 2161 2889
e 2161 2890
e 2162 2300
e 2162 2383
e 2162 3376
e 2162 3557
e 2162 3663
e 2162 3679
e 2162 4365
e 2162 4591
e 2162 4784
e 2162 5018
e 2163 2199
e 2163 2207
e 2163 2245
e 2163 2539
e 2163 2685
e 2163 3736
e 2163 4999
e 2163 5173
e 2163 5174
e 2164 2194
e 2164 2901
e 2164 3509
e 2164 3802
e 2164 3810
e 2164 4383
e 2164 5155
e 2165 2167
e 2165 3406
e 2165 4192
e 2165 4386
e 2165 5153
e 2165 5661
e 2165 5662
e 2167 2508
e 2167 2539
e 2167 2541
e 2167 4717
e 2167 5464
e 2168 3638
e 2168 6017
e 2168 7298
e 2170 3669
e 2170 4557
e 2170 4592
e 2170 4593
e 2170 4594
e 2170 4599
e 2171 2711
e 2171 7812
e 2172 2870
e 2172 4502
e 2172 7813
e 2173 2872
e 2173 7815
e 2175 5174
e 2175 7906
e 2176 2565
e 2176 3277
e 2176 3474
e 2176 3687
e 2176 3899
e 2176 5372
e 2176 5444
e 2176 5445
e 2177 2351
e 2177 3110
e 2177 3277
e 2177 3758
e 2177 5449
e 2177 5450
e 2177 5451
e 2178 2318
e 2178 2534
e 2178 3129
e 2180 2845
e 2180 2896
e 2180 2897
e 2180 2898
e 2180 2899
e 2180 2900
e 2181 2187
e 2181 2205
e 2181 2512
e 2181 3167
e 2181 3614
e 2181 4940
e 2182 2243
e 2182 3028
e 2182 3494
e 2182 4221
e 2182 5168
e 2183 2336
e 2183 2338
e 2183 2532
e 2183 5216
e 2183 5217
e 2183 5218
e 2183 5219
e 2183 5220
e 2183 5221
e 2183 5222
e 2184 2205
e 2184 2304
e 2184 2660
e 2184 3729
e 2184 5257
e 2184 5258
e 2184 5259
e 2184 5260
e 2184 5261
e 2185 2186
e 2185 2188
e 2185 2342
e 2185 2509
e 2185 2868
e 2185 4079
e 2185 4273
e 2185 4872
e 2185 5278
e 2186 2188
e 2186 2189
e 2186 2342
e 2186 4079
e 2187 4653
e 2188 2205
e 2188 3636
e 2188 5343
e 2188 5344
e 2189 2210
e 2189 2637
e 2189 5419
e 2189 5421
e 2190 2673
e 2190 2686
e 2190 4661
e 2190 5663
e 2190 5664
e 2190 5665
e 2191 2520
e 2192 2320
e 2192 2327
e 2192 5663
e 2192 5954
e 2192 5955
e 2193 2194
e 2193 2508
e 2193 2616
e 2193 3634
e 2193 4320
e 2194 2199
e 2194 2207
e 2194 2211
e 2194 2258
e 2194 2513
e 2194 2660
e 2194 5663
e 2197 2205
e 2198 3242
e 2199 2205
e 2199 2473
e 2199 2660
e 2199 4259
e 2200 2660
e 2201 2248
e 2201 2338
e 2201 2389
e 2201 2642
e 2201 5216
e 2201 5250
e 2201 5871
e 2201 5872
e 2202 2303
e 2202 3638
e 2202 4146
e 2202 4731
e 2202 6498
e 2202 6731
e 2204 3772
e 2204 4694
e 2204 4702
e 2204 6992
e 2205 2210
e 2205 2294
e 2205 2513
e 2205 2640
e 2205 4567
e 2205 4942
e 2205 5286
e 2205 5323
e 2205 5336
e 2205 5337
e 2205 5402
e 2205 7132
e 2208 2306
e 2208 2637
e 2208 7349
e 2209 2441
e 2209 2866
e 2209 4471
e 2210 4567
e 2211 2437
e 2211 3922
e 2211 3938
e 2211 4165
e 2211 4312
e 2211 4315
e 2211 4544
e 2211 4707
e 2211 5213
e 2212 4315
e 2213 2221
e 2213 2244
e 2213 2364
e 2213 2398
e 2213 2467
e 2213 2637
e 2213 2876
e 2213 4122
e 2213 7241
e 2213 7738
e 2213 7739
e 2214 2446
e 2218 2762
e 2218 2913
e 2218 2914
e 2218 2915
e 2219 2573
e 2219 3118
e 2219 3182
e 2220 2221
e 2220 2222
e 2220 2224
e 2220 2225
e 2220 2232
e 2220 2562
e 2220 2571
e 2220 3187
e 2221 2416
e 2221 2553
e 2221 2572
e 2221 2913
e 2221 3187
e 2221 3512
e 2222 2391
e 2222 2571
e 2222 2913
e 2222 3501
e 2222 3505
e 2222 3506
e 2222 3507
e 2222 3512
e 2222 3516
e 2222 3517
e 2222 3518
e 2222 3519
e 2222 4170
e 2222 5594
e 2223 2882
e 2223 3303
e 2224 2232
e 2224 2913
e 2224 3512
e 2224 5133
e 2225 2227
e 2225 2913
e 2225 3512
e 2227 2584
e 2227 3820
e 2227 3835
e 2227 4606
e 2227 6933
e 2229 5133
e 2233 2441
e 2233 2579
e 2233 2612
e 2233 3461
e 2233 4412
e 2234 2525
e 2234 6427
e 2234 7238
e 2235 2433
e 2235 2473
e 2235 3486
e 2235 3489
e 2235 3744
e 2235 4938
e 2241 3986
e 2241 4913
e 2243 2301
e 2243 2519
e 2244 2245
e 2244 2248
e 2244 2249
e 2244 2299
e 2244 2308
e 2244 2439
e 2244 2440
e 2244 2522
e 2244 2614
e 2244 2637
e 2244 2804
e 2244 3450
e 2244 3618
e 2244 3643
e 2244 3647
e 2244 3657
e 2244 3981
e 2244 4039
e 2244 5232
e 2244 5233
e 2245 2248
e 2245 2354
e 2245 2448
e 2245 2660
e 2245 3646
e 2245 4259
e 2246 2306
e 2246 2532
e 2246 3651
e 2246 5971
e 2247 2307
e 2247 2350
e 2247 2473
e 2247 2509
e 2247 2637
e 2247 2646
e 2247 3634
e 2247 3687
e 2247 5078
e 2248 2317
e 2248 2434
e 2248 2637
e 2248 5971
e 2249 2306
e 2250 2267
e 2250 2629
e 2250 3488
e 2250 3979
e 2250 3991
e 2250 3993
e 2250 4386
e 2250 5403
e 2250 6207
e 2251 4083
e 2252 2255
e 2252 7925
e 2254 2255
e 2254 3555
e 2254 7925
e 2255 3555
e 2256 2683
e 2256 2685
e 2256 2686
e 2256 4654
e 2256 6337
e 2257 2317
e 2257 2480
e 2257 2890
e 2257 3374
e 2257 3376
e 2257 3588
e 2257 4126
e 2257 4258
e 2257 4339
e 2257 4730
e 2257 4967
e 2257 5655
e 2257 5656
e 2257 6578
e 2257 6579
e 2258 2336
e 2258 2338
e 2258 3923
e 2258 5023
e 2259 2545
e 2259 2546
e 2259 2547
e 2259 5176
e 2260 3571
e 2260 3742
e 2260 3755
e 2260 4244
e 2260 4371
e 2260 4372
e 2260 4841
e 2260 5396
e 2260 6668
e 2260 7305
e 2261 2426
e 2261 3369
e 2261 5210
e 2261 5971
e 2261 7907
e 2262 3060
e 2262 4966
e 2264 2306
e 2264 2313
e 2264 2465
e 2264 2793
e 2264 3621
e 2264 4656
e 2264 4785
e 2267 2269
e 2267 3433
e 2268 2864
e 2268 3303
e 2268 4215
e 2268 4216
e 2268 4217
e 2268 4218
e 2268 4219
e 2268 4220
e 2269 4668
e 2269 4725
e 2270 2491
e 2270 3507
e 2270 4460
e 2270 6170
e 2270 6720
e 2270 6721
e 2271 3521
e 2271 3635
e 2271 3960
e 2271 6442
e 2271 6762
e 2272 3011
e 2272 3405
e 2272 3409
e 2272 5698
e 2272 5711
e 2272 7081
e 2276 4415
e 2276 5791
e 2276 5846
e 2276 6118
e 2276 7255
e 2276 7256
e 2276 7257
e 2278 2596
e 2279 2526
e 2279 5129
e 2279 6083
e 2279 6371
e 2280 2316
e 2280 2354
e 2280 3261
e 2280 3262
e 2280 5228
e 2280 7793
e 2281 2582
e 2282 2692
e 2282 2696
e 2283 6680
e 2283 7834
e 2285 2496
e 2289 2780
e 2289 3439
e 2289 4301
e 2289 8115
e 2291 6951
e 2292 2294
e 2292 2295
e 2292 5273
e 2293 2581
e 2293 3241
e 2293 4711
e 2293 5122
e 2294 2433
e 2294 2517
e 2294 2670
e 2294 2671
e 2294 2718
e 2294 5473
e 2294 5669
e 2294 7818
e 2298 2433
e 2298 2473
e 2299 2379
e 2299 2385
e 2299 2441
e 2299 2888
e 2299 3609
e 2299 4288
e 2299 4289
e 2299 4405
e 2299 4407
e 2299 4408
e 2299 4409
e 2300 2383
e 2300 3503
e 2300 3678
e 2300 3679
e 2300 4591
e 2300 5000
e 2301 2786
e 2301 2867
e 2301 5180
e 2301 5181
e 2302 5204
e 2303 2313
e 2303 2390
e 2303 2513
e 2303 4742
e 2303 5057
e 2303 5251
e 2303 5252
e 2303 5253
e 2303 5254
e 2304 2383
e 2304 2944
e 2304 3617
e 2304 5866
e 2304 5867
e 2304 5868
e 2305 2438
e 2305 5921
e 2305 5922
e 2306 2323
e 2306 2799
e 2306 5046
e 2306 5964
e 2306 5965
e 2306 5966
e 2307 2440
e 2307 3424
e 2307 5367
e 2307 5976
e 2308 2486
e 2308 2922
e 2308 3649
e 2309 4711
e 2310 2434
e 2310 5971
e 2310 6005
e 2311 2660
e 2311 5234
e 2312 4137
e 2313 2336
e 2313 2338
e 2313 2836
e 2313 4032
e 2313 4338
e 2313 6712
e 2313 6713
e 2314 5003
e 2314 6758
e 2315 3565
e 2315 3581
e 2315 3606
e 2315 3732
e 2315 4081
e 2315 4098
e 2315 5675
e 2315 6376
e 2315 6952
e 2316 2385
e 2317 2887
e 2317 4686
e 2317 5480
e 2317 5559
e 2317 6659
e 2317 6986
e 2317 6987
e 2318 2533
e 2318 2534
e 2318 2535
e 2318 2536
e 2318 2537
e 2319 7366
e 2320 2432
e 2320 5666
e 2321 4544
e 2321 5912
e 2325 4500
e 2326 4872
e 2329 8117
e 2333 8118
e 2334 5356
e 2334 9015
e 2336 2338
e 2336 2838
e 2336 4042
e 2336 4053
e 2337 2343
e 2337 2344
e 2337 2345
e 2337 2354
e 2337 2375
e 2337 2550
e 2337 2618
e 2337 2684
e 2337 2729
e 2337 2766
e 2337 2781
e 2337 2850
e 2337 2867
e 2337 2890
e 2337 2929
e 2337 3142
e 2337 3186
e 2337 3245
e 2337 3280
e 2337 3305
e 2337 3521
e 2337 3582
e 2337 3686
e 2337 3732
e 2337 3786
e 2337 3787
e 2337 3793
e 2337 3794
e 2337 3796
e 2337 3797
e 2337 3798
e 2337 3801
e 2337 3806
e 2337 3809
e 2337 3812
e 2337 3813
e 2337 3814
e 2337 3815
e 2337 3824
e 2337 3825
e 2337 3835
e 2337 3836
e 2337 3838
e 2337 3851
e 2337 3856
e 2337 3857
e 2337 3862
e 2337 3863
e 2337 3865
e 2337 3868
e 2337 3871
e 2337 4101
e 2337 4170
e 2337 4180
e 2337 4359
e 2337 4637
e 2337 4640
e 2337 4644
e 2337 4645
e 2337 5401
e 2337 5402
e 2337 5403
e 2337 5404
e 2337 5405
e 2337 5406
e 2337 5407
e 2337 5408
e 2337 5409
e 2337 5410
e 2337 5411
e 2337 5412
e 2337 5413
e 2337 5414
e 2338 2626
e 2338 2836
e 2338 2837
e 2338 2870
e 2338 3439
e 2338 3785
e 2338 4050
e 2338 4060
e 2338 4061
e 2338 5498
e 2338 6403
e 2338 6404
e 2338 6405
e 2338 6406
e 2339 4139
e 2340 2455
e 2340 2625
e 2340 2724
e 2340 2832
e 2340 2870
e 2340 4779
e 2341 2377
e 2341 2433
e 2341 2527
e 2341 3574
e 2341 3612
e 2341 3737
e 2341 3805
e 2341 3971
e 2341 4216
e 2341 4433
e 2341 4711
e 2341 5223
e 2341 5224
e 2341 5225
e 2341 5226
e 2341 5227
e 2341 5228
e 2341 5229
e 2342 2508
e 2342 2777
e 2342 4653
e 2343 3572
e 2343 4176
e 2343 5124
e 2343 5814
e 2344 2708
e 2344 2709
e 2345 2405
e 2345 3245
e 2345 4502
e 2345 4784
e 2345 5820
e 2346 2381
e 2346 2681
e 2346 2683
e 2346 2685
e 2346 2686
e 2346 5905
e 2346 6610
e 2346 6611
e 2347 4659
e 2347 4679
e 2347 6619
e 2348 3609
e 2348 6890
e 2349 2730
e 2349 3186
e 2349 3573
e 2349 4116
e 2349 4390
e 2349 5332
e 2350 3432
e 2350 3453
e 2350 3466
e 2350 3917
e 2350 4347
e 2350 5314
e 2350 7070
e 2350 7071
e 2350 7072
e 2350 7073
e 2351 2550
e 2351 3240
e 2354 2709
e 2354 3635
e 2354 4090
e 2354 4165
e 2354 4305
e 2354 4696
e 2354 5363
e 2354 5443
e 2354 5906
e 2355 3438
e 2356 2383
e 2356 4840
e 2356 7376
e 2356 7887
e 2357 2363
e 2358 2617
e 2358 3242
e 2358 3532
e 2358 3534
e 2358 3722
e 2358 4986
e 2359 4290
e 2360 4966
e 2360 6498
e 2360 7781
e 2360 8059
e 2361 8060
e 2362 2522
e 2363 5053
e 2363 8092
e 2364 2874
e 2364 3681
e 2365 2842
e 2365 5446
e 2365 5447
e 2365 5953
e 2365 8273
e 2366 3186
e 2368 3446
e 2368 3679
e 2370 2527
e 2370 4086
e 2370 7327
e 2370 8284
e 2371 3027
e 2371 3837
e 2373 2955
e 2373 3010
e 2373 3687
e 2373 3814
e 2374 3282
e 2375 2526
e 2375 2527
e 2375 2842
e 2375 5970
e 2375 7033
e 2375 7085
e 2375 8405
e 2376 2509
e 2379 2731
e 2379 3249
e 2379 3481
e 2379 3493
e 2379 3494
e 2380 3498
e 2380 3499
e 2381 2387
e 2381 2453
e 2381 2890
e 2381 3366
e 2381 3530
e 2381 3572
e 2381 3629
e 2381 3691
e 2381 3692
e 2381 3693
e 2381 3694
e 2382 2385
e 2382 3935
e 2383 2384
e 2383 2387
e 2383 2435
e 2383 2901
e 2383 3386
e 2383 3561
e 2383 3562
e 2383 3631
e 2383 3784
e 2383 4387
e 2383 4624
e 2383 4626
e 2383 4627
e 2383 4628
e 2384 2681
e 2384 2683
e 2384 2685
e 2385 2731
e 2385 2777
e 2385 3009
e 2385 3137
e 2385 3246
e 2385 3248
e 2385 3495
e 2385 3613
e 2385 3622
e 2385 4030
e 2385 4471
e 2385 4695
e 2385 4700
e 2385 4701
e 2385 4702
e 2385 4703
e 2385 4704
e 2385 4705
e 2387 2388
e 2387 2681
e 2387 2683
e 2387 2685
e 2387 2896
e 2387 3699
e 2387 4654
e 2387 5117
e 2388 2436
e 2388 2667
e 2388 3242
e 2388 3243
e 2388 3376
e 2388 3678
e 2388 3679
e 2388 3730
e 2388 4627
e 2388 4654
e 2388 5114
e 2389 4042
e 2389 5250
e 2390 2468
e 2390 2548
e 2390 2549
e 2390 2852
e 2390 3591
e 2391 3376
e 2391 3436
e 2391 3722
e 2391 6205
e 2392 2447
e 2392 3248
e 2392 3364
e 2392 3366
e 2392 3368
e 2392 3369
e 2392 3371
e 2392 3491
e 2392 3700
e 2392 3725
e 2392 4391
e 2392 4629
e 2392 4635
e 2392 5998
e 2392 6412
e 2392 6413
e 2393 3633
e 2394 3179
e 2394 3674
e 2394 4468
e 2394 5003
e 2394 5004
e 2394 5008
e 2394 5832
e 2394 6300
e 2394 6839
e 2395 4174
e 2395 4176
e 2395 4183
e 2395 4381
e 2395 6161
e 2396 2511
e 2397 7697
e 2399 3637
e 2399 5023
e 2401 2621
e 2401 2647
e 2401 3204
e 2403 3177
e 2403 6668
e 2404 2866
e 2404 3895
e 2404 4233
e 2404 4234
e 2404 4376
e 2404 5189
e 2405 6121
e 2406 3283
e 2407 3242
e 2407 3243
e 2407 4176
e 2410 7804
e 2411 3538
e 2411 6446
e 2414 2709
e 2414 3521
e 2415 4227
e 2415 4228
e 2415 4229
e 2416 3566
e 2416 3781
e 2416 4147
e 2416 4416
e 2416 4814
e 2416 4861
e 2416 5489
e 2416 5522
e 2416 6048
e 2416 6084
e 2416 6085
e 2416 6086
e 2417 2910
e 2417 3070
e 2417 3468
e 2417 3469
e 2417 4379
e 2417 4444
e 2417 4814
e 2417 4954
e 2417 5629
e 2417 5848
e 2417 6044
e 2417 6053
e 2417 6100
e 2417 6101
e 2418 5517
e 2419 2420
e 2419 2524
e 2419 3019
e 2419 4970
e 2419 5892
e 2419 6789
e 2419 6790
e 2419 6793
e 2419 6799
e 2420 2524
e 2420 3019
e 2420 3282
e 2420 5892
e 2420 6789
e 2420 6790
e 2421 2753
e 2421 2899
e 2421 2954
e 2421 3102
e 2421 3283
e 2421 3462
e 2421 3566
e 2421 3791
e 2421 4349
e 2421 4604
e 2421 4661
e 2421 5122
e 2421 5249
e 2421 5301
e 2421 5981
e 2421 6042
e 2421 6043
e 2421 6044
e 2421 6052
e 2421 6092
e 2421 6506
e 2421 6604
e 2421 6751
e 2421 7054
e 2422 3011
e 2422 4529
e 2422 5517
e 2422 7203
e 2422 7205
e 2423 2859
e 2423 2989
e 2423 3134
e 2423 3202
e 2423 3408
e 2423 3462
e 2423 4604
e 2423 4804
e 2423 4851
e 2423 4857
e 2423 4859
e 2423 5522
e 2423 6042
e 2423 6088
e 2423 6283
e 2423 6751
e 2423 7255
e 2423 7637
e 2423 7638
e 2423 7639
e 2424 2710
e 2424 2859
e 2424 2862
e 2424 3202
e 2424 3729
e 2424 4626
e 2424 6084
e 2424 6603
e 2424 8083
e 2424 8573
e 2424 8574
e 2424 8575
e 2425 3157
e 2425 3526
e 2425 3704
e 2425 3802
e 2425 4260
e 2425 6046
e 2425 6050
e 2425 6188
e 2425 6266
e 2425 6335
e 2425 6542
e 2425 6622
e 2425 7181
e 2425 8384
e 2425 8689
e 2425 8885
e 2425 9124
e 2425 9126
e 2425 9127
e 2425 9128
e 2426 2908
e 2426 5971
e 2426 7909
e 2427 2684
e 2427 2899
e 2427 7773
e 2427 8565
e 2427 8566
e 2428 2780
e 2429 3275
e 2430 2441
e 2430 2628
e 2430 2745
e 2430 2867
e 2430 3380
e 2430 3421
e 2430 3468
e 2430 4730
e 2430 4731
e 2430 4732
e 2430 4733
e 2430 4734
e 2430 4735
e 2431 3242
e 2432 4699
e 2433 2473
e 2433 2520
e 2433 2554
e 2433 2558
e 2433 2671
e 2433 2717
e 2433 2718
e 2433 2719
e 2433 2958
e 2433 3814
e 2433 3971
e 2433 3976
e 2433 4156
e 2433 4499
e 2433 4711
e 2433 4759
e 2433 4768
e 2433 5097
e 2433 5099
e 2433 5101
e 2433 5102
e 2433 5473
e 2433 5669
e 2433 5670
e 2433 5671
e 2433 5672
e 2433 5673
e 2433 5674
e 2433 5675
e 2433 5676
e 2433 5677
e 2433 5678
e 2433 5679
e 2433 5680
e 2433 5681
e 2433 5682
e 2433 5683
e 2433 5684
e 2433 5685
e 2433 5686
e 2433 5687
e 2433 5688
e 2433 5689
e 2433 5690
e 2433 5691
e 2433 5692
e 2434 2452
e 2434 2617
e 2434 2618
e 2434 2631
e 2434 3261
e 2434 3940
e 2434 4101
e 2434 4113
e 2434 4347
e 2434 5836
e 2435 5176
e 2436 2682
e 2437 4312
e 2437 4550
e 2437 4567
e 2437 4941
e 2437 5234
e 2437 5911
e 2437 5912
e 2437 5913
e 2438 5926
e 2439 2730
e 2439 2845
e 2439 3520
e 2439 3596
e 2439 4295
e 2439 4736
e 2439 5041
e 2440 4122
e 2441 2442
e 2441 2460
e 2441 2731
e 2441 2786
e 2441 2866
e 2441 3009
e 2441 3132
e 2441 3133
e 2441 3171
e 2441 3304
e 2441 3379
e 2441 3494
e 2441 3571
e 2441 4338
e 2441 5608
e 2441 5622
e 2442 2462
e 2442 2867
e 2442 3132
e 2442 3304
e 2442 3379
e 2442 3484
e 2442 4653
e 2443 3484
e 2443 5559
e 2444 4389
e 2445 3499
e 2446 2457
e 2447 2681
e 2447 2683
e 2447 2685
e 2447 2686
e 2447 3692
e 2447 6610
e 2447 6678
e 2448 3273
e 2448 5183
e 2448 5959
e 2449 3922
e 2449 7292
e 2451 2637
e 2451 3615
e 2451 4395
e 2451 4882
e 2452 3198
e 2452 4986
e 2453 2881
e 2453 6160
e 2453 6431
e 2453 7386
e 2453 7387
e 2454 4927
e 2454 5168
e 2455 2637
e 2455 4745
e 2455 5986
e 2456 3534
e 2456 5264
e 2456 7414
e 2456 7415
e 2457 2663
e 2457 3223
e 2457 3652
e 2457 3805
e 2457 4165
e 2457 4166
e 2458 4345
e 2459 6262
e 2459 7709
e 2460 2866
e 2460 2872
e 2461 3477
e 2461 5941
e 2463 2638
e 2463 2870
e 2463 3924
e 2463 4170
e 2463 4887
e 2464 2879
e 2464 3408
e 2464 6741
e 2464 8112
e 2465 5266
e 2467 2645
e 2467 3438
e 2467 3441
e 2467 3574
e 2467 3813
e 2467 3957
e 2467 3973
e 2467 4380
e 2467 4580
e 2467 4962
e 2467 5087
e 2467 5193
e 2467 5365
e 2467 5374
e 2467 5916
e 2467 6105
e 2467 6169
e 2467 7408
e 2467 7859
e 2468 2850
e 2468 3574
e 2468 3638
e 2468 3918
e 2468 4911
e 2468 5023
e 2469 3787
e 2469 4393
e 2470 2842
e 2470 3588
e 2470 8408
e 2470 8409
e 2470 8410
e 2470 8411
e 2470 8412
e 2470 8413
e 2470 8414
e 2473 4708
e 2475 4376
e 2475 4908
e 2475 5069
e 2475 5949
e 2476 5232
e 2477 5232
e 2478 2534
e 2478 3349
e 2478 4414
e 2478 4415
e 2478 4416
e 2478 4417
e 2478 4418
e 2478 4419
e 2478 4420
e 2478 4421
e 2478 4422
e 2478 4423
e 2478 4424
e 2478 4425
e 2478 4426
e 2479 3128
e 2479 3287
e 2479 3738
e 2479 3749
e 2479 3757
e 2479 4286
e 2479 4330
e 2479 4575
e 2479 4576
e 2479 4577
e 2479 4578
e 2480 3384
e 2480 3468
e 2480 3469
e 2480 4866
e 2480 4879
e 2480 4880
e 2480 4881
e 2480 5892
e 2480 6041
e 2480 6043
e 2480 6912
e 2484 4460
e 2484 7374
e 2485 2600
e 2485 6972
e 2485 7438
e 2486 2786
e 2487 3492
e 2488 2522
e 2488 2529
e 2488 2716
e 2488 3013
e 2488 3906
e 2488 4443
e 2488 4913
e 2488 5079
e 2488 5508
e 2488 5839
e 2488 6294
e 2488 6295
e 2488 6296
e 2488 6319
e 2488 6329
e 2488 6602
e 2488 6841
e 2488 7725
e 2488 7798
e 2488 7799
e 2488 7800
e 2488 7801
e 2494 7242
e 2495 2698
e 2496 6375
e 2496 8618
e 2496 8619
e 2497 3195
e 2498 3243
e 2498 8620
e 2503 4787
e 2503 7376
e 2508 4717
e 2509 2637
e 2509 3636
e 2510 2852
e 2510 4730
e 2510 5262
e 2510 5263
e 2510 5651
e 2511 2821
e 2511 2888
e 2511 2922
e 2511 3505
e 2511 3609
e 2511 3649
e 2511 7155
e 2512 3614
e 2512 5204
e 2512 5336
e 2512 5914
e 2513 6589
e 2514 5613
e 2514 5913
e 2514 7717
e 2514 8263
e 2514 8264
e 2514 8265
e 2514 8266
e 2514 8267
e 2514 8268
e 2514 8269
e 2514 8270
e 2515 4754
e 2515 8271
e 2517 2670
e 2517 2671
e 2517 3107
e 2517 4298
e 2517 4702
e 2517 5098
e 2517 5669
e 2517 5670
e 2517 6364
e 2517 7819
e 2517 8288
e 2517 8289
e 2517 8290
e 2517 8291
e 2519 3499
e 2519 4761
e 2520 4708
e 2520 4759
e 2520 5425
e 2522 2678
e 2522 2717
e 2522 2959
e 2522 3013
e 2522 3241
e 2522 3432
e 2522 4091
e 2522 4163
e 2522 4521
e 2522 4913
e 2522 5508
e 2522 5646
e 2522 5695
e 2522 5839
e 2522 5892
e 2522 6317
e 2522 6318
e 2522 6319
e 2522 6320
e 2522 6321
e 2522 6322
e 2522 6323
e 2523 4298
e 2523 5273
e 2523 6146
e 2523 6150
e 2523 6377
e 2524 3019
e 2524 4970
e 2524 6790
e 2524 6793
e 2524 6799
e 2524 6800
e 2525 2603
e 2525 2914
e 2525 3474
e 2525 3963
e 2525 5166
e 2525 5787
e 2525 5845
e 2525 6380
e 2525 6660
e 2525 7079
e 2525 7239
e 2526 2527
e 2526 2579
e 2526 2670
e 2526 3322
e 2526 3591
e 2526 3977
e 2526 4153
e 2526 4154
e 2526 4155
e 2526 4156
e 2526 4160
e 2526 6110
e 2526 6428
e 2527 4153
e 2527 4160
e 2527 5091
e 2527 5098
e 2527 6392
e 2527 7316
e 2527 7317
e 2529 4574
e 2529 6886
e 2530 3314
e 2530 8684
e 2532 2661
e 2532 2777
e 2532 3532
e 2532 4587
e 2532 5327
e 2532 5328
e 2532 5946
e 2532 5947
e 2532 5948
e 2533 2947
e 2533 3126
e 2533 3127
e 2533 3140
e 2533 3141
e 2533 4243
e 2534 7063
e 2534 7064
e 2538 3029
e 2538 3482
e 2538 3488
e 2538 4187
e 2538 4188
e 2538 4656
e 2538 4891
e 2538 5152
e 2538 5499
e 2538 5774
e 2538 5821
e 2538 6103
e 2538 6104
e 2542 2544
e 2542 3189
e 2542 4286
e 2542 4470
e 2542 4579
e 2542 4580
e 2542 4581
e 2542 4582
e 2543 3477
e 2543 5455
e 2544 3103
e 2544 3748
e 2544 3767
e 2544 4288
e 2544 4562
e 2544 5333
e 2544 5338
e 2544 6999
e 2545 2547
e 2545 3364
e 2545 7297
e 2546 2547
e 2548 2549
e 2548 2553
e 2548 2554
e 2548 3142
e 2548 4411
e 2548 4412
e 2548 4413
e 2549 2554
e 2549 2623
e 2549 5040
e 2550 2629
e 2550 3639
e 2550 3740
e 2550 4090
e 2550 4093
e 2550 4113
e 2550 5842
e 2550 5843
e 2550 5844
e 2551 7331
e 2552 5843
e 2552 6443
e 2553 8006
e 2554 2623
e 2554 5156
e 2556 4712
e 2558 2716
e 2559 2583
e 2562 3185
e 2564 2698
e 2564 3106
e 2564 3301
e 2564 3302
e 2566 3186
e 2566 3510
e 2567 2716
e 2567 2959
e 2568 4977
e 2569 2949
e 2569 3430
e 2569 5977
e 2569 5978
e 2570 6414
e 2571 3374
e 2571 6170
e 2571 6489
e 2571 6521
e 2572 6642
e 2573 3182
e 2573 6670
e 2574 2588
e 2574 4502
e 2575 2577
e 2575 2580
e 2575 2905
e 2575 3033
e 2575 3425
e 2575 3799
e 2575 3979
e 2575 4661
e 2575 5429
e 2575 5848
e 2575 6266
e 2575 7226
e 2575 7227
e 2575 7228
e 2575 7229
e 2576 5203
e 2576 7233
e 2576 7234
e 2577 5708
e 2578 3049
e 2578 7294
e 2579 2684
e 2579 3278
e 2579 4317
e 2579 4650
e 2579 4786
e 2579 4814
e 2579 6325
e 2579 7525
e 2579 7526
e 2579 7527
e 2579 7528
e 2579 7529
e 2579 7530
e 2579 7531
e 2580 5845
e 2584 2591
e 2584 3685
e 2584 4633
e 2584 4918
e 2584 6357
e 2584 7204
e 2585 2770
e 2585 3922
e 2585 4166
e 2586 8109
e 2587 3408
e 2587 7392
e 2587 8536
e 2588 3443
e 2588 6286
e 2592 3687
e 2592 5445
e 2592 5817
e 2597 3551
e 2597 3552
e 2597 3553
e 2597 3554
e 2598 2944
e 2598 3241
e 2598 3318
e 2598 3523
e 2598 3572
e 2598 4087
e 2598 5124
e 2599 2628
e 2599 2637
e 2599 6008
e 2601 3889
e 2601 6615
e 2602 3376
e 2602 3692
e 2602 4824
e 2602 6884
e 2603 7238
e 2604 8010
e 2607 4376
e 2608 5931
e 2609 3282
e 2609 3938
e 2609 3939
e 2609 4545
e 2609 5611
e 2610 7020
e 2612 3936
e 2612 4258
e 2612 4432
e 2614 3206
e 2614 5045
e 2615 5956
e 2616 4357
e 2617 2618
e 2617 3940
e 2617 4101
e 2617 4180
e 2617 4794
e 2617 5594
e 2617 6072
e 2617 6073
e 2618 3844
e 2618 3940
e 2618 5836
e 2618 6072
e 2618 6082
e 2619 3230
e 2620 2829
e 2621 2647
e 2621 6943
e 2621 6944
e 2623 5076
e 2623 5923
e 2623 5924
e 2624 4661
e 2625 3321
e 2625 3404
e 2625 3829
e 2625 5309
e 2625 6330
e 2625 6745
e 2625 6888
e 2625 6946
e 2625 6947
e 2625 6948
e 2625 6949
e 2625 6950
e 2626 3248
e 2626 4147
e 2626 4706
e 2626 5953
e 2627 2943
e 2627 3070
e 2628 2639
e 2628 2892
e 2628 3206
e 2628 6193
e 2628 6955
e 2629 3437
e 2629 3969
e 2630 4784
e 2632 3940
e 2635 2959
e 2637 2646
e 2637 2648
e 2637 2764
e 2637 2780
e 2637 2816
e 2637 3380
e 2637 3381
e 2637 3633
e 2637 3634
e 2637 3638
e 2637 3649
e 2637 3660
e 2637 4087
e 2637 4151
e 2637 4170
e 2637 4649
e 2637 4736
e 2637 7031
e 2638 2944
e 2639 6669
e 2644 3827
e 2645 2670
e 2645 2718
e 2645 3107
e 2645 4137
e 2645 4298
e 2645 4702
e 2645 4926
e 2645 5293
e 2645 8288
e 2646 2664
e 2646 2956
e 2646 3784
e 2646 4736
e 2646 4777
e 2646 8391
e 2647 8577
e 2648 2748
e 2648 3206
e 2648 3380
e 2648 3381
e 2649 2780
e 2649 3640
e 2650 4708
e 2650 8284
e 2651 2959
e 2651 3173
e 2655 8897
e 2659 3184
e 2659 5972
e 2660 2778
e 2660 3659
e 2660 6659
e 2660 7328
e 2660 7329
e 2662 2843
e 2662 3807
e 2662 7419
e 2663 2860
e 2663 2888
e 2663 2906
e 2663 3652
e 2663 3979
e 2663 3994
e 2663 4709
e 2663 5443
e 2663 7996
e 2664 4169
e 2664 4320
e 2664 4363
e 2664 4982
e 2664 6774
e 2664 7490
e 2664 8335
e 2664 8336
e 2664 8337
e 2664 8338
e 2664 8339
e 2665 3306
e 2666 3340
e 2666 4540
e 2666 6909
e 2666 9194
e 2666 9255
e 2667 2669
e 2667 2672
e 2667 4223
e 2667 4286
e 2668 2669
e 2668 2672
e 2668 2823
e 2668 6280
e 2669 2670
e 2669 2671
e 2669 5669
e 2669 5670
e 2669 7816
e 2669 7817
e 2670 2717
e 2670 3224
e 2670 4137
e 2670 5072
e 2670 5296
e 2670 5669
e 2670 5678
e 2670 5679
e 2670 5690
e 2670 7003
e 2670 7818
e 2670 7819
e 2670 7820
e 2671 2718
e 2671 5669
e 2671 5678
e 2671 5679
e 2671 5690
e 2672 7817
e 2673 3328
e 2674 3635
e 2674 4604
e 2675 2961
e 2675 3525
e 2675 7360
e 2675 7544
e 2675 7751
e 2677 5598
e 2678 5823
e 2678 6370
e 2678 8324
e 2680 5791
e 2681 2685
e 2681 2890
e 2681 2896
e 2681 2910
e 2681 2911
e 2681 3367
e 2681 3532
e 2681 3533
e 2681 3578
e 2681 3629
e 2681 3694
e 2681 3695
e 2681 3696
e 2681 3697
e 2681 3698
e 2681 3699
e 2681 3700
e 2681 3701
e 2681 3702
e 2681 3703
e 2681 3704
e 2681 3705
e 2682 2687
e 2682 2790
e 2682 3063
e 2682 3531
e 2682 3533
e 2682 3556
e 2682 3629
e 2682 3694
e 2682 3700
e 2682 3706
e 2682 3707
e 2682 3708
e 2682 3709
e 2682 3710
e 2682 3711
e 2682 3712
e 2682 3713
e 2682 3714
e 2682 3715
e 2682 3716
e 2683 2687
e 2683 2896
e 2683 3063
e 2683 3271
e 2683 3282
e 2683 3364
e 2683 3532
e 2683 3578
e 2683 3629
e 2683 3691
e 2683 3693
e 2683 3694
e 2683 3696
e 2683 3697
e 2683 3700
e 2683 3701
e 2683 3703
e 2683 3710
e 2683 3717
e 2683 3718
e 2683 3719
e 2683 3720
e 2683 3721
e 2683 3722
e 2683 3723
e 2683 3724
e 2683 3725
e 2683 3726
e 2683 3727
e 2684 2868
e 2684 3103
e 2684 4175
e 2684 4285
e 2684 4286
e 2684 4289
e 2684 4302
e 2684 4315
e 2684 4324
e 2684 4567
e 2684 4568
e 2684 4569
e 2684 4570
e 2684 4571
e 2684 4572
e 2684 4573
e 2684 4574
e 2685 2764
e 2685 2768
e 2685 2872
e 2685 2890
e 2685 2896
e 2685 3367
e 2685 3371
e 2685 3527
e 2685 3530
e 2685 3531
e 2685 3532
e 2685 3533
e 2685 3556
e 2685 3578
e 2685 3692
e 2685 3696
e 2685 3697
e 2685 3698
e 2685 3699
e 2685 3700
e 2685 3703
e 2685 3722
e 2685 3723
e 2685 3724
e 2685 4388
e 2685 4629
e 2685 4630
e 2685 4631
e 2685 4632
e 2685 4633
e 2685 4634
e 2685 4635
e 2686 2850
e 2686 2890
e 2686 3530
e 2686 3578
e 2686 3694
e 2686 3696
e 2686 3697
e 2686 3700
e 2686 3701
e 2686 3703
e 2686 3722
e 2686 3723
e 2686 3725
e 2686 4388
e 2686 5340
e 2686 5341
e 2687 3242
e 2687 3710
e 2687 4843
e 2687 7051
e 2687 7053
e 2688 4843
e 2692 4459
e 2692 5429
e 2693 6450
e 2693 7232
e 2694 2708
e 2694 3848
e 2694 6502
e 2694 7252
e 2695 3455
e 2695 3456
e 2695 3466
e 2695 5135
e 2695 5512
e 2695 6086
e 2695 6793
e 2697 2731
e 2697 2867
e 2697 3120
e 2697 4337
e 2697 4727
e 2697 4728
e 2697 5740
e 2698 2710
e 2698 3019
e 2698 3026
e 2698 3575
e 2698 4986
e 2698 6287
e 2698 6295
e 2698 6367
e 2698 6607
e 2698 6835
e 2699 2710
e 2699 3575
e 2699 6140
e 2699 6367
e 2699 7190
e 2700 5799
e 2700 7011
e 2701 5522
e 2701 5575
e 2701 8921
e 2702 6140
e 2703 6121
e 2704 2917
e 2704 3139
e 2704 5765
e 2704 5766
e 2705 3469
e 2706 3918
e 2707 2785
e 2707 3306
e 2707 3645
e 2707 4497
e 2707 4666
e 2707 5213
e 2707 5883
e 2707 6005
e 2707 6621
e 2707 6984
e 2708 2709
e 2708 3057
e 2708 3404
e 2708 4504
e 2708 4506
e 2708 4507
e 2708 4508
e 2708 4511
e 2708 4532
e 2708 4533
e 2708 4534
e 2708 4535
e 2708 4536
e 2708 4537
e 2708 4538
e 2708 4539
e 2709 3057
e 2709 3101
e 2709 3190
e 2709 3348
e 2709 4500
e 2709 4505
e 2709 4507
e 2709 4509
e 2709 4510
e 2709 5489
e 2709 6057
e 2709 6084
e 2709 6344
e 2709 6709
e 2709 6883
e 2709 6906
e 2709 6913
e 2709 7784
e 2709 8371
e 2710 3106
e 2710 3374
e 2710 3462
e 2710 3574
e 2710 4604
e 2710 4929
e 2710 8022
e 2711 2712
e 2711 7812
e 2713 4973
e 2713 4974
e 2713 4975
e 2714 5464
e 2715 3742
e 2715 6360
e 2715 6906
e 2716 2922
e 2716 2927
e 2716 2933
e 2716 2951
e 2716 2978
e 2716 3084
e 2716 3329
e 2716 3474
e 2716 3687
e 2716 3763
e 2716 4167
e 2716 4711
e 2716 5183
e 2716 5290
e 2716 5445
e 2716 7207
e 2716 7324
e 2716 7355
e 2716 7989
e 2716 8132
e 2716 8133
e 2716 8134
e 2716 8135
e 2716 8136
e 2716 8137
e 2716 8138
e 2716 8139
e 2716 8140
e 2716 8141
e 2716 8142
e 2718 2719
e 2718 3814
e 2718 4711
e 2718 5093
e 2718 5473
e 2718 5690
e 2718 8085
e 2721 2817
e 2721 2818
e 2721 2819
e 2725 3275
e 2725 3282
e 2725 3283
e 2725 3284
e 2726 2750
e 2726 2854
e 2726 2993
e 2726 3136
e 2726 3297
e 2727 3383
e 2728 2764
e 2728 2768
e 2728 2772
e 2728 3629
e 2729 3806
e 2729 4432
e 2730 2889
e 2730 3227
e 2730 3247
e 2730 3508
e 2730 3558
e 2730 3970
e 2730 4078
e 2730 4542
e 2730 4720
e 2730 4721
e 2730 4722
e 2730 4723
e 2731 2867
e 2732 2735
e 2732 4724
e 2732 4725
e 2733 4726
e 2734 2867
e 2734 3120
e 2734 3132
e 2734 3135
e 2734 3484
e 2734 3486
e 2734 4653
e 2734 4727
e 2734 4728
e 2736 3583
e 2738 4771
e 2738 4772
e 2739 2901
e 2742 4170
e 2742 4780
e 2742 4781
e 2742 4782
e 2743 4783
e 2745 4784
e 2746 3220
e 2747 3626
e 2747 4162
e 2747 4785
e 2747 4786
e 2747 4787
e 2747 4788
e 2747 4789
e 2747 4790
e 2748 2892
e 2748 3272
e 2748 4645
e 2748 4718
e 2748 4791
e 2750 4668
e 2750 4726
e 2750 4792
e 2750 4793
e 2753 3110
e 2753 4794
e 2756 4799
e 2756 4800
e 2759 6067
e 2759 7118
e 2759 7486
e 2759 7647
e 2759 8237
e 2759 8238
e 2761 3304
e 2761 3305
e 2761 3306
e 2761 3307
e 2762 3192
e 2762 3555
e 2763 3070
e 2763 4138
e 2763 4139
e 2763 4140
e 2764 3732
e 2764 3733
e 2764 5139
e 2764 5169
e 2765 5002
e 2766 3827
e 2767 3292
e 2767 3293
e 2767 3294
e 2768 3375
e 2768 3703
e 2768 3732
e 2768 4150
e 2768 4781
e 2768 7267
e 2769 2852
e 2769 2872
e 2769 2944
e 2769 3192
e 2769 5267
e 2769 5654
e 2769 5655
e 2769 7268
e 2770 3803
e 2770 3987
e 2770 4165
e 2770 4166
e 2770 7206
e 2770 7269
e 2771 3348
e 2771 4257
e 2771 5132
e 2771 6595
e 2771 7270
e 2772 4771
e 2772 4921
e 2776 3162
e 2777 2867
e 2777 3493
e 2777 3895
e 2777 3942
e 2777 5034
e 2777 5035
e 2777 5036
e 2777 5037
e 2777 5038
e 2777 5039
e 2778 3380
e 2778 4233
e 2778 5255
e 2779 4383
e 2780 2871
e 2780 3642
e 2780 4233
e 2780 5998
e 2780 5999
e 2780 6000
e 2780 6001
e 2780 6002
e 2780 6003
e 2780 6004
e 2781 5164
e 2784 2947
e 2784 3126
e 2784 3132
e 2784 3140
e 2784 3141
e 2784 3379
e 2784 3484
e 2784 3485
e 2784 3489
e 2784 3744
e 2784 4223
e 2784 4243
e 2784 4313
e 2784 4342
e 2784 4376
e 2784 4377
e 2784 4687
e 2784 4696
e 2784 5301
e 2784 5746
e 2784 6495
e 2784 6983
e 2785 3192
e 2785 3397
e 2785 4666
e 2785 5401
e 2785 5883
e 2785 6046
e 2785 6060
e 2785 6361
e 2785 6501
e 2785 6503
e 2785 6621
e 2785 6984
e 2786 2793
e 2786 2867
e 2786 3240
e 2786 3484
e 2786 3488
e 2786 4555
e 2786 4653
e 2786 4727
e 2786 4985
e 2786 5183
e 2786 5622
e 2786 5964
e 2787 3162
e 2788 3373
e 2790 5404
e 2790 7247
e 2791 2792
e 2791 5445
e 2791 6499
e 2791 7295
e 2792 4003
e 2793 3621
e 2793 4842
e 2795 3543
e 2795 5324
e 2796 3068
e 2796 4414
e 2797 5099
e 2797 7296
e 2798 4207
e 2799 7299
e 2804 2843
e 2804 2952
e 2804 3009
e 2804 3160
e 2804 3448
e 2804 3659
e 2804 3687
e 2804 3782
e 2804 5445
e 2804 6320
e 2804 7235
e 2804 7354
e 2804 7355
e 2806 2867
e 2806 4241
e 2806 7449
e 2806 7450
e 2806 7451
e 2806 7452
e 2806 7453
e 2807 8332
e 2808 3553
e 2808 3554
e 2808 3627
e 2809 6378
e 2810 4212
e 2810 8702
e 2810 8703
e 2811 5344
e 2813 3027
e 2813 3791
e 2813 5565
e 2813 5988
e 2813 5989
e 2813 5990
e 2813 5991
e 2813 5992
e 2813 5993
e 2813 5994
e 2813 5995
e 2813 5996
e 2813 5997
e 2814 3105
e 2814 3774
e 2814 4077
e 2814 4442
e 2814 5343
e 2814 7092
e 2814 7093
e 2814 7094
e 2815 3276
e 2815 7440
e 2817 4320
e 2817 4490
e 2817 4497
e 2817 4498
e 2818 3120
e 2818 4148
e 2818 4370
e 2818 4462
e 2818 4471
e 2818 4472
e 2818 4694
e 2818 4701
e 2818 5456
e 2818 5457
e 2818 5543
e 2818 5544
e 2818 5545
e 2818 5546
e 2818 5547
e 2818 5548
e 2818 5549
e 2818 5550
e 2818 5551
e 2819 3559
e 2819 3774
e 2819 4115
e 2819 4542
e 2819 5228
e 2819 8103
e 2820 4231
e 2821 4687
e 2822 3205
e 2822 3206
e 2822 3230
e 2822 3285
e 2822 3286
e 2822 3385
e 2822 3431
e 2823 4399
e 2823 4680
e 2823 7856
e 2823 7857
e 2823 7858
e 2825 3062
e 2825 8885
e 2826 4081
e 2829 2841
e 2829 2845
e 2829 2846
e 2829 2847
e 2829 2901
e 2829 2902
e 2829 2903
e 2831 2911
e 2831 2912
e 2832 3732
e 2832 3918
e 2832 5023
e 2833 3918
e 2833 7403
e 2835 2896
e 2835 4523
e 2835 6400
e 2835 6401
e 2836 2889
e 2836 3024
e 2836 3259
e 2836 4003
e 2836 4032
e 2836 5808
e 2836 6400
e 2836 6403
e 2836 6853
e 2837 4043
e 2837 4044
e 2837 4045
e 2837 4046
e 2837 4128
e 2841 5837
e 2842 2919
e 2842 3124
e 2842 3244
e 2842 3365
e 2842 3526
e 2842 3588
e 2842 3680
e 2842 3729
e 2842 3972
e 2842 4318
e 2842 4430
e 2842 4679
e 2842 4782
e 2842 4795
e 2842 4814
e 2842 4880
e 2842 4891
e 2842 4892
e 2842 4893
e 2842 4894
e 2842 4895
e 2842 4896
e 2842 4897
e 2842 4898
e 2842 5023
e 2842 5446
e 2842 5447
e 2842 5803
e 2842 5877
e 2842 5878
e 2842 5879
e 2842 5880
e 2842 5881
e 2842 5882
e 2842 5883
e 2842 5884
e 2842 5885
e 2842 5886
e 2842 5887
e 2842 5888
e 2842 5889
e 2843 2845
e 2843 3384
e 2843 4147
e 2843 4234
e 2843 4356
e 2844 6605
e 2845 2952
e 2845 3510
e 2845 3571
e 2845 4234
e 2847 4512
e 2848 5916
e 2851 4301
e 2851 6667
e 2851 6925
e 2852 2853
e 2852 3240
e 2852 3258
e 2852 4730
e 2852 5263
e 2852 5264
e 2852 5265
e 2852 5266
e 2853 3256
e 2853 5270
e 2856 3896
e 2857 2875
e 2859 3012
e 2859 3306
e 2859 3388
e 2859 3687
e 2859 4109
e 2859 4301
e 2859 4661
e 2859 4889
e 2859 5129
e 2859 5504
e 2859 5557
e 2859 6248
e 2859 6266
e 2859 6267
e 2859 6268
e 2859 6269
e 2859 6270
e 2859 6271
e 2860 3009
e 2860 3283
e 2860 3421
e 2860 3455
e 2860 3456
e 2860 3466
e 2860 4017
e 2860 4165
e 2860 4410
e 2860 5095
e 2860 5166
e 2860 5451
e 2860 6011
e 2860 6267
e 2860 6469
e 2860 6560
e 2860 6861
e 2860 7399
e 2861 4905
e 2861 7121
e 2862 3071
e 2862 3076
e 2862 3374
e 2862 6215
e 2862 7673
e 2862 8761
e 2862 9143
e 2864 3300
e 2866 2867
e 2866 2872
e 2866 3133
e 2866 3240
e 2866 3364
e 2866 3488
e 2866 3495
e 2866 3656
e 2866 3897
e 2866 4223
e 2866 4305
e 2866 4321
e 2866 4727
e 2866 5622
e 2866 5623
e 2866 5624
e 2866 5625
e 2866 5626
e 2867 3120
e 2867 3135
e 2867 3241
e 2867 3249
e 2867 3483
e 2867 3488
e 2867 3493
e 2867 3495
e 2867 3496
e 2867 3895
e 2867 4151
e 2867 4294
e 2867 4336
e 2867 4653
e 2867 4936
e 2867 5183
e 2867 5205
e 2867 5207
e 2867 5213
e 2867 5317
e 2867 5729
e 2867 5730
e 2867 5731
e 2867 5732
e 2868 3778
e 2868 5278
e 2868 5734
e 2868 5735
e 2869 2901
e 2870 2888
e 2870 3316
e 2870 3450
e 2870 3574
e 2870 5518
e 2870 6717
e 2870 6718
e 2871 4696
e 2871 4911
e 2871 5169
e 2871 6945
e 2872 3379
e 2872 4082
e 2872 5263
e 2873 3134
e 2873 6452
e 2873 6843
e 2873 7694
e 2874 6288
e 2875 3304
e 2875 4507
e 2875 8218
e 2875 8219
e 2876 4140
e 2879 5602
e 2879 6599
e 2879 6600
e 2880 3282
e 2880 7433
e 2880 7434
e 2880 9017
e 2880 9018
e 2881 4287
e 2887 3139
e 2887 3166
e 2887 3175
e 2887 3304
e 2887 3379
e 2887 3486
e 2887 3612
e 2887 3746
e 2887 3759
e 2887 4153
e 2887 4304
e 2887 4335
e 2887 4696
e 2887 4931
e 2887 5740
e 2887 5741
e 2887 5742
e 2887 5743
e 2887 5744
e 2888 3009
e 2888 3243
e 2888 3620
e 2888 3658
e 2888 3681
e 2888 3947
e 2888 4458
e 2888 4720
e 2888 4976
e 2888 5096
e 2888 5923
e 2888 7022
e 2889 3062
e 2889 4752
e 2889 4753
e 2889 7287
e 2890 4625
e 2891 3276
e 2892 3145
e 2892 3380
e 2892 7221
e 2892 8056
e 2893 3624
e 2893 3625
e 2893 4782
e 2893 5804
e 2893 6080
e 2893 6081
e 2893 7972
e 2895 3822
e 2896 3376
e 2896 4591
e 2896 4654
e 2896 6520
e 2898 3772
e 2898 8612
e 2899 3009
e 2901 3137
e 2901 3743
e 2901 5858
e 2902 6707
e 2904 6708
e 2905 5363
e 2906 3282
e 2906 4509
e 2906 5314
e 2906 5363
e 2906 6169
e 2906 7740
e 2906 7741
e 2908 4588
e 2908 6864
e 2908 7005
e 2908 7006
e 2908 7007
e 2908 8520
e 2908 8521
e 2908 8522
e 2909 4849
e 2909 9048
e 2910 3694
e 2910 4783
e 2910 5129
e 2910 6610
e 2911 3124
e 2911 3363
e 2911 3722
e 2911 5803
e 2911 6254
e 2912 3947
e 2912 6306
e 2912 6750
e 2912 7519
e 2912 7520
e 2914 7238
e 2918 2941
e 2918 2942
e 2918 2943
e 2918 2944
e 2918 2945
e 2918 2946
e 2919 3365
e 2919 3729
e 2919 4415
e 2919 4427
e 2919 5126
e 2919 5886
e 2919 5887
e 2919 6000
e 2919 6574
e 2919 6739
e 2920 3988
e 2920 5079
e 2920 6116
e 2920 8084
e 2921 3707
e 2922 5983
e 2922 5984
e 2922 6009
e 2923 3453
e 2923 3686
e 2925 4643
e 2926 3817
e 2926 7048
e 2926 7049
e 2927 8083
e 2928 6807
e 2928 7309
e 2929 2959
e 2929 8407
e 2930 2959
e 2931 2959
e 2934 2959
e 2938 2959
e 2941 2942
e 2941 3588
e 2941 5086
e 2941 5363
e 2941 6831
e 2942 2944
e 2942 2945
e 2942 2946
e 2943 3065
e 2943 4633
e 2943 7310
e 2943 7311
e 2944 3925
e 2944 5822
e 2944 5943
e 2944 7312
e 2947 3118
e 2947 3127
e 2947 3133
e 2947 3162
e 2947 3163
e 2947 3164
e 2947 3165
e 2947 3166
e 2947 3167
e 2947 3168
e 2947 3169
e 2947 3170
e 2947 3171
e 2947 3172
e 2947 3173
e 2947 3174
e 2949 3621
e 2949 4117
e 2949 4119
e 2949 4120
e 2949 4121
e 2949 4123
e 2950 3565
e 2950 3581
e 2950 3732
e 2950 5675
e 2950 6952
e 2951 2959
e 2951 3069
e 2951 3329
e 2951 3659
e 2952 3448
e 2952 3951
e 2952 5110
e 2953 7381
e 2953 7721
e 2953 8081
e 2954 6421
e 2955 4532
e 2955 4973
e 2955 5141
e 2955 5708
e 2955 6016
e 2955 7134
e 2955 7918
e 2955 8145
e 2956 4736
e 2956 7454
e 2958 4205
e 2959 2962
e 2959 2966
e 2959 2968
e 2959 2972
e 2959 3052
e 2959 3065
e 2959 3066
e 2959 3067
e 2959 3069
e 2959 3074
e 2959 3090
e 2959 3318
e 2959 4143
e 2959 4167
e 2959 4776
e 2959 5136
e 2959 5448
e 2959 5638
e 2959 5669
e 2959 5721
e 2959 5999
e 2959 6302
e 2959 6303
e 2959 8136
e 2959 8727
e 2959 8728
e 2959 8729
e 2959 8730
e 2959 8731
e 2959 8732
e 2959 8733
e 2962 4172
e 2962 5211
e 2962 5276
e 2962 5481
e 2962 6425
e 2962 6575
e 2962 8291
e 2962 8772
e 2963 4915
e 2963 7259
e 2964 3659
e 2964 4033
e 2964 5086
e 2964 5531
e 2964 6527
e 2964 7207
e 2967 4658
e 2969 3006
e 2979 4801
e 2979 7752
e 2979 9262
e 2980 4801
e 2981 3436
e 2981 3508
e 2981 3564
e 2981 3565
e 2981 6206
e 2981 6251
e 2981 6252
e 2981 6253
e 2982 4453
e 2982 5299
e 2983 6299
e 2983 8621
e 2984 4494
e 2988 3019
e 2988 5485
e 2988 5509
e 2988 8043
e 2989 3033
e 2989 3396
e 2989 3653
e 2989 4804
e 2989 5700
e 2989 5846
e 2989 5847
e 2989 6012
e 2989 6283
e 2989 6343
e 2989 6700
e 2989 7180
e 2989 7181
e 2989 7182
e 2989 7185
e 2989 7389
e 2989 7637
e 2989 8380
e 2989 8381
e 2989 8382
e 2993 3774
e 2993 4877
e 2994 2996
e 3000 3307
e 3000 5132
e 3000 6594
e 3000 6603
e 3000 6745
e 3000 7372
e 3000 7373
e 3001 3520
e 3001 7372
e 3002 6530
e 3003 4967
e 3003 6530
e 3004 5708
e 3004 8638
e 3004 8650
e 3007 5053
e 3007 6935
e 3007 7137
e 3007 7138
e 3008 7505
e 3009 3240
e 3009 4122
e 3009 4410
e 3010 4521
e 3010 5605
e 3010 6294
e 3010 6295
e 3010 6554
e 3010 6602
e 3010 6603
e 3010 6604
e 3011 3432
e 3011 5130
e 3011 6620
e 3012 3439
e 3012 5224
e 3012 5284
e 3012 6225
e 3012 7535
e 3013 3432
e 3013 5900
e 3013 6294
e 3013 6295
e 3013 6296
e 3015 3456
e 3015 3468
e 3015 6659
e 3016 3029
e 3016 3223
e 3016 4826
e 3016 4827
e 3016 4828
e 3016 4829
e 3016 4830
e 3016 4831
e 3016 4832
e 3016 4833
e 3016 4834
e 3017 3568
e 3017 4636
e 3018 3130
e 3018 3972
e 3018 4116
e 3018 4287
e 3018 4540
e 3018 5321
e 3018 5322
e 3018 6664
e 3019 3467
e 3019 4970
e 3019 5892
e 3019 6789
e 3019 6790
e 3019 6793
e 3019 6799
e 3019 6815
e 3019 6816
e 3019 6817
e 3020 6823
e 3021 4331
e 3022 4155
e 3022 6140
e 3022 6142
e 3022 7154
e 3023 4155
e 3023 6142
e 3024 3890
e 3024 3977
e 3024 4071
e 3024 4072
e 3024 4076
e 3024 4159
e 3024 6837
e 3027 3454
e 3027 4730
e 3027 5475
e 3027 5616
e 3027 5672
e 3027 6011
e 3027 7640
e 3028 5708
e 3029 3590
e 3029 4903
e 3029 4904
e 3029 6107
e 3030 3033
e 3030 4155
e 3030 5479
e 3030 6041
e 3030 6139
e 3030 6266
e 3030 7324
e 3030 8009
e 3031 7080
e 3032 3043
e 3033 7324
e 3036 5976
e 3036 6745
e 3036 7023
e 3038 3218
e 3038 8470
e 3038 8512
e 3041 6629
e 3041 6702
e 3042 6607
e 3042 7772
e 3043 4459
e 3044 5095
e 3044 6039
e 3046 3050
e 3047 3215
e 3047 3398
e 3047 3456
e 3047 5676
e 3047 6994
e 3048 3398
e 3048 5130
e 3048 5705
e 3048 5711
e 3048 5712
e 3048 6643
e 3048 6819
e 3048 6821
e 3049 3399
e 3049 5141
e 3049 5478
e 3049 5511
e 3049 5676
e 3049 5725
e 3049 5983
e 3049 5984
e 3049 6638
e 3049 7027
e 3049 7390
e 3049 7445
e 3049 7446
e 3052 3987
e 3052 8133
e 3053 5078
e 3053 5510
e 3053 6725
e 3053 6930
e 3053 7653
e 3054 8513
e 3057 3190
e 3057 3348
e 3057 4500
e 3057 4505
e 3057 4509
e 3057 4510
e 3057 6193
e 3057 6883
e 3060 3104
e 3060 3508
e 3060 3534
e 3060 3565
e 3060 4195
e 3060 5153
e 3060 6252
e 3061 3510
e 3062 3806
e 3062 4417
e 3062 6183
e 3062 6669
e 3062 6827
e 3062 6828
e 3062 6829
e 3062 6830
e 3063 4654
e 3063 7514
e 3064 5637
e 3064 5639
e 3066 7899
e 3066 7900
e 3066 7901
e 3066 8091
e 3067 3606
e 3067 4058
e 3067 6264
e 3069 7959
e 3069 8317
e 3070 3559
e 3072 5599
e 3073 5616
e 3073 6933
e 3074 4149
e 3075 5635
e 3075 5636
e 3075 5637
e 3075 6273
e 3075 8778
e 3076 3802
e 3076 4165
e 3076 8789
e 3077 3806
e 3079 8059
e 3080 7224
e 3081 7135
e 3082 9092
e 3083 3940
e 3083 5650
e 3092 3477
e 3101 7270
e 3102 3108
e 3102 3109
e 3103 3129
e 3103 3145
e 3103 3177
e 3103 3240
e 3103 3555
e 3103 3612
e 3103 3621
e 3103 3790
e 3103 4405
e 3103 4943
e 3103 4944
e 3103 4945
e 3103 4946
e 3103 4947
e 3103 4948
e 3103 4949
e 3103 4950
e 3103 4951
e 3104 3379
e 3104 3774
e 3105 3639
e 3105 4077
e 3105 4093
e 3105 4451
e 3106 4485
e 3106 4913
e 3106 5895
e 3106 6287
e 3106 6295
e 3106 6835
e 3107 4137
e 3107 4298
e 3107 5295
e 3107 7819
e 3107 8777
e 3108 5281
e 3108 5724
e 3108 6506
e 3108 7708
e 3108 8153
e 3108 8334
e 3108 9184
e 3108 9185
e 3108 9186
e 3108 9187
e 3109 8630
e 3110 3566
e 3110 5249
e 3110 6506
e 3112 3113
e 3113 3114
e 3113 3115
e 3113 3116
e 3118 3119
e 3118 3120
e 3118 3121
e 3118 3122
e 3118 3123
e 3119 3175
e 3119 3176
e 3120 3133
e 3120 3135
e 3120 3163
e 3120 3164
e 3120 3167
e 3120 3169
e 3120 3171
e 3120 3177
e 3120 3178
e 3120 3179
e 3120 3180
e 3121 3181
e 3122 3183
e 3122 3184
e 3124 3626
e 3124 3800
e 3124 4162
e 3124 4163
e 3124 4164
e 3125 4034
e 3125 4035
e 3125 4036
e 3126 3162
e 3126 3163
e 3126 3166
e 3126 3170
e 3126 3171
e 3126 3172
e 3126 3173
e 3126 3174
e 3126 3461
e 3126 4267
e 3126 4268
e 3126 4269
e 3127 3139
e 3127 3162
e 3127 3163
e 3127 3166
e 3127 3168
e 3127 3170
e 3127 3171
e 3127 3172
e 3127 3173
e 3127 3174
e 3127 4267
e 3127 4271
e 3128 3486
e 3128 3736
e 3128 4148
e 3128 4277
e 3128 4278
e 3128 4279
e 3128 4280
e 3128 4281
e 3128 4282
e 3128 4283
e 3128 4284
e 3128 4285
e 3129 3770
e 3129 3773
e 3129 4286
e 3129 4287
e 3129 4288
e 3129 4289
e 3129 4290
e 3130 4287
e 3130 4324
e 3130 4325
e 3130 4326
e 3130 4327
e 3130 4328
e 3130 4329
e 3130 4330
e 3130 4331
e 3131 3709
e 3132 3139
e 3132 3162
e 3132 3166
e 3132 3173
e 3132 3304
e 3132 3746
e 3132 3790
e 3132 4332
e 3132 4333
e 3133 3135
e 3133 3171
e 3133 3484
e 3133 3742
e 3133 4314
e 3133 4334
e 3133 4335
e 3133 4336
e 3133 4337
e 3133 4338
e 3133 4339
e 3133 4340
e 3134 3374
e 3134 3376
e 3135 3171
e 3135 3746
e 3135 4291
e 3135 4299
e 3135 4313
e 3135 4335
e 3135 4337
e 3135 4344
e 3135 4351
e 3135 4352
e 3135 4353
e 3137 3172
e 3137 3173
e 3137 3177
e 3137 3179
e 3137 3259
e 3137 3379
e 3137 3571
e 3137 4130
e 3137 4148
e 3137 4281
e 3137 4365
e 3137 4366
e 3137 4367
e 3137 4368
e 3137 4369
e 3137 4370
e 3137 4371
e 3137 4372
e 3137 4373
e 3137 4374
e 3138 3173
e 3138 3259
e 3138 3752
e 3138 4130
e 3138 4304
e 3138 4305
e 3138 4372
e 3138 4375
e 3139 3484
e 3139 4268
e 3139 4342
e 3139 4376
e 3139 4377
e 3139 4378
e 3140 3162
e 3140 3170
e 3140 3171
e 3140 3172
e 3140 3173
e 3140 3174
e 3140 4379
e 3141 3162
e 3141 3170
e 3141 3171
e 3141 3172
e 3141 3173
e 3141 3174
e 3142 4380
e 3142 4381
e 3142 4382
e 3143 3162
e 3143 4311
e 3143 4400
e 3143 4401
e 3144 3679
e 3144 4403
e 3144 4404
e 3145 4157
e 3145 4405
e 3146 4405
e 3150 4289
e 3151 3287
e 3151 4292
e 3152 4255
e 3152 4311
e 3153 4917
e 3156 4555
e 3156 4588
e 3156 6018
e 3156 7015
e 3157 3615
e 3157 3697
e 3157 4356
e 3157 5067
e 3162 3177
e 3162 3379
e 3162 3484
e 3162 3489
e 3162 3719
e 3162 4243
e 3162 4244
e 3162 4245
e 3162 4246
e 3162 4247
e 3162 4248
e 3162 4249
e 3162 4250
e 3162 4251
e 3162 4252
e 3162 4253
e 3162 4254
e 3162 4255
e 3163 4243
e 3163 4270
e 3166 3484
e 3166 4243
e 3166 4286
e 3167 4293
e 3167 4324
e 3167 4470
e 3167 4696
e 3167 4919
e 3167 4920
e 3169 3379
e 3169 3484
e 3169 3654
e 3169 4223
e 3169 4334
e 3169 4688
e 3169 5002
e 3169 5769
e 3169 5770
e 3170 3484
e 3170 4243
e 3170 5607
e 3170 5740
e 3170 6764
e 3171 3483
e 3171 4243
e 3171 4313
e 3171 4334
e 3171 4335
e 3171 4341
e 3171 4342
e 3171 4555
e 3171 4559
e 3171 5002
e 3172 4243
e 3173 3484
e 3173 4243
e 3173 4316
e 3173 4696
e 3173 5610
e 3173 6841
e 3173 6962
e 3173 6982
e 3174 4243
e 3174 4369
e 3175 4336
e 3176 3282
e 3176 6689
e 3177 3179
e 3177 3287
e 3177 3364
e 3177 3379
e 3177 3434
e 3177 3489
e 3177 3735
e 3177 3736
e 3177 3737
e 3177 3738
e 3177 3739
e 3177 3740
e 3177 3741
e 3177 3742
e 3177 3743
e 3177 3744
e 3177 3745
e 3177 3746
e 3177 3747
e 3177 3748
e 3177 3749
e 3177 3750
e 3177 3751
e 3177 3752
e 3177 3753
e 3177 3754
e 3177 3755
e 3177 3756
e 3177 3757
e 3177 3758
e 3177 3759
e 3177 3760
e 3177 3761
e 3177 3762
e 3177 3763
e 3179 3674
e 3179 4365
e 3179 4692
e 3179 4934
e 3179 5002
e 3179 5003
e 3179 5004
e 3179 5005
e 3179 5006
e 3179 5007
e 3179 5008
e 3180 3484
e 3184 8647
e 3186 4113
e 3186 4176
e 3188 6275
e 3189 4328
e 3189 6275
e 3189 7657
e 3190 3348
e 3190 4500
e 3190 4505
e 3190 4507
e 3190 4509
e 3190 4510
e 3190 6883
e 3192 3253
e 3192 3254
e 3192 3255
e 3195 3308
e 3196 3309
e 3199 3201
e 3199 3248
e 3199 3355
e 3199 3356
e 3199 3357
e 3199 3358
e 3199 3359
e 3199 3360
e 3200 3248
e 3200 3355
e 3200 3357
e 3200 3359
e 3201 3248
e 3201 3355
e 3201 3356
e 3201 3357
e 3201 3358
e 3201 3359
e 3201 3361
e 3201 3362
e 3202 3372
e 3202 3373
e 3202 3374
e 3202 3375
e 3202 3376
e 3202 3377
e 3202 3378
e 3203 3377
e 3204 3379
e 3206 3230
e 3206 3273
e 3206 3380
e 3206 3384
e 3206 3385
e 3209 3390
e 3209 3391
e 3210 3429
e 3211 3430
e 3214 3276
e 3216 3230
e 3216 3285
e 3216 3286
e 3216 3431
e 3218 3375
e 3218 3434
e 3218 3435
e 3220 4835
e 3221 3365
e 3221 3588
e 3221 3729
e 3221 4033
e 3221 4274
e 3221 4430
e 3221 4666
e 3221 4784
e 3221 4880
e 3221 4891
e 3221 4892
e 3221 4893
e 3221 4894
e 3221 4895
e 3221 4896
e 3221 4897
e 3221 4898
e 3221 4899
e 3221 4900
e 3222 4726
e 3222 4792
e 3222 4901
e 3222 4902
e 3223 3590
e 3223 3808
e 3223 4147
e 3223 4415
e 3223 4903
e 3223 4904
e 3223 4905
e 3223 4906
e 3224 4907
e 3224 4908
e 3224 4909
e 3224 4910
e 3224 4911
e 3225 3430
e 3225 4186
e 3225 4916
e 3230 3285
e 3230 3286
e 3237 4169
e 3237 5224
e 3238 3243
e 3238 3676
e 3239 3483
e 3239 4130
e 3239 4310
e 3239 4695
e 3239 4699
e 3240 3248
e 3240 3555
e 3240 3621
e 3240 4842
e 3240 5270
e 3240 5271
e 3241 3242
e 3241 3245
e 3241 5023
e 3241 5331
e 3241 5332
e 3242 3244
e 3242 3248
e 3242 3252
e 3242 3289
e 3242 3546
e 3242 3630
e 3242 3678
e 3242 4491
e 3242 4499
e 3242 4683
e 3242 4737
e 3242 4824
e 3242 5107
e 3242 5117
e 3242 5268
e 3242 5437
e 3242 5580
e 3242 5581
e 3242 5582
e 3242 5583
e 3242 5584
e 3242 5585
e 3242 5586
e 3242 5587
e 3242 5588
e 3242 5589
e 3243 3244
e 3243 3248
e 3243 3252
e 3243 3630
e 3243 4176
e 3243 4183
e 3243 4491
e 3243 5107
e 3243 5585
e 3243 5586
e 3243 5587
e 3243 5588
e 3243 5594
e 3243 5628
e 3243 5907
e 3243 5908
e 3244 3603
e 3244 4069
e 3244 5268
e 3244 5407
e 3244 5481
e 3244 5815
e 3244 6263
e 3244 6264
e 3245 3248
e 3246 3248
e 3246 4471
e 3246 7001
e 3247 4720
e 3247 4722
e 3247 6426
e 3247 7025
e 3248 5437
e 3249 3672
e 3249 4108
e 3249 4148
e 3249 4281
e 3249 4703
e 3249 5870
e 3253 5349
e 3255 6865
e 3256 3690
e 3257 3532
e 3257 3662
e 3257 3664
e 3257 3786
e 3257 3903
e 3257 3907
e 3257 3938
e 3257 3939
e 3257 3940
e 3257 3941
e 3258 5262
e 3259 4316
e 3259 5808
e 3259 6400
e 3259 6417
e 3260 4530
e 3260 6524
e 3261 3987
e 3261 4166
e 3261 4836
e 3261 4914
e 3261 7888
e 3261 7889
e 3262 7031
e 3262 7362
e 3262 7891
e 3263 3532
e 3263 3941
e 3263 4427
e 3263 4440
e 3264 3265
e 3264 3751
e 3265 4102
e 3265 7919
e 3266 3454
e 3266 3456
e 3266 3799
e 3266 3899
e 3266 3926
e 3266 3961
e 3266 4002
e 3266 4358
e 3266 4732
e 3266 6150
e 3266 6218
e 3266 7617
e 3266 7829
e 3269 4693
e 3271 5306
e 3271 5456
e 3271 5543
e 3273 7841
e 3274 4417
e 3274 6913
e 3274 7418
e 3275 5594
e 3275 8653
e 3276 3591
e 3276 3656
e 3276 4587
e 3276 7440
e 3278 3669
e 3278 8333
e 3279 4508
e 3280 5825
e 3282 3314
e 3282 3389
e 3282 3442
e 3282 3509
e 3282 3512
e 3282 3945
e 3282 3957
e 3282 3958
e 3282 3960
e 3282 3962
e 3282 3965
e 3282 3968
e 3282 3973
e 3282 3974
e 3282 3977
e 3282 3983
e 3282 3993
e 3282 3996
e 3282 3999
e 3282 4012
e 3282 4013
e 3282 4015
e 3282 4392
e 3282 4418
e 3282 4759
e 3282 4992
e 3282 5078
e 3282 5085
e 3282 5088
e 3282 5104
e 3282 5230
e 3282 5365
e 3282 5367
e 3282 5369
e 3282 5371
e 3282 5373
e 3282 5378
e 3282 5379
e 3282 5382
e 3282 5383
e 3282 5498
e 3282 6105
e 3282 6175
e 3282 6176
e 3282 6177
e 3282 6178
e 3282 6210
e 3282 6213
e 3282 6214
e 3282 6215
e 3282 6216
e 3282 6217
e 3282 6218
e 3282 6219
e 3282 6220
e 3282 6221
e 3282 6222
e 3282 6223
e 3282 6224
e 3282 6225
e 3282 6226
e 3282 6227
e 3282 6228
e 3282 6229
e 3282 6230
e 3282 6231
e 3282 6232
e 3282 6233
e 3282 6234
e 3282 6235
e 3282 6236
e 3282 6237
e 3282 6238
e 3282 6239
e 3282 6240
e 3282 6241
e 3283 3430
e 3283 3970
e 3283 4192
e 3283 5031
e 3283 5367
e 3283 5370
e 3283 5371
e 3283 5498
e 3283 5501
e 3283 5744
e 3283 5974
e 3283 6088
e 3283 6171
e 3283 6173
e 3283 6298
e 3283 6532
e 3283 6960
e 3283 7593
e 3283 7949
e 3283 7950
e 3283 7951
e 3283 7952
e 3283 7953
e 3283 7954
e 3283 7955
e 3283 7956
e 3283 7957
e 3283 7958
e 3283 7959
e 3283 7960
e 3283 7961
e 3284 3584
e 3284 4177
e 3284 4393
e 3284 5581
e 3284 5751
e 3284 5936
e 3285 3286
e 3286 3385
e 3286 3431
e 3286 9140
e 3287 3571
e 3287 3742
e 3287 3744
e 3287 4281
e 3287 4369
e 3287 4480
e 3289 5583
e 3290 3918
e 3290 8116
e 3291 4149
e 3291 4445
e 3291 4448
e 3291 4449
e 3291 4450
e 3291 4451
e 3291 4452
e 3291 4453
e 3291 4454
e 3291 4455
e 3292 3293
e 3292 3294
e 3292 3525
e 3292 4484
e 3292 4485
e 3293 3294
e 3295 4577
e 3295 4578
e 3295 5945
e 3296 8859
e 3296 8860
e 3296 8862
e 3297 6786
e 3298 3790
e 3299 3405
e 3299 3406
e 3300 4218
e 3300 9228
e 3301 7680
e 3301 8476
e 3301 8495
e 3303 4149
e 3303 4215
e 3303 5075
e 3303 6282
e 3303 7167
e 3303 7170
e 3303 7179
e 3303 8329
e 3304 4338
e 3304 4369
e 3304 4727
e 3305 4787
e 3305 5852
e 3305 5853
e 3306 3393
e 3306 3397
e 3306 4508
e 3306 4666
e 3306 5363
e 3306 5401
e 3306 5883
e 3306 6046
e 3306 6204
e 3306 6503
e 3306 6504
e 3306 6621
e 3306 6984
e 3306 7371
e 3309 3526
e 3309 3699
e 3309 4426
e 3309 4530
e 3309 4572
e 3309 4891
e 3309 4898
e 3309 7286
e 3309 7407
e 3309 7499
e 3309 7832
e 3309 7833
e 3311 3686
e 3311 3687
e 3311 3953
e 3311 3954
e 3311 3956
e 3311 4331
e 3311 4433
e 3311 4435
e 3311 4436
e 3311 4437
e 3312 4286
e 3312 4583
e 3314 5127
e 3314 5259
e 3316 6730
e 3317 3446
e 3317 5616
e 3318 4607
e 3318 5942
e 3318 6372
e 3319 6400
e 3320 5798
e 3321 6589
e 3321 8572
e 3322 5447
e 3322 7230
e 3322 8359
e 3322 8638
e 3322 8640
e 3323 3835
e 3323 5846
e 3323 6702
e 3324 7610
e 3324 8717
e 3325 6400
e 3327 7818
e 3328 7836
e 3330 3795
e 3330 4033
e 3330 4441
e 3332 4500
e 3333 5762
e 3335 8921
e 3340 4712
e 3342 3376
e 3348 3557
e 3348 3591
e 3348 4233
e 3348 4500
e 3348 4505
e 3348 4507
e 3348 4509
e 3348 4510
e 3348 6883
e 3348 7334
e 3348 7335
e 3348 7336
e 3348 7337
e 3349 4214
e 3349 5531
e 3349 7772
e 3349 7865
e 3349 7866
e 3349 7867
e 3349 7868
e 3349 7869
e 3349 7870
e 3350 5823
e 3350 6370
e 3351 7021
e 3353 8653
e 3355 4657
e 3355 5316
e 3355 5366
e 3355 5526
e 3355 6016
e 3355 6732
e 3355 6970
e 3355 6971
e 3361 4139
e 3363 3386
e 3363 3564
e 3363 3724
e 3363 5107
e 3363 5290
e 3363 5633
e 3363 5634
e 3363 5635
e 3363 5636
e 3363 5637
e 3363 5638
e 3363 5639
e 3363 5640
e 3364 3376
e 3364 4148
e 3364 4281
e 3364 4369
e 3364 4654
e 3364 6678
e 3365 3534
e 3365 3729
e 3365 3919
e 3365 4088
e 3365 4893
e 3365 5127
e 3365 5654
e 3365 6739
e 3366 4658
e 3368 3678
e 3368 3679
e 3368 4033
e 3368 5598
e 3369 3591
e 3369 4853
e 3369 5341
e 3369 7859
e 3372 3749
e 3372 4925
e 3372 6990
e 3373 3524
e 3373 4881
e 3373 7069
e 3374 3774
e 3374 4167
e 3374 4620
e 3374 4732
e 3374 4850
e 3374 4858
e 3374 4867
e 3374 4881
e 3374 4883
e 3374 4901
e 3374 5741
e 3374 5876
e 3374 6041
e 3374 6188
e 3374 6856
e 3374 6891
e 3374 6912
e 3374 7623
e 3374 7662
e 3374 7664
e 3374 7764
e 3374 7765
e 3374 7766
e 3374 7767
e 3374 7768
e 3374 7769
e 3374 7770
e 3374 7771
e 3375 4977
e 3375 8109
e 3376 3528
e 3376 3531
e 3376 3631
e 3376 3655
e 3376 3720
e 3376 3743
e 3376 3781
e 3376 3902
e 3376 4133
e 3376 4846
e 3376 4857
e 3376 4861
e 3376 5013
e 3376 5249
e 3376 5510
e 3376 5780
e 3376 5876
e 3376 6512
e 3376 7447
e 3376 7448
e 3376 7479
e 3376 7771
e 3376 8527
e 3377 7027
e 3379 3484
e 3379 3746
e 3379 3747
e 3379 4117
e 3379 4148
e 3379 4223
e 3379 4255
e 3379 4281
e 3379 4291
e 3379 4338
e 3379 4369
e 3379 4462
e 3379 4687
e 3379 4688
e 3379 4938
e 3379 5559
e 3379 5560
e 3379 5561
e 3380 4170
e 3382 5016
e 3384 4145
e 3385 3775
e 3385 6394
e 3385 6622
e 3385 8914
e 3385 8915
e 3386 3387
e 3387 4976
e 3387 6042
e 3388 4907
e 3388 5430
e 3388 5675
e 3388 7512
e 3388 8481
e 3388 8482
e 3391 6421
e 3392 3399
e 3392 3400
e 3392 3409
e 3392 3415
e 3392 3416
e 3392 3420
e 3392 3822
e 3392 4840
e 3392 5016
e 3392 5865
e 3392 6544
e 3392 6545
e 3392 6546
e 3393 3407
e 3393 4640
e 3393 5401
e 3393 6544
e 3393 6609
e 3394 3635
e 3394 5711
e 3394 5712
e 3394 5718
e 3395 3422
e 3395 3454
e 3395 4005
e 3395 4068
e 3395 6630
e 3395 6969
e 3396 4804
e 3396 5846
e 3396 5847
e 3396 6704
e 3396 7180
e 3397 5430
e 3397 6361
e 3397 6362
e 3397 6501
e 3397 6502
e 3397 6504
e 3397 6621
e 3397 7253
e 3397 7254
e 3398 5711
e 3398 5712
e 3398 5718
e 3398 6819
e 3398 6821
e 3398 7369
e 3399 3409
e 3399 3415
e 3399 3416
e 3399 3420
e 3399 3822
e 3399 7258
e 3400 3409
e 3400 3416
e 3400 3420
e 3400 4116
e 3400 6544
e 3400 6883
e 3401 5075
e 3401 6380
e 3402 4165
e 3402 4166
e 3404 4181
e 3404 4500
e 3404 4504
e 3404 4506
e 3404 5356
e 3404 5895
e 3404 6913
e 3404 7417
e 3404 7652
e 3404 8225
e 3404 8489
e 3404 8490
e 3404 8491
e 3404 8492
e 3405 3406
e 3405 6362
e 3405 8133
e 3406 4718
e 3406 4816
e 3406 7331
e 3406 7778
e 3406 8500
e 3406 8501
e 3407 7736
e 3407 8517
e 3407 8518
e 3408 3524
e 3408 3625
e 3408 4387
e 3408 8463
e 3409 3415
e 3409 3416
e 3409 3420
e 3409 3822
e 3409 7081
e 3411 3791
e 3411 5606
e 3411 6594
e 3411 6745
e 3411 8463
e 3412 8643
e 3413 3793
e 3413 4166
e 3413 6327
e 3414 3799
e 3414 3802
e 3416 3420
e 3416 6544
e 3417 6489
e 3419 6299
e 3419 8217
e 3420 6544
e 3420 9159
e 3421 3960
e 3421 4729
e 3421 4819
e 3421 6005
e 3422 3430
e 3422 3960
e 3422 5074
e 3422 6214
e 3423 3960
e 3423 5479
e 3423 6731
e 3423 6747
e 3423 8010
e 3423 8011
e 3423 8012
e 3423 8013
e 3424 4112
e 3424 4992
e 3424 5386
e 3424 5388
e 3424 5957
e 3424 6105
e 3426 6202
e 3427 3873
e 3427 3940
e 3430 5978
e 3430 6748
e 3430 6749
e 3430 6750
e 3431 4669
e 3432 3444
e 3432 4443
e 3432 5695
e 3432 6193
e 3432 6294
e 3432 7692
e 3436 3480
e 3436 3508
e 3436 3565
e 3436 3631
e 3436 4110
e 3436 4392
e 3436 5654
e 3436 6205
e 3436 7221
e 3436 7474
e 3437 3453
e 3437 3454
e 3437 3455
e 3437 3456
e 3437 3457
e 3437 3458
e 3437 3459
e 3437 3460
e 3438 3453
e 3438 3461
e 3438 3462
e 3438 3463
e 3438 3464
e 3438 3465
e 3439 3454
e 3439 3456
e 3439 3466
e 3439 3467
e 3439 3468
e 3439 3469
e 3439 3470
e 3439 3471
e 3439 3472
e 3439 3473
e 3441 3474
e 3442 3456
e 3442 3468
e 3442 3479
e 3442 3480
e 3443 4276
e 3444 4443
e 3444 4444
e 3445 4499
e 3446 3905
e 3446 4428
e 3446 6671
e 3446 6831
e 3446 6832
e 3447 3913
e 3448 3620
e 3449 3951
e 3449 4289
e 3449 6780
e 3450 3905
e 3450 4428
e 3450 6325
e 3450 6671
e 3453 3917
e 3453 4140
e 3453 4347
e 3453 6875
e 3453 6876
e 3454 3456
e 3454 3653
e 3454 3926
e 3454 3927
e 3454 3945
e 3454 3959
e 3454 3961
e 3454 3980
e 3454 4002
e 3454 4019
e 3454 4203
e 3454 4905
e 3454 5380
e 3454 6150
e 3454 6519
e 3454 6738
e 3454 7593
e 3454 7646
e 3454 7647
e 3454 7648
e 3455 3957
e 3455 3970
e 3455 4709
e 3455 5957
e 3455 8190
e 3455 8191
e 3456 3480
e 3456 3899
e 3456 3926
e 3456 3945
e 3456 3961
e 3456 3970
e 3456 3980
e 3456 3992
e 3456 3993
e 3456 4002
e 3456 4003
e 3456 4004
e 3456 4358
e 3456 4709
e 3456 4713
e 3456 4732
e 3456 5380
e 3456 6810
e 3456 6914
e 3456 7283
e 3456 7617
e 3456 7646
e 3456 7714
e 3456 7829
e 3456 8151
e 3456 8393
e 3456 9133
e 3456 9134
e 3458 3469
e 3458 7143
e 3461 7031
e 3462 6083
e 3463 3493
e 3463 3974
e 3463 5365
e 3463 8119
e 3464 3570
e 3464 6776
e 3464 7287
e 3465 4741
e 3465 7020
e 3466 6132
e 3466 6172
e 3466 6244
e 3466 6287
e 3466 6288
e 3467 7026
e 3468 3899
e 3468 3961
e 3468 3979
e 3468 5848
e 3469 3870
e 3469 3961
e 3469 3969
e 3469 3974
e 3469 3980
e 3469 3999
e 3469 4006
e 3469 4009
e 3469 4010
e 3469 4019
e 3469 4381
e 3469 5088
e 3469 6385
e 3469 7282
e 3469 7283
e 3469 7284
e 3469 7285
e 3470 4641
e 3471 6181
e 3471 7646
e 3472 5060
e 3472 6237
e 3472 9175
e 3472 9176
e 3473 5492
e 3473 8194
e 3473 9252
e 3474 3835
e 3474 3945
e 3474 3989
e 3474 4795
e 3474 5230
e 3474 5380
e 3474 5385
e 3474 5793
e 3474 6179
e 3474 6306
e 3474 7550
e 3474 7593
e 3474 7594
e 3474 7595
e 3474 7596
e 3474 7597
e 3476 8372
e 3477 4141
e 3477 5672
e 3477 5698
e 3477 6685
e 3477 6747
e 3477 6760
e 3477 6762
e 3477 6898
e 3477 6942
e 3477 6946
e 3477 7582
e 3477 8984
e 3477 9132
e 3479 5098
e 3480 4258
e 3480 7143
e 3480 7678
e 3480 7679
e 3481 3493
e 3482 4486
e 3482 4487
e 3483 3493
e 3483 3637
e 3483 3667
e 3483 4246
e 3483 4313
e 3483 4329
e 3483 4592
e 3483 4593
e 3483 5301
e 3483 5302
e 3483 5303
e 3483 5304
e 3484 3746
e 3484 3790
e 3484 4223
e 3484 4291
e 3484 4335
e 3486 3489
e 3486 4255
e 3486 4278
e 3486 4341
e 3486 4386
e 3486 4557
e 3486 4558
e 3486 4559
e 3486 4592
e 3486 4594
e 3487 4319
e 3487 4368
e 3487 5035
e 3487 5036
e 3487 5314
e 3487 5315
e 3488 3489
e 3488 3744
e 3488 4369
e 3488 5317
e 3488 5318
e 3488 5319
e 3489 3737
e 3489 4246
e 3489 4255
e 3489 4311
e 3489 4559
e 3489 5207
e 3490 4462
e 3492 4661
e 3492 7225
e 3493 3495
e 3493 3496
e 3493 3497
e 3495 4471
e 3495 5263
e 3496 3895
e 3498 3624
e 3498 3625
e 3498 3626
e 3498 3627
e 3498 3628
e 3500 3890
e 3502 3745
e 3502 4702
e 3502 5552
e 3502 5553
e 3502 5554
e 3502 5555
e 3502 5556
e 3505 3620
e 3505 3918
e 3505 4976
e 3506 3518
e 3506 6249
e 3507 6250
e 3508 3728
e 3508 6079
e 3508 6205
e 3508 6257
e 3509 3740
e 3510 6432
e 3511 4316
e 3511 4476
e 3511 4477
e 3511 5106
e 3513 3764
e 3514 4284
e 3514 6510
e 3515 4387
e 3515 4624
e 3515 4633
e 3520 3537
e 3520 3547
e 3521 3663
e 3521 5847
e 3521 6537
e 3521 6538
e 3521 6539
e 3521 6540
e 3523 4607
e 3523 5796
e 3523 5942
e 3525 4390
e 3525 4740
e 3526 3588
e 3526 3626
e 3526 4891
e 3526 5633
e 3526 5803
e 3526 6280
e 3526 7235
e 3526 7236
e 3528 5004
e 3529 5004
e 3530 7475
e 3531 3890
e 3531 4469
e 3531 4476
e 3531 4477
e 3531 4478
e 3531 5008
e 3532 5014
e 3533 4582
e 3533 7103
e 3533 7498
e 3534 3565
e 3534 4392
e 3534 4683
e 3534 4892
e 3534 5264
e 3534 5404
e 3534 5594
e 3534 7157
e 3534 7415
e 3537 4176
e 3537 7910
e 3538 3542
e 3539 3675
e 3539 3890
e 3539 5008
e 3540 5007
e 3540 8249
e 3541 4654
e 3542 3647
e 3542 3930
e 3543 5408
e 3544 3918
e 3544 5023
e 3548 3995
e 3551 4661
e 3551 6746
e 3551 7223
e 3551 7224
e 3553 5575
e 3553 8627
e 3555 4693
e 3555 4842
e 3555 5782
e 3555 5783
e 3555 5784
e 3556 3706
e 3558 4078
e 3558 4981
e 3558 5573
e 3558 5574
e 3558 5575
e 3559 4670
e 3559 5811
e 3559 5812
e 3559 5813
e 3561 5006
e 3561 5832
e 3561 5860
e 3561 5861
e 3561 5862
e 3561 5863
e 3564 5149
e 3564 5803
e 3564 6206
e 3564 6254
e 3565 3631
e 3565 3728
e 3565 3732
e 3565 4737
e 3565 4876
e 3565 5149
e 3565 5264
e 3565 5593
e 3565 6205
e 3565 6339
e 3565 6340
e 3565 6341
e 3565 6342
e 3566 4840
e 3566 5799
e 3568 5423
e 3569 5750
e 3570 6776
e 3571 3756
e 3571 4340
e 3571 4588
e 3571 4936
e 3571 4938
e 3571 5006
e 3571 5608
e 3571 5623
e 3571 6780
e 3572 5944
e 3573 7010
e 3574 3818
e 3574 3971
e 3574 6169
e 3574 7216
e 3574 7314
e 3576 4580
e 3576 5815
e 3576 6664
e 3577 6489
e 3579 6673
e 3580 3966
e 3580 3970
e 3580 4709
e 3581 7727
e 3583 3619
e 3583 6255
e 3585 4369
e 3586 4885
e 3587 3921
e 3588 4430
e 3588 4530
e 3588 4892
e 3588 4893
e 3588 4894
e 3588 5654
e 3588 5803
e 3588 5979
e 3588 6630
e 3588 7157
e 3588 7159
e 3588 7286
e 3588 8307
e 3589 4637
e 3590 3807
e 3591 3764
e 3591 3770
e 3591 3818
e 3591 3881
e 3591 4063
e 3591 4069
e 3591 5169
e 3591 5804
e 3591 6169
e 3591 6264
e 3591 6955
e 3591 8352
e 3592 6251
e 3592 8392
e 3593 3925
e 3593 6043
e 3596 4295
e 3596 5041
e 3597 5262
e 3597 5407
e 3598 3918
e 3598 5059
e 3598 5609
e 3600 4392
e 3600 4737
e 3600 4876
e 3603 4430
e 3607 3836
e 3607 5575
e 3607 6947
e 3608 5080
e 3608 5183
e 3609 4779
e 3609 6005
e 3609 6589
e 3609 6590
e 3609 6591
e 3610 4890
e 3610 6864
e 3610 6865
e 3612 4321
e 3612 5225
e 3612 5559
e 3612 5741
e 3612 5742
e 3612 6985
e 3613 4701
e 3614 4470
e 3615 4504
e 3617 5057
e 3617 5252
e 3618 5056
e 3618 7410
e 3620 3782
e 3620 4170
e 3620 7413
e 3621 5271
e 3621 5304
e 3621 5447
e 3622 6215
e 3622 6780
e 3624 3972
e 3624 4208
e 3624 4210
e 3624 4886
e 3624 5022
e 3624 5629
e 3624 5803
e 3624 5804
e 3624 7039
e 3624 7040
e 3624 7041
e 3625 3972
e 3625 4209
e 3625 4633
e 3625 4907
e 3625 5076
e 3625 5629
e 3625 5804
e 3625 7039
e 3626 4171
e 3626 4530
e 3626 4891
e 3626 4898
e 3626 5649
e 3626 6944
e 3626 7042
e 3626 7119
e 3626 7120
e 3626 7499
e 3626 7923
e 3626 8376
e 3626 8377
e 3626 8378
e 3626 8379
e 3627 4607
e 3627 6078
e 3627 8745
e 3628 5629
e 3629 3630
e 3629 3631
e 3631 3728
e 3632 3637
e 3632 3666
e 3632 3667
e 3632 3668
e 3632 3669
e 3632 3670
e 3632 3671
e 3632 3672
e 3632 3673
e 3632 3674
e 3632 3675
e 3633 3730
e 3633 3733
e 3634 4878
e 3634 5179
e 3635 4338
e 3635 4532
e 3635 5185
e 3635 5186
e 3635 5187
e 3635 5188
e 3635 5189
e 3635 5190
e 3635 5191
e 3635 5192
e 3635 5193
e 3636 5210
e 3637 4273
e 3637 4486
e 3637 4628
e 3637 4841
e 3637 5927
e 3637 5929
e 3637 5930
e 3638 3657
e 3638 5057
e 3638 5252
e 3639 4077
e 3639 4089
e 3639 4090
e 3639 4096
e 3639 5967
e 3640 5328
e 3640 5810
e 3640 5980
e 3642 5168
e 3643 4760
e 3647 3795
e 3649 6009
e 3653 4804
e 3653 6011
e 3653 6012
e 3655 6845
e 3656 4985
e 3656 6954
e 3657 5122
e 3658 4715
e 3658 4892
e 3659 3687
e 3659 4113
e 3659 4214
e 3659 4412
e 3659 5318
e 3659 5531
e 3659 5533
e 3659 6398
e 3659 8665
e 3659 8666
e 3662 3664
e 3662 3907
e 3662 3939
e 3662 3940
e 3662 3941
e 3662 4438
e 3662 4439
e 3662 4440
e 3664 3907
e 3664 3939
e 3664 3941
e 3664 4438
e 3664 4439
e 3664 7211
e 3666 4148
e 3666 4223
e 3666 4281
e 3667 6848
e 3669 5929
e 3669 5930
e 3671 6848
e 3672 4628
e 3672 7442
e 3673 6848
e 3674 8440
e 3676 7032
e 3676 7033
e 3678 3721
e 3678 3902
e 3678 4387
e 3678 4391
e 3678 4624
e 3678 5779
e 3679 3708
e 3679 4387
e 3679 4624
e 3679 4651
e 3679 4674
e 3679 5780
e 3679 5781
e 3680 3918
e 3681 4403
e 3681 6143
e 3681 7278
e 3682 8061
e 3682 8062
e 3683 3738
e 3683 3749
e 3685 3918
e 3685 5673
e 3685 7843
e 3685 7844
e 3686 3687
e 3686 3913
e 3686 8461
e 3687 3782
e 3687 3814
e 3687 3835
e 3687 3914
e 3687 3947
e 3687 4122
e 3687 4606
e 3687 4907
e 3687 5023
e 3687 5284
e 3687 5675
e 3687 5953
e 3687 6016
e 3687 6306
e 3687 6750
e 3687 7078
e 3687 7594
e 3687 8461
e 3687 8944
e 3687 8945
e 3687 8946
e 3687 8947
e 3687 8948
e 3691 3965
e 3691 6867
e 3691 6868
e 3692 6611
e 3693 3965
e 3693 7476
e 3694 7501
e 3696 5872
e 3697 7497
e 3698 4599
e 3698 4654
e 3699 7499
e 3700 7500
e 3703 6071
e 3704 3924
e 3704 5519
e 3704 7914
e 3704 8833
e 3706 3717
e 3707 4623
e 3707 4624
e 3707 4625
e 3708 5151
e 3708 5152
e 3710 4843
e 3711 5004
e 3712 4633
e 3712 7214
e 3719 4368
e 3719 4486
e 3719 4596
e 3719 4841
e 3719 5927
e 3720 5106
e 3721 4463
e 3721 4554
e 3722 4682
e 3722 5594
e 3722 7494
e 3724 4295
e 3725 7504
e 3728 4110
e 3728 4718
e 3729 3734
e 3729 4169
e 3729 4873
e 3729 5125
e 3729 5126
e 3729 5127
e 3729 5128
e 3729 5129
e 3730 5634
e 3731 4069
e 3731 5465
e 3731 6264
e 3731 7212
e 3731 7213
e 3731 7214
e 3731 7215
e 3732 4110
e 3734 3918
e 3734 4873
e 3734 5023
e 3734 6945
e 3735 3764
e 3735 3765
e 3735 3766
e 3736 4251
e 3736 4286
e 3736 4311
e 3736 4400
e 3736 4575
e 3736 4577
e 3736 4578
e 3736 4585
e 3737 4286
e 3737 4433
e 3737 4589
e 3738 4369
e 3739 4688
e 3739 5771
e 3740 3786
e 3740 4287
e 3740 4657
e 3741 4148
e 3741 4281
e 3741 4287
e 3741 4368
e 3741 6667
e 3742 3749
e 3742 3757
e 3742 4287
e 3742 4331
e 3742 4368
e 3742 4369
e 3742 4575
e 3742 6668
e 3743 4148
e 3743 4281
e 3743 4369
e 3743 6668
e 3744 4246
e 3744 4249
e 3744 4341
e 3744 4557
e 3744 4558
e 3744 4559
e 3744 4563
e 3744 4592
e 3744 4593
e 3744 4594
e 3744 5569
e 3745 4468
e 3745 5349
e 3745 5572
e 3745 6833
e 3746 4337
e 3746 4588
e 3746 5559
e 3747 4338
e 3747 4696
e 3747 4925
e 3748 5543
e 3749 4280
e 3749 4281
e 3749 4338
e 3749 4371
e 3749 4932
e 3749 6667
e 3749 7055
e 3749 7056
e 3749 7057
e 3750 3751
e 3750 5567
e 3750 7304
e 3751 3752
e 3751 3757
e 3751 4255
e 3751 4283
e 3751 4302
e 3751 4575
e 3751 4927
e 3751 5350
e 3751 5393
e 3751 5567
e 3751 6736
e 3751 7306
e 3751 7307
e 3751 7308
e 3752 4489
e 3753 3754
e 3754 4455
e 3756 4116
e 3756 4328
e 3756 4331
e 3756 4576
e 3756 5308
e 3756 5619
e 3756 5620
e 3756 7728
e 3757 4369
e 3757 5349
e 3759 5559
e 3761 4251
e 3761 4369
e 3762 7927
e 3763 4371
e 3763 4372
e 3764 3767
e 3764 3768
e 3764 3769
e 3764 3770
e 3764 3771
e 3764 3772
e 3764 3773
e 3764 3774
e 3764 3775
e 3764 3776
e 3764 3777
e 3764 3778
e 3764 3779
e 3764 3780
e 3764 3781
e 3765 3812
e 3768 4286
e 3769 5455
e 3770 5455
e 3771 5455
e 3772 5458
e 3772 5459
e 3773 4069
e 3773 5465
e 3774 4523
e 3774 6388
e 3774 6389
e 3774 6390
e 3775 4301
e 3776 3777
e 3776 4462
e 3777 4702
e 3777 4996
e 3777 7303
e 3780 4381
e 3780 6085
e 3782 5445
e 3783 5841
e 3784 4736
e 3785 6415
e 3788 4087
e 3788 4208
e 3788 5817
e 3788 5819
e 3788 5821
e 3788 5828
e 3788 6011
e 3788 6248
e 3788 6637
e 3790 4319
e 3790 4324
e 3790 5191
e 3790 6977
e 3790 6978
e 3790 6979
e 3791 3922
e 3791 6594
e 3791 6745
e 3792 3803
e 3792 3838
e 3792 5440
e 3793 4816
e 3793 7378
e 3794 3843
e 3794 3922
e 3795 4033
e 3795 4213
e 3795 4441
e 3799 3831
e 3799 3838
e 3799 4167
e 3799 5520
e 3799 7826
e 3799 7827
e 3799 7828
e 3800 4080
e 3802 3832
e 3802 4165
e 3802 6626
e 3802 7898
e 3803 3807
e 3803 3922
e 3803 4031
e 3803 4165
e 3803 4167
e 3803 5999
e 3803 6626
e 3803 7904
e 3803 7905
e 3804 5089
e 3805 3922
e 3805 4333
e 3805 5443
e 3805 7207
e 3805 7996
e 3805 7997
e 3806 3959
e 3806 5923
e 3806 7330
e 3806 8000
e 3806 8001
e 3807 7904
e 3810 3816
e 3811 4042
e 3811 5871
e 3811 5872
e 3814 5445
e 3814 5675
e 3814 5677
e 3816 8474
e 3817 4139
e 3817 5803
e 3818 5124
e 3820 5410
e 3822 4085
e 3822 5711
e 3822 5712
e 3822 5718
e 3824 4214
e 3824 7371
e 3826 7499
e 3827 4656
e 3831 4165
e 3831 5522
e 3831 6039
e 3832 4137
e 3832 4165
e 3833 4363
e 3835 5529
e 3835 5683
e 3835 8525
e 3835 8868
e 3836 6600
e 3839 4033
e 3839 4213
e 3839 4441
e 3839 5126
e 3839 5632
e 3841 6816
e 3844 6071
e 3846 3922
e 3847 6891
e 3855 5518
e 3855 6660
e 3859 9073
e 3863 4646
e 3863 4648
e 3863 4983
e 3881 8628
e 3890 3891
e 3890 3892
e 3890 3893
e 3891 4461
e 3891 4463
e 3891 4465
e 3891 4466
e 3891 4467
e 3891 4468
e 3891 4469
e 3892 4969
e 3892 7477
e 3892 8554
e 3892 8555
e 3893 4469
e 3895 4560
e 3895 4653
e 3895 5205
e 3895 5207
e 3895 5629
e 3895 5630
e 3896 7090
e 3898 4074
e 3898 7842
e 3898 7845
e 3898 7846
e 3899 7349
e 3900 5189
e 3900 5855
e 3901 3921
e 3903 3910
e 3904 3942
e 3904 3943
e 3904 3944
e 3905 3949
e 3905 3950
e 3906 3936
e 3907 4427
e 3908 4428
e 3909 3949
e 3909 3950
e 3909 4299
e 3909 4429
e 3909 4430
e 3909 4431
e 3910 3917
e 3910 4427
e 3912 4432
e 3913 3953
e 3913 3954
e 3913 4331
e 3913 4432
e 3913 4433
e 3913 4434
e 3913 4435
e 3913 4436
e 3913 4437
e 3914 3952
e 3914 3953
e 3914 3954
e 3914 4331
e 3914 4435
e 3916 3917
e 3917 4427
e 3918 3957
e 3918 4432
e 3918 4494
e 3918 4712
e 3918 4873
e 3918 4918
e 3918 5058
e 3918 5059
e 3918 5060
e 3918 5061
e 3920 5319
e 3920 5741
e 3920 6154
e 3920 6550
e 3920 6650
e 3920 6891
e 3920 6958
e 3920 9236
e 3922 3987
e 3922 4165
e 3922 4166
e 3922 4167
e 3922 4532
e 3922 5141
e 3922 5523
e 3922 5695
e 3922 5999
e 3922 6015
e 3922 6327
e 3922 6504
e 3922 6557
e 3922 6620
e 3922 6621
e 3922 6622
e 3922 6623
e 3922 6624
e 3922 6625
e 3922 6626
e 3922 6627
e 3924 4633
e 3924 5190
e 3924 5924
e 3924 6534
e 3924 8681
e 3925 4087
e 3925 4529
e 3925 5124
e 3926 3934
e 3926 4730
e 3926 4732
e 3926 6345
e 3927 3934
e 3927 3940
e 3927 4605
e 3927 5848
e 3927 6741
e 3927 7026
e 3927 7518
e 3927 8073
e 3929 7039
e 3933 3934
e 3934 8493
e 3935 7641
e 3936 4207
e 3938 4312
e 3938 4550
e 3938 4941
e 3938 5611
e 3938 5912
e 3938 5914
e 3939 4315
e 3939 5611
e 3940 6264
e 3940 6938
e 3940 6941
e 3941 4427
e 3941 4438
e 3942 4653
e 3942 5036
e 3942 5037
e 3942 5038
e 3942 7720
e 3943 8576
e 3947 5977
e 3947 6116
e 3947 6359
e 3948 5294
e 3949 4429
e 3950 4429
e 3951 4534
e 3952 4534
e 3953 4436
e 3953 4534
e 3954 4534
e 3960 5095
e 3960 6118
e 3960 6380
e 3960 6896
e 3960 6991
e 3961 6345
e 3962 5095
e 3963 7220
e 3965 7150
e 3966 4142
e 3966 4664
e 3966 4730
e 3966 6213
e 3966 6332
e 3966 6447
e 3966 7396
e 3968 5053
e 3969 5230
e 3970 4636
e 3970 4906
e 3970 5534
e 3970 6084
e 3970 6166
e 3970 6267
e 3970 6550
e 3970 7239
e 3970 7347
e 3970 7398
e 3970 7399
e 3971 4708
e 3971 4711
e 3971 6877
e 3971 7993
e 3972 7972
e 3975 8145
e 3976 4918
e 3976 5512
e 3976 5672
e 3976 5673
e 3976 7540
e 3976 8183
e 3977 4159
e 3977 5951
e 3978 7852
e 3979 4196
e 3979 4906
e 3979 6084
e 3979 6359
e 3981 6492
e 3981 7646
e 3981 8183
e 3982 8127
e 3983 5166
e 3983 5653
e 3984 6793
e 3985 6793
e 3988 4509
e 3988 4583
e 3988 7143
e 3988 7729
e 3989 6449
e 3990 5628
e 3990 7963
e 3993 5653
e 4001 4730
e 4001 8284
e 4003 4004
e 4004 5808
e 4004 5809
e 4004 6392
e 4004 9141
e 4005 5837
e 4006 4780
e 4010 4712
e 4010 7866
e 4011 5653
e 4011 9172
e 4014 9182
e 4016 4729
e 4017 4434
e 4024 5653
e 4028 9202
e 4030 4161
e 4031 4165
e 4031 4166
e 4031 4167
e 4032 4060
e 4032 4169
e 4032 4170
e 4032 4171
e 4032 4172
e 4033 4207
e 4033 4208
e 4033 4209
e 4033 4210
e 4033 4211
e 4033 4212
e 4033 4213
e 4033 4214
e 4034 4036
e 4041 4117
e 4041 4119
e 4041 4123
e 4042 4061
e 4042 4414
e 4043 4045
e 4043 6407
e 4043 6408
e 4044 4046
e 4045 4852
e 4045 6407
e 4045 6409
e 4049 4455
e 4050 6659
e 4051 5518
e 4051 6660
e 4053 5916
e 4057 5363
e 4058 4805
e 4058 5089
e 4060 6723
e 4063 5933
e 4064 4066
e 4066 8899
e 4068 6448
e 4068 7349
e 4068 7399
e 4069 4491
e 4069 5437
e 4069 5465
e 4069 5581
e 4069 5584
e 4069 5585
e 4069 5586
e 4069 5587
e 4069 5589
e 4069 6100
e 4069 8623
e 4069 8624
e 4069 8625
e 4069 8626
e 4072 4076
e 4072 5693
e 4073 4076
e 4073 5098
e 4073 5694
e 4073 6724
e 4074 4075
e 4075 7846
e 4076 6778
e 4077 4093
e 4077 4096
e 4077 4234
e 4079 5737
e 4080 5273
e 4080 6143
e 4081 4098
e 4081 4415
e 4082 4083
e 4082 6744
e 4082 6745
e 4083 6286
e 4083 6744
e 4083 6746
e 4084 6746
e 4086 6156
e 4087 5939
e 4087 7088
e 4088 6745
e 4088 8042
e 4089 5843
e 4090 5843
e 4091 6264
e 4096 5843
e 4098 5314
e 4098 5504
e 4101 4525
e 4101 5836
e 4101 6075
e 4102 7614
e 4103 4525
e 4103 8239
e 4105 4840
e 4105 4934
e 4106 4368
e 4106 5213
e 4106 5324
e 4106 5882
e 4106 6687
e 4107 5010
e 4107 5206
e 4108 7851
e 4109 4111
e 4109 4999
e 4109 5938
e 4109 6326
e 4109 6440
e 4109 6566
e 4109 7853
e 4112 6560
e 4112 6774
e 4112 6775
e 4112 8130
e 4114 4502
e 4115 7495
e 4115 7858
e 4115 8395
e 4116 4299
e 4117 4121
e 4117 4127
e 4122 5448
e 4126 4730
e 4126 5655
e 4126 5656
e 4126 6193
e 4126 6578
e 4126 8695
e 4130 4148
e 4130 4369
e 4130 4371
e 4130 4471
e 4130 4639
e 4130 5218
e 4130 6673
e 4130 6674
e 4132 6143
e 4132 7132
e 4135 8322
e 4137 5196
e 4137 6562
e 4137 9104
e 4137 9167
e 4138 4209
e 4138 5703
e 4138 5704
e 4139 4208
e 4139 4788
e 4139 4886
e 4139 5022
e 4139 5519
e 4139 7040
e 4139 7047
e 4139 7048
e 4139 7049
e 4139 7050
e 4140 4886
e 4140 6875
e 4140 8387
e 4140 8388
e 4141 4763
e 4141 4765
e 4142 8076
e 4142 8077
e 4142 8354
e 4146 5118
e 4147 6016
e 4147 6726
e 4147 7634
e 4147 7664
e 4147 7771
e 4147 7773
e 4147 7774
e 4147 7775
e 4147 7776
e 4147 7777
e 4148 4283
e 4148 4311
e 4148 4365
e 4148 4841
e 4148 4995
e 4148 4996
e 4148 4997
e 4148 4998
e 4149 6638
e 4149 6639
e 4150 6373
e 4150 8111
e 4151 5415
e 4152 6669
e 4152 6670
e 4152 6671
e 4153 4160
e 4153 4529
e 4153 5098
e 4153 5951
e 4153 6085
e 4153 6988
e 4155 6118
e 4155 6139
e 4155 6219
e 4155 7324
e 4157 7324
e 4158 5719
e 4159 5888
e 4160 5951
e 4160 6085
e 4160 6988
e 4161 4656
e 4162 8422
e 4163 7843
e 4165 4608
e 4165 6361
e 4165 6767
e 4165 7206
e 4165 7207
e 4166 6361
e 4166 6767
e 4166 7206
e 4166 7426
e 4166 7427
e 4167 6361
e 4167 6626
e 4169 4658
e 4169 5323
e 4169 5575
e 4169 6786
e 4169 7430
e 4169 7431
e 4169 7432
e 4169 7433
e 4169 7434
e 4169 7435
e 4170 4290
e 4170 6068
e 4171 4327
e 4174 4649
e 4174 6527
e 4176 5203
e 4176 5953
e 4176 7912
e 4178 7279
e 4178 8525
e 4181 6714
e 4181 6816
e 4181 8283
e 4181 8688
e 4182 4267
e 4182 7823
e 4182 8004
e 4182 8068
e 4182 8822
e 4186 4190
e 4186 5806
e 4186 5807
e 4189 6386
e 4189 6387
e 4190 4191
e 4190 6846
e 4190 6847
e 4192 7187
e 4193 4606
e 4195 4779
e 4195 5820
e 4195 5849
e 4195 7790
e 4195 7791
e 4195 7792
e 4198 5522
e 4203 7612
e 4205 8872
e 4207 4213
e 4207 4441
e 4208 4784
e 4208 5022
e 4208 7036
e 4208 7037
e 4208 7038
e 4209 4347
e 4209 4784
e 4210 4709
e 4210 7039
e 4214 5531
e 4214 5533
e 4214 7337
e 4214 8537
e 4214 8743
e 4214 8744
e 4214 9065
e 4214 9066
e 4215 4720
e 4215 5075
e 4215 5426
e 4215 5731
e 4215 5769
e 4215 6426
e 4215 6831
e 4215 7162
e 4215 7163
e 4215 7164
e 4215 7165
e 4215 7166
e 4215 7167
e 4215 7168
e 4215 7169
e 4215 7170
e 4215 7171
e 4215 7172
e 4215 7173
e 4215 7174
e 4215 7175
e 4216 5225
e 4221 5232
e 4221 5252
e 4221 5254
e 4223 4244
e 4223 4246
e 4223 4248
e 4223 4249
e 4223 4250
e 4223 4251
e 4223 4286
e 4223 4305
e 4223 4309
e 4223 4341
e 4223 4497
e 4223 4555
e 4223 4556
e 4223 4557
e 4223 4558
e 4223 4559
e 4223 4560
e 4223 4561
e 4223 4562
e 4223 4563
e 4224 4509
e 4224 4512
e 4224 7832
e 4224 8208
e 4227 5481
e 4229 8801
e 4230 4287
e 4230 7703
e 4230 7704
e 4231 4232
e 4232 4236
e 4234 6624
e 4235 4257
e 4235 4808
e 4235 5422
e 4235 6595
e 4235 7367
e 4241 4242
e 4243 4267
e 4245 5927
e 4246 4247
e 4246 4341
e 4247 4559
e 4248 7017
e 4249 4304
e 4249 4305
e 4249 5821
e 4250 4305
e 4250 4308
e 4250 7018
e 4250 7019
e 4253 4311
e 4253 5620
e 4254 5927
e 4255 4281
e 4255 4375
e 4255 5928
e 4258 4730
e 4258 6578
e 4258 7617
e 4258 7624
e 4260 6466
e 4260 9012
e 4260 9013
e 4262 4263
e 4262 4264
e 4268 4313
e 4268 4342
e 4268 5607
e 4270 4272
e 4271 5513
e 4271 6917
e 4271 7486
e 4271 7706
e 4271 9221
e 4272 7715
e 4274 5958
e 4274 6613
e 4276 8080
e 4277 4286
e 4277 4311
e 4277 4489
e 4277 4565
e 4277 4566
e 4278 4365
e 4278 4463
e 4278 4467
e 4278 4554
e 4278 4999
e 4280 4311
e 4280 5345
e 4281 4283
e 4281 4311
e 4281 4342
e 4281 4400
e 4281 4471
e 4281 4489
e 4281 4841
e 4281 4995
e 4281 4996
e 4281 5182
e 4281 5346
e 4281 5347
e 4281 5348
e 4282 4372
e 4283 4369
e 4283 4927
e 4283 5349
e 4283 5350
e 4283 5351
e 4284 5355
e 4285 5356
e 4285 5357
e 4286 4287
e 4286 4291
e 4286 4312
e 4286 4481
e 4286 4540
e 4286 4541
e 4286 4542
e 4286 4543
e 4287 4325
e 4287 4326
e 4287 4327
e 4287 4341
e 4287 4400
e 4287 4551
e 4287 4552
e 4287 4553
e 4288 4292
e 4288 4301
e 4288 4310
e 4288 4407
e 4289 4292
e 4289 4310
e 4289 4486
e 4291 4584
e 4291 4586
e 4292 4433
e 4292 4691
e 4293 4698
e 4293 4927
e 4294 5033
e 4295 5041
e 4298 4324
e 4298 5460
e 4299 4588
e 4301 5562
e 4302 4303
e 4302 4369
e 4302 4927
e 4302 5349
e 4302 5563
e 4302 5564
e 4302 5565
e 4302 5566
e 4303 4369
e 4303 5393
e 4303 5567
e 4304 4305
e 4304 4557
e 4304 4559
e 4304 5568
e 4305 4333
e 4305 4341
e 4305 4557
e 4305 4560
e 4305 4561
e 4305 4563
e 4305 4841
e 4305 5569
e 4305 5570
e 4309 4376
e 4311 4621
e 4311 6667
e 4311 7058
e 4311 7059
e 4311 7060
e 4312 4315
e 4312 4319
e 4312 4483
e 4312 4544
e 4312 4545
e 4312 4546
e 4312 4547
e 4312 4548
e 4312 4549
e 4312 4550
e 4313 4342
e 4313 4343
e 4313 4520
e 4313 5607
e 4314 4338
e 4314 4489
e 4314 4575
e 4314 5608
e 4315 4550
e 4315 4941
e 4315 5610
e 4315 5611
e 4315 5612
e 4315 5613
e 4315 5614
e 4315 5615
e 4316 5545
e 4316 5616
e 4316 5617
e 4316 5618
e 4320 4328
e 4320 4576
e 4320 5323
e 4320 5619
e 4320 5620
e 4320 5621
e 4322 5631
e 4324 4368
e 4325 4367
e 4325 5393
e 4325 5738
e 4326 4368
e 4326 5738
e 4327 4367
e 4327 4368
e 4327 4697
e 4329 5310
e 4329 5929
e 4329 5930
e 4329 6683
e 4330 4373
e 4331 5703
e 4331 7113
e 4331 7114
e 4332 4687
e 4333 4341
e 4334 4688
e 4336 4497
e 4336 4687
e 4336 4702
e 4336 5213
e 4336 6989
e 4337 4351
e 4338 4369
e 4338 4575
e 4338 4932
e 4338 5608
e 4339 4351
e 4339 5002
e 4340 4841
e 4341 5304
e 4341 5560
e 4341 5568
e 4341 5928
e 4341 6662
e 4341 6663
e 4342 4351
e 4342 4497
e 4342 5355
e 4342 5552
e 4342 5607
e 4342 5745
e 4342 6248
e 4342 7011
e 4342 7012
e 4342 7013
e 4343 5607
e 4343 6020
e 4344 5193
e 4345 4491
e 4345 5011
e 4345 5416
e 4345 5417
e 4346 4720
e 4346 5366
e 4346 6426
e 4347 7070
e 4347 7074
e 4349 4633
e 4349 5129
e 4349 5249
e 4349 5276
e 4349 6083
e 4349 6656
e 4352 5134
e 4356 4711
e 4356 5817
e 4356 7418
e 4356 7921
e 4358 4732
e 4358 6347
e 4358 7026
e 4359 4784
e 4359 4957
e 4362 5840
e 4362 7198
e 4362 8114
e 4362 8788
e 4363 5763
e 4363 6018
e 4363 6605
e 4363 7015
e 4365 4366
e 4365 4990
e 4365 4991
e 4365 4992
e 4365 4993
e 4365 4994
e 4366 4692
e 4366 4934
e 4366 5009
e 4367 4400
e 4367 5358
e 4367 5359
e 4367 5360
e 4368 4400
e 4368 4552
e 4368 4553
e 4368 4555
e 4368 5004
e 4368 5359
e 4368 5361
e 4368 5362
e 4369 4371
e 4369 4481
e 4369 4575
e 4369 4639
e 4369 4927
e 4369 4932
e 4369 4995
e 4369 4997
e 4369 5349
e 4369 5393
e 4369 5394
e 4369 5395
e 4369 5396
e 4369 5397
e 4369 5398
e 4369 5399
e 4370 5543
e 4370 6996
e 4371 4575
e 4372 4575
e 4372 5396
e 4373 4575
e 4374 8508
e 4375 4489
e 4376 5234
e 4376 7024
e 4378 5301
e 4378 7885
e 4379 6083
e 4380 4967
e 4380 8355
e 4380 8356
e 4381 6953
e 4381 8669
e 4381 8670
e 4381 8671
e 4382 9251
e 4384 9177
e 4386 5658
e 4386 5659
e 4386 5660
e 4388 5340
e 4388 5918
e 4389 7009
e 4391 4463
e 4391 4554
e 4392 4737
e 4392 4824
e 4392 5264
e 4393 6911
e 4394 7460
e 4394 8363
e 4394 8364
e 4395 4415
e 4396 6526
e 4402 5051
e 4402 5052
e 4403 4880
e 4403 8407
e 4404 5089
e 4404 8481
e 4404 9022
e 4407 8523
e 4412 4558
e 4412 5199
e 4412 5363
e 4412 7030
e 4412 7982
e 4412 7983
e 4412 7984
e 4413 8095
e 4414 4551
e 4415 6743
e 4416 6041
e 4416 6793
e 4417 4851
e 4417 5539
e 4417 6269
e 4421 8005
e 4427 4440
e 4429 4914
e 4429 5561
e 4430 5882
e 4430 6739
e 4430 7157
e 4433 4692
e 4433 4693
e 4434 6267
e 4434 6450
e 4434 7071
e 4434 7967
e 4435 4551
e 4435 5703
e 4436 5400
e 4441 4907
e 4444 6564
e 4445 4446
e 4445 4447
e 4447 4456
e 4448 4453
e 4448 5160
e 4448 5161
e 4448 5162
e 4448 5163
e 4449 7123
e 4450 6740
e 4451 7093
e 4455 5874
e 4455 9217
e 4457 6177
e 4457 7544
e 4458 4715
e 4458 5579
e 4458 8301
e 4459 5710
e 4459 5714
e 4461 4462
e 4461 4463
e 4461 4464
e 4462 4470
e 4462 4471
e 4462 4472
e 4463 4473
e 4463 4474
e 4464 4475
e 4464 4476
e 4464 4477
e 4464 4478
e 4464 4479
e 4465 5590
e 4465 5592
e 4466 5590
e 4466 5596
e 4467 4473
e 4469 6533
e 4469 7035
e 4470 4928
e 4470 4929
e 4471 4700
e 4471 4727
e 4471 4738
e 4471 5608
e 4473 4554
e 4473 4655
e 4475 4476
e 4475 4478
e 4475 5305
e 4476 4917
e 4477 5522
e 4477 6016
e 4478 4917
e 4479 8993
e 4482 4488
e 4483 4496
e 4485 4526
e 4486 5349
e 4486 5397
e 4486 6848
e 4487 4596
e 4487 4628
e 4487 5930
e 4489 6014
e 4490 7444
e 4491 8622
e 4492 5122
e 4492 8637
e 4494 6952
e 4497 5053
e 4497 6647
e 4497 6648
e 4499 4516
e 4499 4517
e 4499 4518
e 4499 4519
e 4500 4501
e 4500 4502
e 4500 4503
e 4500 4504
e 4500 4505
e 4500 4506
e 4500 4507
e 4500 4508
e 4500 4509
e 4500 4510
e 4500 4511
e 4500 4512
e 4500 4513
e 4500 4514
e 4502 4565
e 4502 5924
e 4502 6074
e 4504 4507
e 4504 4510
e 4504 4808
e 4505 4509
e 4505 4510
e 4505 4511
e 4505 4512
e 4505 5531
e 4505 6883
e 4505 7654
e 4506 6816
e 4506 7543
e 4507 4508
e 4507 4510
e 4507 4808
e 4507 4963
e 4507 5990
e 4507 6182
e 4507 6701
e 4507 6883
e 4507 6913
e 4507 7319
e 4507 7877
e 4507 8185
e 4507 8391
e 4507 8569
e 4507 8570
e 4507 8571
e 4508 8597
e 4509 4510
e 4509 6883
e 4510 4511
e 4510 6883
e 4510 8939
e 4511 6883
e 4511 8955
e 4512 6883
e 4520 5607
e 4521 4808
e 4521 7398
e 4521 7798
e 4521 8331
e 4522 6155
e 4523 6778
e 4524 7680
e 4525 6421
e 4527 8049
e 4527 8050
e 4529 8385
e 4532 4816
e 4532 5053
e 4532 5356
e 4532 6295
e 4532 6330
e 4532 7658
e 4537 6193
e 4540 4554
e 4541 4564
e 4542 6423
e 4544 5912
e 4544 5915
e 4544 5916
e 4545 4550
e 4545 4941
e 4549 5323
e 4549 5621
e 4551 5829
e 4551 6665
e 4551 6666
e 4552 5738
e 4552 6400
e 4555 5307
e 4557 5186
e 4557 5927
e 4557 5929
e 4557 5930
e 4558 5139
e 4558 6562
e 4559 5304
e 4559 5928
e 4560 5928
e 4564 7100
e 4564 7101
e 4564 7102
e 4564 7103
e 4564 7104
e 4565 5150
e 4566 6400
e 4567 5421
e 4567 6258
e 4567 6259
e 4571 6816
e 4572 7407
e 4574 8580
e 4574 8915
e 4574 9225
e 4575 4578
e 4575 5349
e 4575 5397
e 4575 5608
e 4575 7345
e 4577 4578
e 4579 4991
e 4579 5832
e 4579 5861
e 4579 7479
e 4579 7480
e 4579 7483
e 4580 7307
e 4580 7470
e 4580 7864
e 4582 7108
e 4582 8664
e 4583 5283
e 4583 5953
e 4583 6116
e 4583 6193
e 4583 8084
e 4583 8750
e 4585 5107
e 4588 6864
e 4588 7005
e 4588 7006
e 4588 7007
e 4588 7008
e 4591 4628
e 4592 5186
e 4592 5927
e 4592 5928
e 4592 5929
e 4592 5930
e 4593 5927
e 4593 5929
e 4593 5930
e 4594 5929
e 4594 5930
e 4594 6044
e 4595 4601
e 4595 4662
e 4595 5476
e 4596 5930
e 4596 7730
e 4597 5135
e 4597 5512
e 4598 5930
e 4598 7654
e 4599 7730
e 4600 5930
e 4604 6318
e 4605 4771
e 4606 6357
e 4611 9111
e 4615 7866
e 4625 5290
e 4625 5636
e 4625 5637
e 4625 5639
e 4625 6558
e 4625 6884
e 4625 7633
e 4625 8399
e 4625 8545
e 4625 8546
e 4625 8547
e 4628 5870
e 4629 5340
e 4630 5114
e 4630 7212
e 4630 7213
e 4631 7493
e 4633 5820
e 4633 5971
e 4633 5992
e 4633 6090
e 4633 6752
e 4633 7495
e 4633 7496
e 4636 5632
e 4637 4851
e 4638 6367
e 4638 6809
e 4638 6820
e 4640 8424
e 4641 8633
e 4645 5469
e 4646 5125
e 4649 5478
e 4649 7928
e 4651 4654
e 4651 5106
e 4651 5114
e 4651 5290
e 4653 5038
e 4653 5039
e 4653 5205
e 4653 5280
e 4653 5281
e 4653 5282
e 4654 4682
e 4654 5117
e 4654 5779
e 4654 5899
e 4656 5169
e 4656 5860
e 4657 6206
e 4660 4700
e 4661 6005
e 4661 6773
e 4661 6774
e 4661 6775
e 4664 4709
e 4665 5671
e 4666 5883
e 4666 6361
e 4666 6504
e 4666 6984
e 4668 4726
e 4670 5671
e 4671 5724
e 4672 6777
e 4672 8250
e 4674 5151
e 4680 9007
e 4681 7422
e 4683 4986
e 4689 4690
e 4690 8798
e 4691 4873
e 4692 4991
e 4692 5012
e 4692 5158
e 4692 5159
e 4693 5223
e 4693 5435
e 4693 5785
e 4694 4695
e 4694 4696
e 4694 4697
e 4694 4698
e 4696 4921
e 4696 4922
e 4696 4923
e 4696 4924
e 4696 4925
e 4696 4926
e 4697 5455
e 4697 5456
e 4697 5457
e 4698 5544
e 4698 5545
e 4698 5549
e 4700 5299
e 4700 5300
e 4701 4738
e 4702 5690
e 4706 4707
e 4708 4759
e 4708 4761
e 4708 4762
e 4708 4763
e 4708 4765
e 4708 4768
e 4708 5099
e 4709 4960
e 4709 5489
e 4709 5534
e 4709 6267
e 4709 6549
e 4709 6560
e 4709 6861
e 4709 7397
e 4709 7398
e 4709 7399
e 4709 7400
e 4710 7830
e 4710 7831
e 4711 4762
e 4711 4765
e 4711 5224
e 4711 5865
e 4711 7994
e 4711 7995
e 4712 5897
e 4712 6540
e 4712 8039
e 4713 8186
e 4715 4720
e 4715 5096
e 4715 7022
e 4715 7023
e 4718 7244
e 4718 7245
e 4720 6437
e 4722 6437
e 4724 7992
e 4728 6011
e 4728 7014
e 4729 6175
e 4730 5498
e 4730 5653
e 4730 5654
e 4730 5655
e 4730 5656
e 4730 5657
e 4731 4856
e 4731 5118
e 4732 8774
e 4732 8775
e 4732 8776
e 4734 5319
e 4735 5118
e 4735 6067
e 4737 4824
e 4737 5264
e 4738 4744
e 4738 4997
e 4739 7020
e 4741 5169
e 4742 7020
e 4744 4997
e 4745 5986
e 4746 8687
e 4747 4750
e 4756 5374
e 4757 6849
e 4758 5071
e 4760 7696
e 4762 5949
e 4762 5950
e 4762 6877
e 4762 7326
e 4763 8434
e 4764 8535
e 4765 4766
e 4765 5100
e 4766 5070
e 4766 8784
e 4767 8790
e 4769 5105
e 4772 5983
e 4772 5984
e 4773 6835
e 4777 8898
e 4779 7239
e 4779 7782
e 4780 6395
e 4780 6396
e 4780 6397
e 4780 6398
e 4780 6399
e 4781 8110
e 4782 5803
e 4782 7158
e 4782 7159
e 4782 7160
e 4782 7161
e 4783 6083
e 4783 6186
e 4784 5021
e 4784 5022
e 4784 5023
e 4784 5024
e 4784 5025
e 4784 5026
e 4784 5027
e 4784 5028
e 4785 5266
e 4785 5270
e 4785 5271
e 4787 5271
e 4788 7211
e 4794 4997
e 4795 4796
e 4795 4880
e 4795 8406
e 4796 6827
e 4796 8406
e 4797 6938
e 4797 6940
e 4797 8406
e 4797 8718
e 4797 8903
e 4801 5029
e 4801 5602
e 4801 6636
e 4801 7360
e 4801 7393
e 4801 7743
e 4801 7744
e 4801 7745
e 4801 7746
e 4801 7747
e 4801 7748
e 4801 7749
e 4802 7755
e 4804 4816
e 4804 5522
e 4804 5846
e 4804 5847
e 4804 5984
e 4804 6012
e 4804 6283
e 4804 6343
e 4804 6704
e 4804 7180
e 4804 7181
e 4804 7182
e 4804 7183
e 4804 7184
e 4804 7185
e 4804 7186
e 4807 6083
e 4808 5031
e 4808 6108
e 4808 6182
e 4808 6709
e 4809 5838
e 4810 7218
e 4812 7999
e 4813 5916
e 4815 7293
e 4815 8576
e 4816 5016
e 4816 5565
e 4816 6280
e 4816 6425
e 4816 6685
e 4816 6925
e 4816 7323
e 4816 8892
e 4816 8893
e 4816 8894
e 4816 8895
e 4818 6968
e 4818 7065
e 4820 5319
e 4820 6083
e 4824 5264
e 4826 5301
e 4826 5808
e 4826 7803
e 4827 5808
e 4832 7972
e 4833 7324
e 4836 4966
e 4836 5522
e 4836 5523
e 4836 5524
e 4837 5528
e 4837 6290
e 4837 6714
e 4837 6816
e 4839 7334
e 4840 6039
e 4840 6541
e 4840 6542
e 4840 6543
e 4841 5023
e 4842 5271
e 4843 5859
e 4843 7051
e 4843 7052
e 4844 7598
e 4845 5276
e 4845 6156
e 4846 5276
e 4846 5780
e 4846 6083
e 4846 7447
e 4846 7448
e 4847 8090
e 4848 8192
e 4850 5227
e 4851 5633
e 4852 6407
e 4853 5971
e 4854 9014
e 4857 8454
e 4857 8630
e 4857 9144
e 4872 5736
e 4873 5023
e 4873 6945
e 4875 5924
e 4875 7630
e 4875 7631
e 4875 7632
e 4878 4999
e 4880 6913
e 4880 8407
e 4882 6000
e 4882 8134
e 4882 8866
e 4882 8867
e 4884 5842
e 4884 6542
e 4886 4957
e 4886 5992
e 4886 6080
e 4886 7037
e 4886 7110
e 4886 8137
e 4887 5924
e 4887 7026
e 4888 5122
e 4889 5430
e 4891 4977
e 4891 7157
e 4891 7159
e 4892 4893
e 4892 5125
e 4892 5883
e 4892 5884
e 4892 6161
e 4892 6630
e 4892 7158
e 4892 8401
e 4892 8402
e 4893 6739
e 4893 7157
e 4893 7158
e 4898 7157
e 4898 7159
e 4901 6321
e 4907 7772
e 4908 5101
e 4913 6319
e 4913 6840
e 4913 6841
e 4913 6842
e 4917 5829
e 4917 5831
e 4917 6489
e 4920 4940
e 4921 4924
e 4921 4925
e 4922 4923
e 4923 4925
e 4924 4925
e 4926 6982
e 4926 7280
e 4926 7542
e 4927 5349
e 4927 6997
e 4928 6733
e 4928 6809
e 4930 5274
e 4930 5275
e 4931 6985
e 4932 5608
e 4932 7000
e 4934 5780
e 4934 7447
e 4934 7448
e 4936 7457
e 4937 8252
e 4938 6085
e 4940 5667
e 4940 6395
e 4944 6070
e 4944 6711
e 4944 6780
e 4954 7225
e 4954 7350
e 4955 6808
e 4957 5027
e 4957 5323
e 4957 6811
e 4959 6367
e 4959 6820
e 4959 6870
e 4960 5073
e 4962 6883
e 4964 5469
e 4964 6533
e 4966 6182
e 4966 6885
e 4966 6886
e 4966 6887
e 4969 7176
e 4969 7177
e 4969 7178
e 4970 6789
e 4970 6793
e 4970 6817
e 4977 5887
e 4977 8598
e 4981 5573
e 4982 7663
e 4985 5878
e 4985 6256
e 4986 7231
e 4993 5003
e 4996 6675
e 4997 5398
e 4998 5252
e 4998 5988
e 4998 6676
e 4998 6677
e 4999 5010
e 4999 7061
e 4999 7062
e 5000 5031
e 5002 5932
e 5002 5933
e 5003 6758
e 5005 7475
e 5006 5305
e 5006 5862
e 5006 6256
e 5006 8087
e 5006 8088
e 5006 8089
e 5007 5107
e 5009 5013
e 5013 5151
e 5015 5108
e 5016 8568
e 5017 6421
e 5017 8121
e 5018 5029
e 5018 5030
e 5021 5024
e 5021 7034
e 5023 5266
e 5023 5344
e 5023 5527
e 5023 5852
e 5023 5889
e 5023 6574
e 5023 7432
e 5024 7989
e 5025 5803
e 5027 8195
e 5029 7393
e 5031 5032
e 5035 5036
e 5035 5037
e 5035 6258
e 5035 7684
e 5036 5037
e 5036 7685
e 5036 7686
e 5037 5195
e 5037 6258
e 5037 7718
e 5038 5207
e 5042 5043
e 5042 5044
e 5044 8773
e 5050 5117
e 5051 5509
e 5051 7430
e 5051 7433
e 5051 7434
e 5052 7430
e 5053 6143
e 5053 6531
e 5053 6935
e 5053 7378
e 5053 7608
e 5053 7609
e 5053 7610
e 5053 7611
e 5053 7612
e 5053 7613
e 5056 7823
e 5056 8004
e 5057 5232
e 5057 6710
e 5057 8261
e 5058 8642
e 5059 5609
e 5060 5198
e 5060 6118
e 5060 6928
e 5060 8116
e 5060 8415
e 5060 8920
e 5061 6934
e 5061 9222
e 5064 5443
e 5064 6327
e 5067 5068
e 5071 5099
e 5071 5105
e 5072 5728
e 5074 5789
e 5077 8082
e 5077 8083
e 5078 5510
e 5078 6725
e 5078 8108
e 5079 7201
e 5079 7520
e 5080 5971
e 5080 6223
e 5080 7330
e 5086 5836
e 5086 6522
e 5086 8099
e 5086 8439
e 5089 5888
e 5089 7736
e 5089 8451
e 5089 8452
e 5091 8460
e 5097 8437
e 5098 5102
e 5098 5648
e 5098 6091
e 5098 7003
e 5098 7503
e 5098 7951
e 5098 8748
e 5101 5689
e 5106 7779
e 5106 7780
e 5109 7078
e 5111 7772
e 5114 5905
e 5118 5129
e 5118 5445
e 5118 6661
e 5119 7668
e 5122 6952
e 5122 7055
e 5122 9230
e 5122 9231
e 5124 5939
e 5124 7604
e 5125 8220
e 5128 6613
e 5129 6555
e 5130 5705
e 5130 5723
e 5130 5724
e 5131 6257
e 5132 6592
e 5132 6593
e 5132 6594
e 5132 6595
e 5133 5705
e 5134 6616
e 5135 5512
e 5135 5549
e 5135 6617
e 5135 6618
e 5138 5835
e 5139 6184
e 5139 6554
e 5139 6706
e 5140 6162
e 5142 5600
e 5143 6785
e 5149 5264
e 5149 5633
e 5151 5781
e 5153 6431
e 5154 7538
e 5161 5162
e 5161 5776
e 5161 7124
e 5161 7125
e 5161 7126
e 5161 7127
e 5164 5165
e 5164 5166
e 5164 5167
e 5166 6023
e 5166 6040
e 5166 6353
e 5166 6470
e 5166 6980
e 5166 6981
e 5169 7216
e 5170 5206
e 5171 5345
e 5172 6759
e 5175 7326
e 5175 7327
e 5176 7267
e 5176 7330
e 5179 7148
e 5180 5317
e 5184 7605
e 5186 5310
e 5186 6683
e 5186 7442
e 5186 7659
e 5186 7660
e 5186 7661
e 5187 5211
e 5188 7419
e 5189 5616
e 5189 5855
e 5189 7427
e 5192 7668
e 5193 5793
e 5193 5821
e 5193 6023
e 5193 6026
e 5193 6027
e 5193 8415
e 5197 6374
e 5199 5250
e 5203 7234
e 5203 7804
e 5203 7879
e 5203 8447
e 5204 7732
e 5205 6998
e 5206 7303
e 5206 7802
e 5208 6452
e 5212 5871
e 5212 5872
e 5213 5735
e 5213 8017
e 5218 6006
e 5218 8292
e 5219 5555
e 5220 5555
e 5220 8293
e 5222 5304
e 5224 7082
e 5224 7083
e 5224 7084
e 5224 7085
e 5224 7086
e 5224 7087
e 5225 6741
e 5231 7222
e 5232 5252
e 5232 5254
e 5236 8033
e 5238 7081
e 5247 8144
e 5249 6874
e 5249 8483
e 5250 5871
e 5250 5872
e 5252 6710
e 5252 8132
e 5252 8261
e 5252 8262
e 5253 6710
e 5253 8261
e 5254 8261
e 5257 5258
e 5258 5733
e 5259 7812
e 5263 5652
e 5264 5272
e 5264 7414
e 5265 6382
e 5266 5304
e 5266 5447
e 5266 8359
e 5266 8360
e 5269 6442
e 5269 7312
e 5270 5272
e 5270 5273
e 5271 5778
e 5273 7293
e 5276 6555
e 5276 6751
e 5279 5356
e 5280 6440
e 5280 7694
e 5281 5713
e 5281 7762
e 5282 7763
e 5284 5977
e 5284 6162
e 5284 7084
e 5284 8084
e 5285 6162
e 5285 8201
e 5287 6593
e 5290 6843
e 5295 5670
e 5295 6364
e 5298 6915
e 5299 6597
e 5299 6759
e 5299 7695
e 5301 6849
e 5302 6850
e 5303 6851
e 5305 7188
e 5306 6402
e 5308 7441
e 5310 5929
e 5310 6848
e 5310 7442
e 5310 7443
e 5312 6915
e 5319 5724
e 5319 5771
e 5319 6835
e 5319 8856
e 5320 7723
e 5321 5322
e 5323 8433
e 5333 5334
e 5334 5338
e 5334 5339
e 5338 5543
e 5340 5644
e 5340 5917
e 5340 5918
e 5340 5919
e 5342 8463
e 5343 5400
e 5343 5520
e 5343 6780
e 5349 5393
e 5349 5397
e 5352 6968
e 5355 7263
e 5355 7264
e 5356 7678
e 5356 8274
e 5356 8275
e 5356 8276
e 5356 8277
e 5356 8278
e 5356 8279
e 5356 8280
e 5362 6688
e 5363 6014
e 5363 6213
e 5364 7477
e 5365 6213
e 5365 6288
e 5366 6044
e 5366 6206
e 5366 6421
e 5366 6436
e 5367 6443
e 5369 6595
e 5369 7872
e 5371 8126
e 5372 6011
e 5372 6084
e 5372 7594
e 5372 8074
e 5372 8216
e 5373 7853
e 5381 7461
e 5387 9201
e 5393 5567
e 5394 6102
e 5395 5543
e 5395 6363
e 5396 7705
e 5396 7706
e 5400 5418
e 5401 6501
e 5401 6502
e 5401 6504
e 5401 6621
e 5403 7616
e 5405 8066
e 5405 8235
e 5408 5518
e 5419 5420
e 5420 5422
e 5420 5423
e 5420 5424
e 5421 6259
e 5422 7367
e 5423 7367
e 5423 8757
e 5424 8540
e 5426 6331
e 5426 6332
e 5426 6333
e 5426 6334
e 5426 6335
e 5429 6527
e 5430 6905
e 5431 6038
e 5431 8094
e 5431 8373
e 5432 8781
e 5432 8782
e 5435 5798
e 5436 6260
e 5436 6261
e 5437 6262
e 5439 5462
e 5439 6265
e 5440 5441
e 5443 7996
e 5445 5953
e 5445 6306
e 5445 7594
e 5445 8461
e 5445 8944
e 5445 8945
e 5445 9220
e 5446 5447
e 5446 5953
e 5447 5953
e 5447 8273
e 5448 5953
e 5453 5787
e 5453 6380
e 5453 7357
e 5453 8515
e 5454 5455
e 5459 8281
e 5459 8282
e 5462 5473
e 5462 5474
e 5462 5475
e 5462 5476
e 5465 6321
e 5465 7273
e 5465 7274
e 5465 7275
e 5465 7276
e 5465 7277
e 5465 7278
e 5465 7279
e 5472 8694
e 5474 8920
e 5476 9040
e 5476 9041
e 5476 9042
e 5477 7065
e 5477 7068
e 5477 7458
e 5478 6589
e 5478 7142
e 5479 6731
e 5479 6747
e 5479 7324
e 5480 5481
e 5480 8386
e 5481 5893
e 5485 6015
e 5488 6993
e 5488 8019
e 5488 8080
e 5489 7283
e 5490 5516
e 5494 5947
e 5494 9242
e 5498 6548
e 5498 6549
e 5498 6550
e 5499 5598
e 5502 6312
e 5503 7392
e 5505 6768
e 5507 6318
e 5508 6318
e 5509 8043
e 5509 8044
e 5510 6725
e 5510 6930
e 5510 8108
e 5512 6617
e 5512 6618
e 5519 7725
e 5521 6193
e 5522 6187
e 5522 6509
e 5522 6925
e 5522 7800
e 5522 8180
e 5522 8181
e 5523 6295
e 5523 6326
e 5523 7488
e 5523 8757
e 5526 6179
e 5528 6593
e 5528 6816
e 5531 6016
e 5531 7866
e 5531 8460
e 5531 8464
e 5531 8743
e 5533 8743
e 5533 8744
e 5533 9145
e 5534 6150
e 5534 6665
e 5534 7205
e 5534 7396
e 5534 7593
e 5534 9000
e 5538 6416
e 5541 9068
e 5543 5549
e 5544 5550
e 5545 5549
e 5545 6995
e 5552 5553
e 5553 7444
e 5555 6911
e 5555 7985
e 5555 7986
e 5558 6656
e 5563 5577
e 5564 5566
e 5565 7275
e 5565 8557
e 5567 7305
e 5569 8375
e 5571 5572
e 5572 6834
e 5575 5988
e 5577 5578
e 5577 5579
e 5582 8511
e 5584 6264
e 5585 6262
e 5586 6262
e 5587 6262
e 5588 6262
e 5590 5591
e 5591 5592
e 5594 8746
e 5595 6642
e 5597 6895
e 5597 7484
e 5597 7486
e 5599 6523
e 5599 7614
e 5602 6636
e 5608 7000
e 5609 7359
e 5617 6059
e 5617 8184
e 5618 6995
e 5628 7226
e 5629 6099
e 5630 6075
e 5634 7707
e 5636 6891
e 5636 7708
e 5637 6285
e 5641 5642
e 5641 5643
e 5642 5650
e 5644 5920
e 5647 7917
e 5653 5882
e 5653 6956
e 5654 5882
e 5654 8429
e 5655 5656
e 5655 6578
e 5656 6578
e 5656 8695
e 5657 9183
e 5660 7847
e 5661 5951
e 5661 8051
e 5661 8052
e 5662 6011
e 5662 6581
e 5663 5666
e 5666 5954
e 5669 5678
e 5670 6357
e 5670 6421
e 5670 7819
e 5671 5811
e 5672 6994
e 5672 7540
e 5674 7471
e 5676 6630
e 5676 6994
e 5677 5692
e 5679 5724
e 5679 7002
e 5679 7003
e 5682 8818
e 5682 8819
e 5687 5688
e 5690 6364
e 5696 6603
e 5698 6702
e 5698 6703
e 5703 5724
e 5704 8485
e 5705 5724
e 5706 5708
e 5706 6743
e 5706 8396
e 5707 7853
e 5708 8396
e 5711 5712
e 5711 6819
e 5711 6821
e 5712 6643
e 5712 6819
e 5712 6821
e 5713 8655
e 5715 6558
e 5719 6608
e 5722 7541
e 5724 6038
e 5724 7602
e 5724 7673
e 5728 6691
e 5731 6495
e 5734 5735
e 5738 5739
e 5740 6763
e 5740 6764
e 5746 7011
e 5753 5787
e 5753 6380
e 5755 7403
e 5759 5980
e 5759 6204
e 5762 6106
e 5762 7258
e 5767 7098
e 5774 8648
e 5776 7693
e 5780 8023
e 5787 6380
e 5787 7356
e 5787 7357
e 5787 7358
e 5789 6214
e 5798 8486
e 5799 6822
e 5803 6076
e 5803 6077
e 5803 6078
e 5804 6079
e 5804 6080
e 5804 6081
e 5806 5807
e 5806 6846
e 5808 6392
e 5808 6400
e 5809 6969
e 5812 8079
e 5815 7307
e 5815 7470
e 5815 7471
e 5815 7472
e 5815 7473
e 5817 6883
e 5817 7633
e 5817 7914
e 5823 6370
e 5827 6589
e 5827 7924
e 5829 5830
e 5831 5909
e 5832 7494
e 5832 8027
e 5832 8028
e 5832 8029
e 5832 8030
e 5832 8031
e 5833 8075
e 5835 7612
e 5836 7944
e 5836 7945
e 5836 7946
e 5837 7635
e 5837 9027
e 5837 9028
e 5840 7179
e 5842 6044
e 5842 6267
e 5842 7167
e 5842 7658
e 5845 7238
e 5847 7180
e 5847 8380
e 5848 6248
e 5849 6889
e 5852 6891
e 5854 6972
e 5854 8294
e 5854 8296
e 5859 7051
e 5860 5862
e 5860 8087
e 5860 8088
e 5860 8209
e 5861 8088
e 5861 8209
e 5865 7781
e 5870 5927
e 5870 7730
e 5871 5872
e 5871 6076
e 5872 6076
e 5874 6076
e 5875 6076
e 5881 7796
e 5882 6613
e 5882 6739
e 5882 7131
e 5882 7157
e 5882 8347
e 5882 8348
e 5883 6361
e 5883 6504
e 5883 7157
e 5883 7159
e 5886 5887
e 5886 6613
e 5886 6739
e 5886 8021
e 5886 8346
e 5886 8462
e 5887 6613
e 5887 6739
e 5887 8021
e 5887 8346
e 5887 8462
e 5888 6512
e 5892 6790
e 5893 6931
e 5895 6040
e 5895 6367
e 5895 6835
e 5895 6957
e 5895 6958
e 5895 6959
e 5902 7609
e 5905 8696
e 5912 5915
e 5912 7717
e 5916 6588
e 5916 7525
e 5916 7551
e 5916 8058
e 5916 8457
e 5916 8458
e 5916 8459
e 5917 5918
e 5921 5922
e 5923 7418
e 5923 7911
e 5924 8374
e 5925 6143
e 5925 6144
e 5928 7016
e 5929 7442
e 5929 7660
e 5930 7442
e 5930 7659
e 5930 7660
e 5930 7661
e 5936 6412
e 5936 8205
e 5936 8206
e 5946 9250
e 5947 7965
e 5947 9238
e 5949 5950
e 5949 6418
e 5949 7016
e 5950 7326
e 5951 8455
e 5958 6613
e 5958 8462
e 5958 8844
e 5964 5965
e 5974 8083
e 5977 8874
e 5980 6201
e 5983 5984
e 5983 6385
e 5983 8551
e 5983 8552
e 5984 6638
e 5984 7446
e 5984 8551
e 5986 8832
e 5990 9058
e 5993 6946
e 5999 7633
e 5999 7634
e 6000 6739
e 6001 9263
e 6008 6669
e 6010 6488
e 6011 7644
e 6011 7645
e 6012 7181
e 6012 7185
e 6014 7013
e 6014 8078
e 6015 6211
e 6015 8372
e 6016 6786
e 6016 7866
e 6016 8460
e 6019 8987
e 6038 6577
e 6038 8954
e 6039 6607
e 6039 6685
e 6041 7021
e 6043 6083
e 6044 6892
e 6046 6502
e 6046 6503
e 6046 6504
e 6047 7190
e 6052 8654
e 6056 6057
e 6056 6060
e 6056 6501
e 6056 6502
e 6056 6883
e 6056 6913
e 6057 6060
e 6057 6504
e 6057 6913
e 6057 8027
e 6057 8047
e 6057 8048
e 6060 6913
e 6067 8420
e 6067 8421
e 6069 6264
e 6069 8120
e 6070 6215
e 6070 6780
e 6071 7593
e 6073 6082
e 6075 8959
e 6076 8900
e 6077 8406
e 6079 6206
e 6080 7039
e 6082 8913
e 6083 7409
e 6084 6445
e 6084 8217
e 6085 6988
e 6086 7412
e 6089 6546
e 6091 6459
e 6092 7268
e 6093 6187
e 6105 6213
e 6107 7229
e 6111 6113
e 6114 6115
e 6114 7027
e 6114 7028
e 6116 7729
e 6118 6150
e 6118 6649
e 6118 6952
e 6118 7135
e 6123 6326
e 6125 7908
e 6131 7612
e 6135 7029
e 6135 7130
e 6135 7680
e 6137 6138
e 6139 6142
e 6139 6812
e 6143 7023
e 6143 7729
e 6146 6150
e 6150 6377
e 6150 7128
e 6150 7129
e 6150 7130
e 6151 7401
e 6154 6294
e 6154 6602
e 6154 7680
e 6156 7832
e 6156 8690
e 6156 8691
e 6157 8756
e 6158 7244
e 6164 9067
e 6166 6548
e 6166 8425
e 6166 8426
e 6175 7268
e 6176 8793
e 6177 6213
e 6183 7680
e 6183 8476
e 6184 6733
e 6186 7993
e 6188 9229
e 6193 6636
e 6193 7346
e 6193 7393
e 6193 7703
e 6193 7753
e 6193 7754
e 6200 6201
e 6200 6202
e 6201 6203
e 6201 6204
e 6202 7506
e 6202 7619
e 6202 7969
e 6202 7970
e 6203 6891
e 6205 6443
e 6205 7221
e 6206 6255
e 6211 7424
e 6216 7822
e 6216 7823
e 6216 8007
e 6218 7375
e 6222 6339
e 6223 7691
e 6226 6344
e 6257 6292
e 6257 6293
e 6258 7719
e 6259 8435
e 6260 7650
e 6261 7274
e 6261 7276
e 6261 7277
e 6261 8252
e 6261 8253
e 6261 8254
e 6261 8255
e 6261 8256
e 6261 8257
e 6261 8258
e 6261 8259
e 6261 8260
e 6262 9025
e 6262 9026
e 6264 6613
e 6264 8004
e 6264 8068
e 6264 8686
e 6266 8801
e 6267 8491
e 6270 9243
e 6273 6285
e 6274 6605
e 6275 8710
e 6275 8960
e 6275 8961
e 6279 9163
e 6281 7092
e 6283 6335
e 6283 7185
e 6283 8978
e 6286 7144
e 6286 8833
e 6288 7988
e 6290 6816
e 6290 6950
e 6290 7219
e 6294 6311
e 6294 6312
e 6294 6313
e 6294 6314
e 6294 6315
e 6294 6316
e 6295 6313
e 6295 6314
e 6295 6328
e 6295 6329
e 6295 6330
e 6296 6331
e 6297 6336
e 6300 8787
e 6302 9095
e 6303 6381
e 6313 6602
e 6314 6602
e 6320 6364
e 6320 6882
e 6321 6421
e 6321 6589
e 6321 8896
e 6325 8264
e 6326 7832
e 6327 8060
e 6328 6602
e 6328 7370
e 6328 7991
e 6329 8109
e 6330 8791
e 6332 7071
e 6332 7394
e 6337 6338
e 6338 8030
e 6338 8210
e 6341 6977
e 6341 6978
e 6346 6786
e 6351 9258
e 6354 8351
e 6355 8909
e 6355 8910
e 6356 6733
e 6357 8035
e 6357 8563
e 6358 8034
e 6359 6750
e 6361 6504
e 6361 6621
e 6361 6984
e 6362 8502
e 6364 7023
e 6364 7819
e 6367 6589
e 6367 6786
e 6367 6809
e 6367 6820
e 6367 6825
e 6367 6826
e 6367 6870
e 6368 8926
e 6373 8397
e 6375 8236
e 6377 7633
e 6379 7636
e 6380 6464
e 6380 6490
e 6380 7238
e 6380 7675
e 6380 7676
e 6380 7677
e 6382 8988
e 6384 6544
e 6385 8517
e 6389 8847
e 6391 6770
e 6392 6853
e 6400 6854
e 6400 7288
e 6400 7289
e 6400 7290
e 6400 7291
e 6403 6404
e 6403 6723
e 6403 6853
e 6404 6405
e 6404 6723
e 6405 6406
e 6405 6723
e 6406 6723
e 6406 6853
e 6406 7058
e 6407 6409
e 6407 8875
e 6408 6409
e 6412 8186
e 6412 8202
e 6412 8203
e 6412 8204
e 6421 6571
e 6421 7093
e 6421 8818
e 6421 9165
e 6421 9166
e 6423 7509
e 6423 8634
e 6423 8635
e 6424 8341
e 6424 8398
e 6424 8399
e 6424 8400
e 6427 7397
e 6428 9237
e 6435 8824
e 6436 6732
e 6440 7851
e 6441 6551
e 6443 6529
e 6443 7141
e 6446 8247
e 6446 8248
e 6448 6580
e 6450 8677
e 6450 8678
e 6450 8679
e 6452 7098
e 6454 7090
e 6457 6533
e 6459 9121
e 6464 6904
e 6473 7612
e 6480 6998
e 6482 8248
e 6486 7313
e 6496 6499
e 6501 6502
e 6501 6503
e 6502 6503
e 6502 6504
e 6502 6984
e 6503 6504
e 6504 6984
e 6505 7274
e 6506 7527
e 6507 9152
e 6517 6518
e 6517 6519
e 6519 6522
e 6519 6523
e 6523 7614
e 6524 9265
e 6527 8743
e 6527 8744
e 6527 9146
e 6533 7330
e 6533 8222
e 6533 8223
e 6541 9020
e 6554 7716
e 6564 7639
e 6568 6569
e 6570 7351
e 6571 7981
e 6581 8281
e 6581 8283
e 6581 8878
e 6586 9147
e 6589 6600
e 6589 7650
e 6589 8517
e 6594 6745
e 6600 6953
e 6600 7440
e 6601 8419
e 6605 7015
e 6605 7633
e 6607 6608
e 6607 8797
e 6609 8424
e 6611 9029
e 6613 6739
e 6613 8749
e 6619 8971
e 6619 8972
e 6620 7725
e 6621 6913
e 6621 6984
e 6624 8127
e 6630 7690
e 6630 8403
e 6630 8404
e 6636 6690
e 6637 7766
e 6637 7924
e 6638 7179
e 6640 6641
e 6643 7036
e 6643 7413
e 6646 6703
e 6654 9125
e 6660 7239
e 6661 8496
e 6664 7395
e 6667 8559
e 6667 8560
e 6667 8561
e 6668 7706
e 6669 6825
e 6669 6826
e 6678 8399
e 6680 7745
e 6683 7442
e 6686 6912
e 6686 9150
e 6686 9151
e 6691 6866
e 6695 7150
e 6700 8380
e 6700 8542
e 6700 8543
e 6700 8544
e 6701 8710
e 6709 8856
e 6725 6930
e 6725 8108
e 6727 8477
e 6733 6734
e 6733 6735
e 6733 6736
e 6739 8345
e 6739 8346
e 6744 6747
e 6745 8502
e 6747 7093
e 6747 7639
e 6751 6863
e 6751 8084
e 6751 8450
e 6752 8189
e 6759 6760
e 6759 6761
e 6760 7696
e 6762 7623
e 6763 6764
e 6769 7210
e 6774 8335
e 6774 8547
e 6774 8606
e 6774 8607
e 6775 7511
e 6775 8606
e 6775 8607
e 6775 8923
e 6775 9227
e 6785 7486
e 6786 6788
e 6786 8668
e 6787 8464
e 6787 8465
e 6789 6793
e 6793 6815
e 6793 6817
e 6793 6904
e 6797 7631
e 6797 8470
e 6797 8471
e 6797 8472
e 6799 6913
e 6803 6804
e 6803 6805
e 6803 6806
e 6804 6807
e 6805 6806
e 6807 9086
e 6807 9087
e 6808 6813
e 6808 7198
e 6809 6820
e 6810 7329
e 6811 8195
e 6812 7324
e 6818 7971
e 6819 6821
e 6820 6825
e 6820 6826
e 6820 6870
e 6820 8615
e 6828 6829
e 6828 7681
e 6828 7682
e 6836 7386
e 6839 7494
e 6839 8027
e 6839 8028
e 6839 8031
e 6841 7799
e 6842 7187
e 6850 8680
e 6851 6856
e 6851 8289
e 6851 8845
e 6854 7288
e 6857 8524
e 6861 8465
e 6864 7007
e 6864 8519
e 6867 7140
e 6867 7712
e 6868 7150
e 6874 7023
e 6875 8579
e 6881 7097
e 6882 7235
e 6882 7354
e 6883 7897
e 6885 8758
e 6888 7633
e 6891 7598
e 6891 8218
e 6891 8638
e 6891 8760
e 6891 8761
e 6891 8762
e 6891 8763
e 6891 8764
e 6891 8765
e 6894 7203
e 6895 7484
e 6904 7677
e 6906 7417
e 6913 7107
e 6913 7382
e 6913 7874
e 6913 7875
e 6913 7876
e 6913 7877
e 6913 7878
e 6913 7879
e 6913 7880
e 6913 7881
e 6913 7882
e 6913 7883
e 6916 8942
e 6931 8843
e 6932 7179
e 6933 8780
e 6935 7378
e 6935 8131
e 6941 8924
e 6953 7440
e 6958 8747
e 6962 8436
e 6970 6972
e 6972 7438
e 6973 6974
e 6974 6975
e 6974 6976
e 6977 9002
e 6981 9298
e 6983 7280
e 6983 7281
e 6994 8183
e 6999 9160
e 7005 7007
e 7006 7008
e 7007 8520
e 7007 8522
e 7010 8155
e 7011 7261
e 7011 7262
e 7021 8109
e 7026 7069
e 7029 7130
e 7029 7680
e 7029 8785
e 7029 8786
e 7032 8770
e 7037 7217
e 7037 8516
e 7038 8538
e 7042 7286
e 7047 7211
e 7054 7818
e 7059 7715
e 7060 7715
e 7063 7064
e 7065 7066
e 7065 7067
e 7065 7068
e 7082 8068
e 7082 8069
e 7090 7091
e 7096 8200
e 7097 8084
e 7097 8200
e 7098 7099
e 7100 7105
e 7100 7106
e 7101 7107
e 7103 7108
e 7104 7108
e 7107 9034
e 7108 7498
e 7115 7122
e 7115 8846
e 7116 8293
e 7117 7972
e 7121 8433
e 7131 7469
e 7131 8348
e 7137 7378
e 7138 7378
e 7150 7476
e 7152 7153
e 7157 8349
e 7159 8349
e 7162 7171
e 7167 8689
e 7176 8554
e 7177 8554
e 7177 8555
e 7178 8554
e 7178 8555
e 7181 7182
e 7181 7185
e 7183 7637
e 7184 7389
e 7184 7637
e 7186 7921
e 7187 8749
e 7198 8984
e 7198 8985
e 7203 7204
e 7209 9257
e 7210 9088
e 7211 7783
e 7212 7215
e 7212 8326
e 7213 7215
e 7213 7483
e 7213 8326
e 7213 8327
e 7220 8304
e 7226 7963
e 7233 7804
e 7233 8446
e 7234 7804
e 7234 8447
e 7234 8448
e 7234 8449
e 7235 7499
e 7239 7782
e 7242 7243
e 7250 7417
e 7250 8828
e 7250 9069
e 7257 8334
e 7258 8661
e 7258 8662
e 7261 8121
e 7261 8122
e 7265 7266
e 7267 7299
e 7267 8019
e 7267 8020
e 7267 8021
e 7268 7793
e 7268 8213
e 7268 8214
e 7271 7272
e 7274 7276
e 7288 7289
e 7293 8576
e 7294 7653
e 7297 7511
e 7297 8632
e 7299 8020
e 7300 7301
e 7301 7302
e 7304 7309
e 7307 7470
e 7307 8799
e 7307 8800
e 7307 8801
e 7312 8002
e 7313 8823
e 7320 7384
e 7324 7325
e 7329 7826
e 7329 8251
e 7330 8743
e 7345 8357
e 7347 8066
e 7349 8240
e 7349 8241
e 7349 8242
e 7349 8243
e 7349 8244
e 7351 8831
e 7360 7377
e 7367 8992
e 7372 7487
e 7372 8923
e 7376 8977
e 7380 7407
e 7380 7665
e 7381 7686
e 7384 8858
e 7384 8859
e 7384 8860
e 7384 8861
e 7384 8862
e 7384 8863
e 7387 7987
e 7389 8381
e 7392 7630
e 7397 8473
e 7398 7921
e 7398 8723
e 7402 8530
e 7402 8531
e 7410 8325
e 7417 8828
e 7419 8739
e 7419 8740
e 7419 8741
e 7419 8742
e 7421 7422
e 7422 7423
e 7428 7429
e 7433 7434
e 7434 9018
e 7436 7437
e 7440 7966
e 7441 8005
e 7446 7741
e 7446 8553
e 7447 8023
e 7448 8023
e 7451 8285
e 7453 8286
e 7462 9075
e 7470 7472
e 7470 8799
e 7471 8350
e 7472 8799
e 7479 7480
e 7479 7481
e 7480 7482
e 7493 8537
e 7506 7619
e 7509 8635
e 7521 7522
e 7521 7523
e 7521 7524
e 7531 9277
e 7534 7535
e 7536 7537
e 7538 7539
e 7543 7866
e 7545 8580
e 7546 7595
e 7560 9219
e 7593 8127
e 7595 7596
e 7595 8542
e 7595 9008
e 7595 9009
e 7595 9010
e 7596 8542
e 7596 8869
e 7596 9009
e 7599 7600
e 7602 8688
e 7608 7614
e 7609 7617
e 7609 7618
e 7609 7619
e 7609 7620
e 7609 7621
e 7621 9194
e 7625 9047
e 7630 8536
e 7633 8370
e 7633 9226
e 7635 7636
e 7640 7931
e 7640 8015
e 7640 8016
e 7640 8888
e 7641 7926
e 7647 8237
e 7647 8613
e 7647 8614
e 7651 7652
e 7654 7656
e 7660 8753
e 7666 7852
e 7674 8547
e 7675 8041
e 7686 7721
e 7686 7722
e 7691 8719
e 7702 8998
e 7702 9001
e 7703 8095
e 7705 7794
e 7710 7711
e 7718 7719
e 7719 8089
e 7719 8908
e 7721 8081
e 7721 8567
e 7725 7903
e 7727 7742
e 7730 8596
e 7737 8771
e 7742 8272
e 7742 8649
e 7761 8222
e 7765 8564
e 7766 7924
e 7774 9181
e 7784 9005
e 7790 7791
e 7796 7981
e 7804 8447
e 7804 8448
e 7804 8449
e 7809 8519
e 7814 8503
e 7821 7822
e 7821 7823
e 7821 7824
e 7821 7825
e 7823 8004
e 7823 8005
e 7823 8006
e 7824 7825
e 7824 8005
e 7824 8006
e 7826 8494
e 7832 8690
e 7834 8236
e 7834 8725
e 7834 8726
e 7841 8603
e 7849 7850
e 7852 8187
e 7858 9283
e 7865 8469
e 7866 8460
e 7866 8464
e 7866 8743
e 7866 9049
e 7874 7884
e 7887 9240
e 7893 7894
e 7893 7895
e 7895 7896
e 7896 8234
e 7896 8235
e 7898 8921
e 7898 8996
e 7902 8091
e 7921 8856
e 7921 9142
e 7924 8475
e 7931 8015
e 7947 7948
e 7964 7968
e 7965 8361
e 7973 7974
e 7978 9200
e 7979 7980
e 7981 8663
e 7986 8293
e 7986 8991
e 7988 9180
e 7999 8396
e 8005 8008
e 8007 8068
e 8015 8016
e 8015 8888
e 8017 8018
e 8021 8346
e 8024 8025
e 8025 8026
e 8029 8030
e 8029 8046
e 8031 8660
e 8042 8334
e 8043 8044
e 8058 8759
e 8063 8064
e 8068 8069
e 8075 9072
e 8076 8215
e 8079 8871
e 8079 8932
e 8084 8200
e 8091 9275
e 8094 8373
e 8108 8881
e 8109 8724
e 8112 8918
e 8119 8143
e 8120 8453
e 8121 8559
e 8123 8124
e 8127 8393
e 8133 8499
e 8143 8986
e 8149 9058
e 8150 9107
e 8186 8202
e 8197 8198
e 8198 8199
e 8208 9118
e 8210 8211
e 8211 8212
e 8240 8511
e 8252 8253
e 8252 8254
e 8253 8254
e 8264 8848
e 8264 8849
e 8264 8850
e 8265 8467
e 8265 8848
e 8265 8849
e 8265 8851
e 8265 8852
e 8265 8853
e 8281 8283
e 8297 8298
e 8297 8299
e 8298 8300
e 8299 8300
e 8302 8303
e 8305 8306
e 8313 8940
e 8341 8342
e 8343 8344
e 8351 9253
e 8354 8951
e 8357 8358
e 8361 8362
e 8380 8423
e 8389 8390
e 8396 8397
e 8399 8722
e 8406 8718
e 8408 8640
e 8408 8871
e 8409 8640
e 8409 8871
e 8410 8871
e 8414 9164
e 8420 9110
e 8427 8428
e 8430 8580
e 8441 8484
e 8442 8443
e 8460 8743
e 8460 9049
e 8464 8465
e 8464 8918
e 8464 9021
e 8476 8795
e 8476 8796
e 8477 8478
e 8481 9249
e 8482 9269
e 8483 8865
e 8487 8488
e 8493 9074
e 8505 8506
e 8505 8507
e 8505 8508
e 8507 8509
e 8509 8510
e 8515 8685
e 8520 8521
e 8542 8869
e 8542 9043
e 8547 9223
e 8547 9224
e 8548 8549
e 8550 9135
e 8553 8983
e 8578 8579
e 8590 9131
e 8601 8602
e 8603 8604
e 8603 8605
e 8604 8605
e 8604 8957
e 8604 8958
e 8608 8609
e 8608 8610
e 8609 8611
e 8610 8611
e 8616 8617
e 8634 8635
e 8638 8639
e 8644 8645
e 8645 8646
e 8653 9054
e 8657 8658
e 8657 8659
e 8672 8834
e 8673 8674
e 8675 8676
e 8682 8683
e 8697 8698
e 8699 8700
e 8704 8705
e 8705 8706
e 8710 8960
e 8710 8961
e 8734 8787
e 8734 9244
e 8734 9245
e 8734 9246
e 8734 9247
e 8734 9248
e 8743 8744
e 8747 9044
e 8751 8752
e 8754 8755
e 8766 8767
e 8768 8769
e 8772 9254
e 8789 9016
e 8792 8952
e 8820 8821
e 8828 9069
e 8829 8830
e 8833 8888
e 8833 8889
e 8835 8836
e 8836 8837
e 8838 8839
e 8839 8840
e 8841 8842
e 8846 9052
e 8846 9053
e 8847 9011
e 8850 8851
e 8854 8855
e 8857 8858
e 8857 8859
e 8857 8860
e 8857 8861
e 8857 8862
e 8857 8863
e 8858 8859
e 8858 8860
e 8858 8863
e 8858 8864
e 8859 8860
e 8859 8862
e 8859 8863
e 8859 8864
e 8860 8864
e 8861 8862
e 8861 8863
e 8862 8863
e 8868 9264
e 8869 9008
e 8869 9010
e 8872 8873
e 8876 8877
e 8879 8880
e 8886 8887
e 8889 9276
e 8890 8891
e 8901 8902
e 8904 8905
e 8904 8906
e 8904 8907
e 8909 8910
e 8916 8917
e 8927 8928
e 8933 8934
e 8937 8938
e 8940 8941
e 8949 8950
e 8953 8954
e 8956 8957
e 8956 8958
e 8960 9030
e 8960 9031
e 8961 9031
e 8962 8963
e 8964 8965
e 8966 8967
e 8968 8969
e 8968 8970
e 8970 9022
e 8973 8974
e 8975 8976
e 8979 8980
e 8980 8981
e 8982 9218
e 8989 8990
e 8994 8995
e 8997 8998
e 8997 8999
e 8998 8999
e 8998 9000
e 8999 9001
e 9003 9004
e 9005 9006
e 9017 9018
e 9017 9019
e 9023 9024
e 9032 9033
e 9035 9036
e 9037 9038
e 9037 9039
e 9045 9046
e 9050 9051
e 9052 9053
e 9055 9056
e 9055 9057
e 9056 9057
e 9059 9060
e 9060 9061
e 9061 9062
e 9063 9064
e 9068 9069
e 9069 9116
e 9069 9117
e 9076 9077
e 9076 9078
e 9084 9085
e 9089 9090
e 9090 9091
e 9093 9094
e 9096 9097
e 9098 9099
e 9100 9101
e 9102 9103
e 9105 9106
e 9108 9109
e 9109 9113
e 9114 9115
e 9119 9120
e 9123 9124
e 9133 9137
e 9133 9138
e 9133 9139
e 9138 9139
e 9148 9149
e 9153 9154
e 9153 9155
e 9157 9158
e 9161 9162
e 9168 9169
e 9170 9171
e 9173 9174
e 9178 9179
e 9185 9256
e 9192 9193
e 9195 9196
e 9198 9199
e 9203 9204
e 9205 9206
e 9207 9208
e 9232 9233
e 9234 9235
e 9238 9239
e 9249 9268
e 9259 9260
e 9259 9261
e 9266 9267
e 9269 9270
e 9271 9272
e 9271 9273
e 9271 9274
e 9279 9280
e 9281 9282
e 9284 9285
e 9286 9287
e 9288 9289
e 9290 9291
e 9292 9293
e 9294 9295
e 9296 9297
e 9299 9300
e 9301 9302
