id,size,E,avgD,approx.Treewidth,Nodeconnective,diameter,cluster,max_matching,mvc,maxcut,degree_assort,attr_assort
1,10,10,2.0,2,1,7,0.0,4,5,10,-0.3580246913580259,-0.1976047904191617
2,10,13,2.6,3,1,4,0.0,4,7,13,-0.1085271317829471,-0.0833333333333333
3,10,12,2.4,2,1,4,0.1533333333333333,4,7,10,-0.0604651162790695,-0.1578947368421053
4,10,9,1.8,1,1,9,0.0,4,6,9,-0.1249999999999977,-0.1999999999999999
5,10,9,1.8,1,1,8,0.0,4,5,8,-0.3333333333333347,-0.265625
6,10,9,1.8,1,1,8,0.0,4,5,9,-0.6666666666666665,-0.208955223880597
7,10,9,1.8,1,1,8,0.0,4,6,8,-0.3333333333333347,-0.1328671328671328
8,10,10,2.0,2,1,5,0.1399999999999999,3,5,9,-0.5288220551378447,-0.0322580645161291
9,10,10,2.0,2,1,8,0.1666666666666666,4,6,9,0.1666666666666653,-0.0975609756097561
10,10,9,1.8,1,1,7,0.0,3,4,8,-0.4651162790697679,-0.2413793103448275
11,10,9,1.8,1,1,7,0.0,4,6,8,-0.4651162790697679,-0.2272727272727272
12,10,10,2.0,2,1,7,0.0,4,6,9,-0.3580246913580259,-0.2903225806451613
13,10,11,2.2,2,1,8,0.2666666666666666,4,7,10,0.4358974358974363,-0.0679611650485436
14,10,10,2.0,2,1,8,0.1666666666666666,4,7,9,0.1666666666666653,0.0476190476190475
15,10,15,3.0,3,1,4,0.4833333333333333,5,8,12,-0.0451977401129943,-0.0684931506849315
16,10,9,1.8,1,1,9,0.0,4,6,8,-0.1249999999999977,-0.1999999999999999
17,10,13,2.6,3,1,4,0.2299999999999999,4,7,11,0.0613718411552344,-0.0514705882352941
18,10,11,2.2,2,1,4,0.0,3,5,10,-0.6041666666666664,-0.2154696132596684
19,10,10,2.0,2,1,6,0.0,4,5,9,-0.3888888888888899,-0.25
20,10,11,2.2,2,1,6,0.15,4,8,10,-0.0352941176470584,0.0246305418719212
21,10,11,2.2,2,1,6,0.0833333333333333,4,6,10,0.0833333333333331,-0.0414201183431952
22,10,10,2.0,2,1,7,0.1666666666666666,4,6,9,-0.5686274509803901,0.0123456790123456
23,10,10,2.0,2,1,8,0.0,4,7,9,-0.0526315789473716,-0.1976047904191617
24,10,9,1.8,1,1,9,0.0,5,6,7,-0.1249999999999977,-0.0666666666666667
25,10,10,2.0,2,1,7,0.0,4,7,9,-0.1111111111111122,-0.25
26,10,10,2.0,2,1,7,0.0,4,6,10,-0.3580246913580259,-0.0650887573964497
27,10,9,1.8,1,1,8,0.0,4,7,9,-0.3333333333333347,-0.208955223880597
28,10,11,2.2,2,1,7,0.3,4,6,10,-0.0352941176470584,-0.1469194312796208
29,10,10,2.0,2,1,8,0.2333333333333333,5,7,8,-0.0526315789473716,-0.0778443113772455
30,10,9,1.8,1,1,7,0.0,4,8,9,-0.636363636363637,0.0078740157480314
31,10,11,2.2,2,1,6,0.2533333333333333,4,7,9,-0.3531746031746037,-0.1518324607329843
32,10,10,2.0,2,1,6,0.0,4,6,9,-0.61904761904762,0.0789473684210526
33,10,11,2.2,2,1,8,0.2,4,6,9,0.365384615384618,-0.1111111111111111
34,10,9,1.8,1,1,9,0.0,5,7,8,-0.1249999999999977,-0.1172413793103448
35,10,9,1.8,1,1,7,0.0,3,4,9,-0.4651162790697679,-0.1519999999999999
36,10,9,1.8,1,1,9,0.0,4,6,8,-0.1249999999999977,-0.1654676258992805
37,10,12,2.4,2,1,6,0.3333333333333333,4,7,9,-0.0212765957446825,-0.1803278688524591
38,10,10,2.0,2,1,7,0.15,4,5,9,-0.3829787234042555,-0.1904761904761905
39,10,9,1.8,1,1,9,0.0,4,7,7,-0.1249999999999977,-0.1489361702127659
40,10,10,2.0,2,1,6,0.15,4,6,9,-0.5238095238095235,-0.1560693641618497
41,10,9,1.8,1,1,8,0.0,4,7,9,-0.6666666666666665,-0.1162790697674418
42,10,9,1.8,1,1,8,0.0,4,6,8,-0.6666666666666665,-0.1739130434782608
43,10,15,3.0,3,1,3,0.4071428571428571,4,6,11,-0.3885505481120582,-0.1351351351351351
44,10,11,2.2,2,1,7,0.1999999999999999,4,7,9,0.3015873015873028,-0.1804878048780487
45,10,9,1.8,1,1,9,0.0,4,6,9,-0.1249999999999977,-0.1824817518248175
46,10,13,2.6,3,1,4,0.2099999999999999,3,5,12,-0.2043596730245231,-0.2426470588235294
47,10,10,2.0,2,1,7,0.1,4,6,9,0.215686274509803,-0.1299435028248587
48,10,13,2.6,2,1,4,0.38,4,7,11,-0.3122065727699533,-0.270676691729323
49,10,10,2.0,2,1,7,0.0,4,8,10,-0.3888888888888899,-0.0322580645161291
50,10,12,2.4,2,1,5,0.22,4,7,11,-0.1111111111111107,-0.1234042553191489
51,10,11,2.2,2,1,6,0.2499999999999999,5,6,9,0.1979166666666666,-0.1956521739130435
52,10,11,2.2,2,1,7,0.2333333333333333,4,6,10,0.1979166666666666,-0.1167512690355329
53,10,11,2.2,2,1,6,0.0,4,7,10,-0.0476190476190468,-0.1469194312796208
54,10,12,2.4,2,1,6,0.4,4,6,9,-0.4545454545454525,-0.1379310344827586
55,10,11,2.2,2,1,8,0.2666666666666666,4,8,9,0.4358974358974363,-0.1578947368421052
56,10,9,1.8,1,1,7,0.0,4,7,9,-0.4318181818181821,-0.0666666666666666
57,10,9,1.8,1,1,9,0.0,4,6,9,-0.1249999999999977,-0.2366412213740457
58,10,9,1.8,1,1,6,0.0,4,7,9,-0.5254237288135581,-0.1824817518248175
59,10,11,2.2,2,1,5,0.0,3,5,9,-0.7600000000000001,-0.174757281553398
60,10,10,2.0,2,1,6,0.1666666666666666,3,5,9,-0.8095238095238106,-0.1764705882352941
61,10,9,1.8,1,1,9,0.0,4,6,9,-0.1249999999999977,-0.1172413793103448
62,10,10,2.0,2,1,8,0.1666666666666666,4,6,9,0.1666666666666653,-0.2048192771084337
63,10,10,2.0,2,1,6,0.0,4,7,8,-0.1111111111111122,-0.2658227848101266
64,10,10,2.0,2,1,8,0.2333333333333333,4,6,9,-0.0526315789473716,-0.1834319526627219
65,10,9,1.8,1,1,9,0.0,5,8,7,-0.1249999999999977,-0.2
66,10,11,2.2,2,1,5,0.1833333333333333,3,5,9,-0.1827956989247307,-0.0891089108910891
67,10,9,1.8,1,1,7,0.0,4,7,8,-0.2272727272727273,0.1496062992125984
68,10,9,1.8,1,1,8,0.0,4,7,9,-0.3333333333333347,-0.1739130434782608
69,10,11,2.2,2,1,5,0.0,5,8,10,0.1538461538461552,-0.1634615384615384
70,10,11,2.2,2,1,5,0.24,3,5,10,-0.4879227053140095,-0.1123595505617977
71,10,9,1.8,1,1,8,0.0,4,7,8,-0.6666666666666665,0.0869565217391304
72,10,13,2.6,2,1,6,0.5666666666666668,3,6,11,-0.4268292682926857,-0.1496598639455782
73,10,12,2.4,2,1,5,0.2999999999999999,3,6,10,-0.2587412587412583,-0.152
74,10,10,2.0,2,1,7,0.0,4,7,10,-0.3888888888888899,-0.1494252873563218
75,10,9,1.8,1,1,9,0.0,4,8,8,-0.1249999999999977,-0.2180451127819548
76,10,10,2.0,2,1,8,0.1666666666666666,3,6,8,0.1666666666666653,-0.1180124223602484
77,10,10,2.0,2,1,6,0.2333333333333333,4,6,9,-0.8085106382978715,-3.4694469519536136e-17
78,10,13,2.6,3,1,7,0.3166666666666666,4,7,11,0.535714285714285,-0.1223021582733813
79,10,10,2.0,2,1,7,0.0,4,8,9,-0.1111111111111122,-0.1627906976744186
80,10,10,2.0,2,1,8,0.2333333333333333,3,6,9,-0.0526315789473716,-0.1560693641618497
81,10,9,1.8,1,1,8,0.0,4,6,8,-0.3333333333333347,-0.2180451127819548
82,10,10,2.0,2,1,8,0.0,4,7,10,-0.3888888888888899,-0.1976047904191615
83,10,12,2.4,2,1,5,0.1666666666666666,5,7,11,0.086956521739127,-0.0775510204081633
84,10,11,2.2,2,1,5,0.15,4,6,10,-0.2571428571428588,-0.1980198019801981
85,10,9,1.8,1,1,8,0.0,3,6,8,-0.6666666666666665,-0.1739130434782608
86,10,13,2.6,2,1,5,0.22,4,7,12,-0.1875000000000001,-0.1943462897526502
87,10,14,2.8,3,1,3,0.37,3,5,11,-0.435897435897435,-0.1736526946107784
88,10,9,1.8,1,1,9,0.0,4,7,7,-0.1249999999999977,-0.1824817518248175
89,10,9,1.8,1,1,7,0.0,3,6,8,-0.4651162790697679,0.0
90,10,9,1.8,1,1,8,0.0,4,6,8,-0.3333333333333347,-0.1739130434782608
91,10,11,2.2,2,1,6,0.3166666666666666,3,5,9,-0.4666666666666675,-0.1167512690355329
92,10,9,1.8,1,1,9,0.0,4,8,7,-0.1249999999999977,-0.1489361702127659
93,10,10,2.0,2,1,5,0.0766666666666666,4,5,9,-0.2962962962962967,-0.2195121951219512
94,10,13,2.6,3,1,6,0.2166666666666666,4,6,11,0.3953488372093012,-0.1575342465753424
95,10,9,1.8,1,1,8,0.0,4,7,8,-0.3333333333333347,-0.1654676258992805
96,10,9,1.8,1,1,8,0.0,5,8,8,-0.3333333333333347,-0.0434782608695652
97,10,10,2.0,2,2,5,0.0,4,7,10,,-0.0714285714285714
98,10,9,1.8,1,1,6,0.0,3,5,8,-0.5299999999999999,-0.2272727272727273
99,10,10,2.0,2,1,8,0.2333333333333333,4,7,9,-0.0526315789473716,-0.1834319526627219
100,10,10,2.0,2,1,7,0.0,5,9,9,-0.1764705882352955,0.0303030303030302
101,10,10,2.0,2,1,7,0.0,4,6,10,-0.1764705882352955,-0.0650887573964497
102,10,12,2.4,3,1,6,0.1333333333333333,4,7,11,0.1608391608391602,-0.1612903225806452
103,10,13,2.6,3,1,4,0.2933333333333333,3,6,11,-0.2037037037037037,-0.1818181818181818
104,10,11,2.2,2,1,5,0.2166666666666666,5,8,10,-0.1458333333333337,-0.073170731707317
105,10,13,2.6,3,1,5,0.12,4,6,12,-0.0699588477366259,-0.0985915492957747
106,10,12,2.4,2,1,5,0.0,5,9,11,-0.0434782608695684,-0.0731707317073171
107,10,10,2.0,2,1,7,0.0,4,7,10,-0.3888888888888899,-0.0778443113772455
108,10,14,2.8,3,1,4,0.48,4,7,11,-0.0393013100436668,-0.1097560975609756
109,10,10,2.0,2,1,7,0.0,5,7,9,0.1666666666666653,-0.0126582278481012
110,10,11,2.2,2,1,6,0.1666666666666666,5,8,10,-0.0576923076923089,-0.0891089108910891
111,10,13,2.6,3,1,6,0.2166666666666666,4,7,11,0.1999999999999994,-0.1215686274509804
112,10,10,2.0,2,1,7,0.2333333333333333,4,6,8,-0.6666666666666623,-0.1111111111111111
113,10,10,2.0,2,1,7,0.1666666666666666,3,5,9,-0.3725490196078475,-0.2195121951219513
114,10,10,2.0,2,1,7,0.15,4,8,9,-0.1702127659574474,-0.1363636363636363
115,10,13,2.6,2,1,4,0.36,4,6,11,-0.2972399150743103,-0.1908396946564886
116,10,10,2.0,2,1,6,0.15,4,7,9,-0.4285714285714291,-0.1904761904761905
117,10,9,1.8,1,1,8,0.0,4,7,7,-0.6666666666666665,-0.1911764705882352
118,10,9,1.8,1,1,7,0.0,4,4,9,-0.4651162790697679,-0.1900826446280991
119,10,12,2.4,2,1,5,0.1666666666666666,4,7,10,-0.27659574468085,-0.0775510204081633
120,10,9,1.8,1,1,8,0.0,4,7,7,-0.6666666666666665,-0.1911764705882352
121,10,11,2.2,2,1,7,0.2333333333333333,5,7,10,0.1979166666666666,-0.0999999999999999
122,10,15,3.0,3,1,5,0.4433333333333332,4,7,12,-0.2996389891696749,-0.1170212765957446
123,10,10,2.0,2,1,5,0.1433333333333333,3,5,9,-0.5740740740740737,-0.25
124,10,13,2.6,2,1,5,0.55,4,6,9,-0.2307692307692315,-0.0612244897959183
125,10,11,2.2,2,1,7,0.0,5,8,11,0.1538461538461552,-0.2410256410256411
126,10,11,2.2,2,1,6,0.0,4,7,11,0.1538461538461552,-0.0421052631578947
127,10,9,1.8,1,1,9,0.0,4,5,9,-0.1249999999999977,-0.0510948905109489
128,10,9,1.8,1,1,8,0.0,4,6,9,-0.3333333333333347,-0.0588235294117647
129,10,9,1.8,1,1,7,0.0,5,7,8,-0.2272727272727273,-0.152
130,10,9,1.8,1,1,8,0.0,3,6,8,-0.3333333333333347,-0.1739130434782608
131,10,10,2.0,2,1,7,0.0,4,6,10,0.1666666666666653,0.0588235294117646
132,10,9,1.8,1,1,7,0.0,4,7,8,-0.636363636363637,-0.0510948905109489
133,10,9,1.8,1,1,8,0.0,4,7,9,-0.3333333333333347,0.0597014925373134
134,10,11,2.2,2,1,7,0.2333333333333333,4,7,9,-0.0312499999999992,-0.0784313725490195
135,10,9,1.8,1,1,7,0.0,4,8,9,-0.4318181818181821,-0.1824817518248175
136,10,10,2.0,2,1,6,0.2333333333333333,4,6,9,0.1666666666666653,-0.1976047904191617
137,10,9,1.8,1,1,9,0.0,5,6,8,-0.1249999999999977,-0.1999999999999999
138,10,13,2.6,3,1,6,0.0,5,8,13,0.4022988505747105,0.0579710144927536
139,10,11,2.2,2,1,7,0.3666666666666667,3,6,9,-0.0352941176470584,-0.0945273631840796
140,10,9,1.8,1,1,7,0.0,4,6,9,-0.636363636363637,-0.1571428571428571
141,10,13,2.6,2,1,5,0.3299999999999999,4,6,10,-0.0569105691056911,-0.2158273381294964
142,10,12,2.4,3,1,5,0.0,4,6,11,-0.3333333333333323,-0.0572687224669603
143,10,10,2.0,2,1,6,0.1433333333333333,2,4,8,-0.4218009478672972,-0.1464968152866242
144,10,15,3.0,3,1,4,0.35,4,7,12,0.0322580645161275,-0.3432835820895523
145,10,9,1.8,1,1,6,0.0,2,4,7,-0.4545454545454556,-0.0359712230215827
146,10,9,1.8,1,1,6,0.0,3,4,9,-0.6649999999999998,0.0
147,10,9,1.8,1,1,9,0.0,4,7,9,-0.1249999999999977,-0.099236641221374
148,10,9,1.8,1,1,8,0.0,4,6,7,-0.6666666666666665,-0.0588235294117647
149,10,13,2.6,2,1,4,0.3133333333333333,4,7,11,-0.3140794223826715,-0.1695501730103806
150,10,9,1.8,1,1,9,0.0,4,7,8,-0.1249999999999977,-0.2755905511811024
151,10,9,1.8,1,1,7,0.0,4,6,9,-0.636363636363637,0.1074380165289255
152,10,10,2.0,2,1,7,0.2166666666666666,5,9,8,-0.3580246913580259,-0.1695906432748538
153,10,9,1.8,1,1,6,0.0,4,7,8,-0.5454545454545465,-0.0746268656716417
154,10,11,2.2,2,1,7,0.25,4,7,10,-0.0312499999999992,-0.1634615384615384
155,10,9,1.8,1,1,8,0.0,4,7,9,-0.6666666666666665,-0.208955223880597
156,10,13,2.6,2,2,4,0.2199999999999999,4,7,11,-0.2560386473429961,-0.025089605734767
157,10,9,1.8,1,1,8,0.0,5,7,8,-0.3333333333333347,-0.0588235294117647
158,10,13,2.6,2,1,5,0.2033333333333333,4,7,12,-0.1769547325102884,-0.1
159,10,11,2.2,2,1,6,0.15,3,5,9,-0.3750000000000002,-0.0526315789473684
160,10,11,2.2,2,1,6,0.3166666666666667,3,6,9,-0.2571428571428588,-0.1764705882352942
161,10,10,2.0,2,1,7,0.2333333333333333,4,7,8,-0.6666666666666623,-0.2195121951219512
162,10,9,1.8,1,1,9,0.0,5,7,8,-0.1249999999999977,-0.1654676258992805
163,10,12,2.4,2,1,7,0.4333333333333334,5,8,9,-0.27659574468085,-0.0775510204081633
164,10,10,2.0,2,1,5,0.0,4,5,9,-0.1111111111111122,-0.1764705882352941
165,10,11,2.2,2,1,7,0.1,4,6,10,0.3653846153846186,-0.1921182266009852
166,10,12,2.4,3,1,7,0.1666666666666666,4,7,10,0.347826086956521,-0.1139240506329113
167,10,10,2.0,2,1,6,0.2166666666666667,4,7,9,-0.1702127659574478,-0.2
168,10,9,1.8,1,1,9,0.0,4,8,8,-0.1249999999999977,-0.1824817518248175
169,10,10,2.0,2,1,8,0.1666666666666666,4,6,9,0.1666666666666653,-0.2048192771084337
170,10,10,2.0,2,1,8,0.1666666666666666,4,7,8,0.1666666666666653,-0.1538461538461537
171,10,13,2.6,3,1,4,0.2166666666666667,4,6,12,-0.3100775193798466,-0.0214285714285714
172,10,10,2.0,2,1,7,0.2333333333333333,4,6,9,-0.3888888888888899,-0.2765957446808511
173,10,11,2.2,2,1,8,0.2666666666666666,4,6,9,0.4358974358974363,-0.0050761421319796
174,10,18,3.6,3,1,3,0.5947619047619048,4,7,13,-0.2244897959183681,-0.1229357798165137
175,10,10,2.0,2,1,7,0.15,3,6,9,-0.1702127659574474,-0.1464968152866242
176,10,15,3.0,3,1,5,0.5,5,8,13,-0.161290322580645,-0.0626702997275203
177,10,11,2.2,2,1,7,0.2,4,7,10,0.3015873015873028,-0.134020618556701
178,10,9,1.8,1,1,8,0.0,4,7,9,-0.3333333333333347,-0.1408450704225352
179,10,9,1.8,1,1,8,0.0,4,5,8,-0.6666666666666665,0.0802919708029197
180,10,10,2.0,2,1,6,0.0,4,7,10,-0.1764705882352955,-0.1834319526627219
181,10,9,1.8,1,1,7,0.0,3,5,9,-0.2272727272727273,-0.1076923076923076
182,10,11,2.2,2,1,3,0.1380952380952381,3,5,10,-0.6366237482117312,-0.2359550561797753
183,10,9,1.8,1,1,8,0.0,3,5,8,-0.6666666666666665,-0.208955223880597
184,10,10,2.0,2,1,8,0.1666666666666666,4,7,8,0.1666666666666653,-0.1464968152866241
185,10,9,1.8,1,1,8,0.0,4,6,9,-0.3333333333333347,0.0078740157480315
186,10,9,1.8,1,1,7,0.0,3,6,8,-0.6744186046511633,0.0307692307692307
187,10,14,2.8,2,1,4,0.4533333333333334,4,7,11,-0.1004366812227101,0.0059171597633136
188,10,9,1.8,1,1,5,0.0,3,4,9,-0.6521739130434782,-0.2461538461538461
189,10,9,1.8,1,1,8,0.0,3,6,7,-0.3333333333333347,-0.1408450704225352
190,10,12,2.4,2,1,4,0.1666666666666666,4,8,11,-0.27659574468085,-0.064516129032258
191,10,9,1.8,1,1,9,0.0,4,7,8,-0.1249999999999977,-0.1824817518248175
192,10,10,2.0,2,1,6,0.0,4,7,10,-0.1111111111111122,-0.2345679012345679
193,10,10,2.0,2,1,7,0.0,5,8,10,0.1666666666666653,-0.1627906976744186
194,10,10,2.0,2,1,7,0.1,4,7,9,0.019607843137254,-0.1320754716981131
195,10,9,1.8,1,1,6,0.0,3,5,9,-0.4545454545454556,-0.1911764705882352
196,10,17,3.4,3,1,3,0.6619047619047619,4,7,12,-0.4639940608760221,-0.0736842105263157
197,10,9,1.8,1,1,9,0.0,4,8,8,-0.1249999999999977,-0.1571428571428571
198,10,10,2.0,2,1,7,0.2166666666666667,3,5,8,-0.3580246913580259,-0.1627906976744186
199,10,10,2.0,2,1,6,0.0,4,5,9,-0.7647058823529396,-0.0975609756097561
200,10,10,2.0,2,1,5,0.2333333333333333,3,5,9,-0.6587677725118487,-0.0596026490066224
201,10,9,1.8,1,1,8,0.0,4,6,8,-0.3333333333333347,-0.0510948905109488
202,10,12,2.4,3,1,5,0.1666666666666666,3,5,10,-0.6666666666666665,-0.0954356846473029
203,10,9,1.8,1,1,9,0.0,4,7,9,-0.1249999999999977,-0.0359712230215827
204,10,11,2.2,2,1,7,0.1666666666666666,4,6,10,-0.269230769230769,-0.2021857923497267
205,10,13,2.6,3,1,5,0.0,4,7,13,0.0930232558139532,-0.054054054054054
206,10,10,2.0,2,1,7,0.1666666666666666,4,7,9,-0.3725490196078475,-0.1627906976744186
207,10,11,2.2,2,1,5,0.1333333333333333,4,7,10,0.1200000000000007,-0.1578947368421052
208,10,9,1.8,1,1,8,0.0,4,6,9,-0.3333333333333347,-0.1408450704225352
209,10,9,1.8,1,1,8,0.0,5,8,7,-0.3333333333333347,-0.2272727272727272
210,10,13,2.6,3,1,4,0.2266666666666666,3,6,11,-0.2566666666666675,-0.1103202846975088
211,10,14,2.8,2,1,4,0.2799999999999999,4,7,12,-0.3333333333333341,-0.12
212,10,9,1.8,1,1,9,0.0,4,7,7,-0.1249999999999977,-0.1489361702127659
213,10,9,1.8,1,1,8,0.0,4,7,8,-0.3333333333333347,-0.2203389830508474
214,10,11,2.2,2,1,5,0.0,4,7,10,-0.3749999999999998,-0.1578947368421052
215,10,10,2.0,2,1,6,0.0,4,7,9,-0.1111111111111122,-0.1764705882352941
216,10,9,1.8,1,1,6,0.0,5,8,9,-0.2558139534883724,-0.1654676258992805
217,10,10,2.0,2,1,6,0.0,4,6,10,0.0196078431372542,-0.1904761904761905
218,10,9,1.8,1,1,7,0.0,3,6,8,-0.636363636363637,-0.1739130434782608
219,10,9,1.8,1,1,9,0.0,5,7,9,-0.1249999999999977,0.0802919708029197
220,10,11,2.2,2,1,5,0.15,3,5,10,-0.3619047619047627,-0.1690821256038647
221,10,11,2.2,2,1,4,0.1966666666666666,4,7,9,-0.4752186588921288,-0.134020618556701
222,10,10,2.0,2,1,7,0.0,5,6,9,0.1666666666666653,-0.1392405063291139
223,10,9,1.8,1,1,9,0.0,4,6,7,-0.1249999999999977,0.0666666666666666
224,10,11,2.2,2,1,6,0.2333333333333333,4,7,10,-0.4807692307692313,-0.2604166666666667
225,10,10,2.0,2,1,6,0.0,4,5,8,-0.489361702127661,-0.0843373493975904
226,10,12,2.4,2,1,5,0.2766666666666666,4,7,10,-0.3333333333333324,-0.0909090909090909
227,10,9,1.8,1,1,9,0.0,5,8,9,-0.1249999999999977,-0.0827067669172932
228,10,11,2.2,2,1,6,0.15,4,6,10,-0.0352941176470584,-0.073170731707317
229,10,9,1.8,1,1,9,0.0,4,7,9,-0.1249999999999977,-0.0359712230215827
230,10,10,2.0,2,1,8,0.1666666666666666,4,6,9,-0.1111111111111122,-0.0389610389610389
231,10,9,1.8,1,1,9,0.0,4,7,8,-0.1249999999999977,-0.1328671328671328
232,10,9,1.8,1,1,7,0.0,4,7,8,-0.4318181818181821,0.0
233,10,11,2.2,2,1,7,0.25,4,6,10,-0.0312499999999992,-0.0945273631840795
234,10,11,2.2,2,1,6,0.1,5,8,10,-0.0576923076923089,-0.0679611650485436
235,10,11,2.2,2,1,6,0.1,5,7,10,0.1538461538461559,0.0056497175141242
236,10,13,2.6,3,1,4,0.2033333333333333,4,7,11,-0.0378151260504204,-0.2380952380952381
237,10,13,2.6,3,1,5,0.3099999999999999,4,7,11,-0.2304526748971195,-0.0684931506849315
238,10,12,2.4,3,1,4,0.0,5,7,12,-0.1162790697674406,-0.1092436974789916
239,10,9,1.8,1,1,7,0.0,4,7,9,-0.2272727272727273,-0.0746268656716417
240,10,11,2.2,2,1,7,0.3666666666666666,4,7,9,-0.0352941176470584,0.0246305418719211
241,10,12,2.4,2,1,6,0.4666666666666667,4,7,10,-0.3043478260869566,-0.1707317073170732
242,10,9,1.8,1,1,8,0.0,3,6,9,-0.6666666666666665,-0.1739130434782608
243,10,18,3.6,4,1,4,0.5066666666666667,4,7,13,-0.1400730816077948,-0.1439252336448598
244,10,11,2.2,2,1,5,0.15,3,6,10,-0.4895833333333356,-0.1111111111111111
245,10,12,2.4,2,1,5,0.45,4,7,9,-0.628571428571428,-0.1092436974789916
246,10,9,1.8,1,1,7,0.0,4,7,9,-0.4318181818181819,-0.0434782608695652
247,10,10,2.0,2,1,8,0.1666666666666666,4,7,9,-0.1111111111111122,0.036144578313253
248,10,9,1.8,1,1,8,0.0,5,8,8,-0.3333333333333347,-0.1571428571428571
249,10,15,3.0,3,1,5,0.4333333333333333,3,5,12,0.0199637023593462,-0.1538461538461538
250,10,9,1.8,1,1,8,0.0,4,6,9,-0.3333333333333347,-0.2461538461538461
251,10,11,2.2,2,1,5,0.1666666666666666,4,7,9,-0.0576923076923089,-0.1690821256038647
252,10,13,2.6,2,1,6,0.4666666666666666,4,7,11,0.0769230769230763,-0.0631970260223048
253,10,9,1.8,1,1,8,0.0,4,6,9,-0.3333333333333347,-0.1076923076923076
254,10,10,2.0,2,1,7,0.1,5,7,8,0.215686274509803,-0.1976047904191617
255,10,9,1.8,1,1,9,0.0,5,7,9,-0.1249999999999977,-0.008
256,10,12,2.4,2,1,6,0.2333333333333333,4,6,9,-0.0434782608695684,-0.1383399209486166
257,10,10,2.0,2,1,8,0.2333333333333333,5,7,9,-0.0526315789473716,-0.2738853503184711
258,10,12,2.4,2,1,5,0.0833333333333333,4,6,11,-0.0909090909090901,-0.1851851851851852
259,10,10,2.0,2,1,8,0.1666666666666666,4,8,9,0.1666666666666653,-0.1249999999999999
260,10,9,1.8,1,1,8,0.0,4,7,9,-0.3333333333333347,-0.0434782608695652
261,10,9,1.8,1,1,8,0.0,4,7,9,-0.6666666666666665,-0.265625
262,10,11,2.2,2,1,7,0.2333333333333333,4,5,10,0.0833333333333331,0.0050251256281406
263,10,11,2.2,2,1,6,0.0,4,7,10,-0.3749999999999994,-0.1282051282051283
264,10,19,3.8,4,1,5,0.44,4,6,15,0.4062499999999984,-0.1067961165048543
265,10,11,2.2,2,1,7,0.1,4,6,10,0.1538461538461559,-0.1123595505617977
266,10,11,2.2,2,1,6,0.2533333333333333,3,4,9,-0.3968253968253972,-0.1827956989247311
267,10,13,2.6,2,1,4,0.1266666666666666,3,5,11,-0.2105263157894744,-0.0721649484536082
268,10,11,2.2,2,1,6,0.0,4,7,10,-0.4807692307692313,-0.198019801980198
269,10,10,2.0,2,1,7,0.0,4,6,9,0.1666666666666653,-0.2738853503184714
270,10,9,1.8,1,1,9,0.0,5,7,8,-0.1249999999999977,-0.0666666666666667
271,10,11,2.2,2,1,7,0.2666666666666666,3,5,9,-0.1956521739130433,-0.1690821256038647
272,10,10,2.0,2,1,8,0.1666666666666666,4,7,9,-0.1111111111111122,-0.0909090909090909
273,10,13,2.6,3,1,4,0.1166666666666666,4,6,12,-0.1105527638190938,-0.0985915492957747
274,10,10,2.0,2,1,7,0.0,4,6,9,-0.1111111111111122,0.0277777777777778
275,10,11,2.2,2,1,8,0.2666666666666666,5,7,9,0.4358974358974363,-0.2222222222222223
276,10,9,1.8,1,1,8,0.0,4,6,8,-0.6666666666666665,-0.1076923076923076
277,10,9,1.8,1,1,7,0.0,4,6,8,-0.8409090909090922,-0.1654676258992805
278,10,9,1.8,1,1,9,0.0,5,8,8,-0.1249999999999977,-0.0827067669172932
279,10,9,1.8,1,1,6,0.0,3,5,8,-0.5299999999999999,-0.1824817518248175
280,10,11,2.2,2,1,5,0.0,4,7,11,-0.1647058823529409,-0.2039800995024875
281,10,10,2.0,2,1,7,0.1,4,8,9,0.019607843137254,-0.1976047904191617
282,10,9,1.8,1,1,8,0.0,4,6,8,-0.3333333333333347,-0.208955223880597
283,10,10,2.0,2,1,5,0.2166666666666667,3,5,8,-0.805555555555556,-0.0714285714285714
284,10,10,2.0,2,1,6,0.2333333333333333,4,7,9,-0.5686274509803901,-0.125
285,10,9,1.8,1,1,8,0.0,4,6,9,-0.3333333333333347,0.0381679389312977
286,10,13,2.6,2,1,5,0.39,5,8,11,-0.0699588477366259,-0.1859649122807017
287,10,12,2.4,2,1,5,0.1333333333333333,4,7,11,0.2285714285714283,-0.1851851851851851
288,10,10,2.0,2,1,6,0.0,4,7,10,-0.3888888888888899,-0.1834319526627219
289,10,9,1.8,1,1,9,0.0,4,7,9,-0.1249999999999977,-0.1654676258992805
290,10,10,2.0,2,1,5,0.1266666666666666,3,4,9,-0.4859437751004021,-0.1695906432748538
291,10,9,1.8,1,1,9,0.0,4,6,8,-0.1249999999999977,-0.1654676258992805
292,10,9,1.8,1,1,9,0.0,4,6,9,-0.1249999999999977,-0.1489361702127659
293,10,17,3.4,3,1,3,0.4999999999999999,4,6,12,-0.0355329949238579,-0.1653225806451612
294,10,11,2.2,2,1,7,0.1666666666666666,4,7,9,0.057142857142857,-0.1921182266009852
295,10,10,2.0,2,1,5,0.2166666666666666,3,5,9,-0.3829787234042556,-0.1034482758620689
296,10,10,2.0,2,1,7,0.1666666666666666,4,6,9,-0.3725490196078475,-0.1904761904761905
297,10,10,2.0,2,1,7,0.0,5,8,9,-0.0526315789473716,-0.0650887573964497
298,10,11,2.2,2,1,5,0.2333333333333333,3,6,10,-0.2941176470588229,-0.083743842364532
299,10,9,1.8,1,1,7,0.0,4,5,8,-0.4651162790697679,-0.0746268656716417
300,10,11,2.2,2,1,6,0.3333333333333333,4,7,9,-0.3968253968253999,-0.198019801980198
301,10,15,3.0,3,1,5,0.6166666666666667,3,6,11,-0.1111111111111132,-0.1081794195250659
302,10,10,2.0,2,1,7,0.1666666666666666,4,7,8,-0.1764705882352955,-0.2048192771084337
303,10,15,3.0,3,1,4,0.37,4,6,12,-0.1314655172413802,-0.1538461538461538
304,10,9,1.8,1,1,7,0.0,3,5,9,-0.4318181818181821,-0.296
305,10,10,2.0,2,1,6,0.0,3,5,10,-0.3829787234042555,-0.1976047904191617
306,10,10,2.0,2,1,5,0.0,5,7,8,-0.2765957446808521,-0.2
307,10,11,2.2,2,1,7,0.3333333333333333,4,6,9,-0.269230769230769,-0.1523809523809524
308,10,12,2.4,2,1,4,0.2833333333333333,4,6,9,-0.3333333333333336,-0.1186440677966101
309,10,11,2.2,2,1,7,0.3333333333333333,3,6,9,-0.269230769230769,-0.174757281553398
310,10,11,2.2,2,1,4,0.0,3,5,11,-0.608695652173913,-0.1458333333333334
311,10,9,1.8,1,1,9,0.0,5,6,8,-0.1249999999999977,-0.2180451127819548
312,10,10,2.0,2,1,8,0.1666666666666666,5,7,9,0.1666666666666653,-0.2578616352201258
313,10,9,1.8,1,1,7,0.0,3,5,9,-0.6744186046511633,-0.0510948905109489
314,10,10,2.0,2,1,6,0.0,4,6,10,-0.3725490196078475,-3.4694469519536136e-17
315,10,11,2.2,2,1,7,0.2666666666666667,3,6,10,-0.0362318840579708,-0.2099999999999999
316,10,9,1.8,1,1,5,0.0,3,6,9,-0.5254237288135581,-0.1571428571428571
317,10,12,2.4,2,1,5,0.1433333333333333,5,7,11,-0.1320754716981141,-0.1234042553191489
318,10,9,1.8,1,1,9,0.0,4,6,8,-0.1249999999999977,-0.0666666666666666
319,10,9,1.8,1,1,7,0.0,4,6,9,-0.4318181818181821,-0.1999999999999999
320,10,11,2.2,2,1,8,0.1999999999999999,5,7,10,0.5769230769230805,0.0687830687830688
321,10,9,1.8,1,1,6,0.0,3,5,8,-0.5454545454545465,-0.1654676258992806
322,10,13,2.6,3,1,5,0.2666666666666666,4,8,11,-0.0833333333333343,-0.1063829787234042
323,10,10,2.0,2,1,7,0.0,4,7,9,0.1666666666666653,-0.0778443113772454
324,10,9,1.8,1,1,9,0.0,5,7,8,-0.1249999999999977,-0.1489361702127659
325,10,9,1.8,1,1,6,0.0,4,5,9,-0.5299999999999999,-0.125
326,10,12,2.4,2,1,5,0.31,4,6,10,-0.2837209302325594,-0.068825910931174
327,10,9,1.8,1,1,8,0.0,4,7,9,-0.3333333333333347,0.0307692307692307
328,10,10,2.0,2,1,7,0.15,4,6,9,-0.2765957446808521,-0.1764705882352941
329,10,12,2.4,2,1,6,0.35,4,7,10,-0.1142857142857141,-0.2743362831858407
330,10,13,2.6,3,1,5,0.2466666666666666,3,4,11,-0.1263537906137185,-0.2046332046332046
331,10,13,2.6,2,1,5,0.4133333333333333,4,7,10,0.0370370370370371,-0.1901408450704225
332,10,10,2.0,2,1,6,0.0,4,7,9,0.1666666666666653,0.0361445783132529
333,10,10,2.0,2,1,6,0.0,3,6,10,-0.1764705882352955,-0.0909090909090909
334,10,11,2.2,2,1,5,0.1333333333333333,3,6,10,-0.1956521739130433,-0.1804878048780487
335,10,9,1.8,1,1,8,0.0,5,9,8,-0.3333333333333347,-0.0510948905109489
336,10,10,2.0,2,1,7,0.0,5,7,8,-0.1111111111111122,-0.1363636363636363
337,10,9,1.8,1,1,9,0.0,5,7,9,-0.1249999999999977,-0.2366412213740458
338,10,9,1.8,1,1,8,0.0,5,6,8,-0.3333333333333347,-0.1824817518248175
339,10,10,2.0,2,1,8,0.1666666666666666,4,8,9,0.1666666666666653,0.024390243902439
340,10,25,5.0,4,1,3,0.638095238095238,4,7,17,-0.2628624883068308,-0.1494252873563218
341,10,11,2.2,2,1,5,0.0,4,7,10,-0.1282051282051273,-0.0259067357512953
342,10,10,2.0,2,1,6,0.1666666666666666,3,6,9,-0.7142857142857152,-0.1042944785276074
343,10,11,2.2,2,1,6,0.2166666666666666,3,6,9,-0.1379310344827583,-0.1398963730569948
344,10,9,1.8,1,1,9,0.0,4,6,8,-0.1249999999999977,-0.1824817518248175
345,10,10,2.0,2,1,4,0.0,4,5,9,-0.0638297872340432,-0.2195121951219512
346,10,11,2.2,2,1,7,0.4,4,7,9,-0.1282051282051253,-0.1690821256038647
347,10,10,2.0,2,1,7,0.0,5,7,10,0.1666666666666653,-0.2048192771084337
348,10,11,2.2,2,1,5,0.21,3,5,10,-0.347826086956522,-0.0945273631840795
349,10,11,2.2,2,1,7,0.2666666666666666,4,7,10,-0.0576923076923089,-0.0206185567010308
350,10,9,1.8,1,1,9,0.0,4,6,9,-0.1249999999999977,0.1074380165289255
351,10,9,1.8,1,1,9,0.0,4,7,8,-0.1249999999999977,-0.152
352,10,9,1.8,1,1,9,0.0,4,7,9,-0.1249999999999977,0.0381679389312977
353,10,10,2.0,2,1,5,0.0,3,5,8,-0.5686274509803901,-0.139240506329114
354,10,10,2.0,2,1,8,0.0,4,6,9,-0.0526315789473716,-0.1042944785276074
355,10,11,2.2,2,1,6,0.1666666666666666,4,7,10,-0.0576923076923089,0.0246305418719211
356,10,9,1.8,1,1,8,0.0,4,7,8,-0.3333333333333347,-0.125
357,10,9,1.8,1,1,7,0.0,3,6,8,-0.2272727272727273,-0.1739130434782608
358,10,9,1.8,1,1,8,0.0,4,5,7,-0.6666666666666665,-0.208955223880597
359,10,10,2.0,2,1,7,0.15,4,7,9,-0.2765957446808521,-0.139240506329114
360,10,10,2.0,2,1,5,0.2066666666666666,4,4,8,-0.5499999999999999,-0.1904761904761905
361,10,9,1.8,1,1,8,0.0,4,7,9,-0.3333333333333347,-0.1328671328671328
362,10,10,2.0,2,1,5,0.0,5,7,8,0.1666666666666653,-0.1764705882352941
363,10,13,2.6,3,1,6,0.2166666666666666,4,6,10,0.3953488372093012,-0.1729323308270676
364,10,12,2.4,3,1,6,0.2799999999999999,4,7,10,-0.0039840637450192,-0.2413793103448275
365,10,9,1.8,1,1,8,0.0,4,5,7,-0.6666666666666665,-0.0212765957446808
366,10,9,1.8,1,1,8,0.0,4,7,8,-0.3333333333333347,-0.1428571428571428
367,10,10,2.0,2,1,5,0.0,4,7,8,-0.6666666666666623,-0.1494252873563218
368,10,10,2.0,2,1,4,0.15,2,4,9,-0.6800000000000004,-0.1042944785276074
369,10,11,2.2,2,1,6,0.0,4,6,11,-0.0312499999999997,-0.1690821256038647
370,10,10,2.0,2,1,6,0.0,4,7,10,0.0196078431372542,-0.1764705882352941
371,10,10,2.0,2,1,5,0.0,4,6,9,-0.5789473684210537,-0.0404624277456647
372,10,12,2.4,2,1,6,0.4666666666666667,4,7,10,-0.0434782608695684,-0.1851851851851851
373,10,11,2.2,2,1,6,0.1666666666666666,4,6,10,0.2666666666666663,-0.1415094339622641
374,10,24,4.8,6,1,4,0.5538095238095238,5,8,18,0.3076923076923101,-0.1
375,10,12,2.4,3,1,7,0.3,4,7,10,0.2285714285714282,-0.1707317073170731
376,10,10,2.0,2,1,7,0.2166666666666667,4,6,8,-0.3580246913580259,-0.1920529801324504
377,10,10,2.0,2,1,7,0.0,5,7,9,0.1666666666666653,-0.0909090909090909
378,10,10,2.0,2,1,7,0.1666666666666666,3,5,9,-0.5686274509803901,-0.1494252873563218
379,10,12,2.4,2,1,6,0.0,4,8,12,-0.5319148936170299,-0.1294117647058824
380,10,15,3.0,3,1,5,0.3399999999999999,5,8,12,0.1642228739002948,0.0082644628099174
381,10,11,2.2,2,1,5,0.3766666666666666,4,5,9,-0.3749999999999993,-0.1578947368421052
382,10,11,2.2,2,1,8,0.2666666666666666,5,7,10,0.4358974358974363,-0.1862745098039216
383,10,10,2.0,2,1,6,0.0,4,6,9,-0.0526315789473716,-0.1612903225806452
384,10,14,2.8,2,1,3,0.5845238095238096,3,4,11,-0.5155763239875386,-0.2098765432098766
385,10,14,2.8,3,1,4,0.3299999999999999,4,6,11,-0.0594594594594607,-0.1632047477744806
386,10,13,2.6,3,1,6,0.3833333333333333,4,8,11,0.3035714285714277,-0.238095238095238
387,10,11,2.2,2,1,7,0.0,4,6,11,0.1538461538461559,-0.0576923076923076
388,10,11,2.2,2,1,5,0.4433333333333333,4,7,8,-0.6161137440758289,-0.198019801980198
389,10,9,1.8,1,1,8,0.0,3,5,7,-0.3333333333333347,-0.125
390,10,9,1.8,1,1,9,0.0,5,7,9,-0.1249999999999977,-0.1489361702127659
391,10,10,2.0,2,1,7,0.1,4,7,9,0.215686274509803,-0.1042944785276074
392,10,9,1.8,1,1,7,0.0,3,6,8,-0.6744186046511633,-0.1571428571428571
393,10,12,2.4,2,1,5,0.2933333333333333,4,7,11,-0.2649572649572647,-0.2972972972972972
394,10,14,2.8,3,1,4,0.2533333333333333,4,8,12,-0.2078431372549036,-0.1666666666666666
395,10,9,1.8,1,1,9,0.0,5,8,8,-0.1249999999999977,-0.2
396,10,9,1.8,1,1,9,0.0,5,7,8,-0.1249999999999977,-0.0069930069930069
397,10,10,2.0,2,1,8,0.0,5,7,9,-0.0526315789473716,-0.0285714285714286
398,10,11,2.2,2,1,6,0.3166666666666666,4,6,9,-0.4666666666666675,-0.1702127659574468
399,10,9,1.8,1,1,7,0.0,4,6,9,-0.4318181818181819,-0.265625
400,10,14,2.8,3,1,5,0.2733333333333333,4,7,12,0.0699300699300682,-0.0996978851963746
401,10,12,2.4,2,1,6,0.0,4,6,12,-0.0285714285714285,-0.0731707317073171
402,10,10,2.0,2,1,5,0.0,5,8,9,-0.5789473684210537,-0.0778443113772455
403,10,9,1.8,1,1,7,0.0,3,6,8,-0.2272727272727273,-0.1999999999999999
404,10,13,2.6,3,1,4,0.15,4,8,11,-0.3154761904761914,-0.0317460317460318
405,10,9,1.8,1,1,9,0.0,5,8,7,-0.1249999999999977,-0.408695652173913
406,10,11,2.2,2,1,7,0.4666666666666666,5,7,8,-0.3749999999999978,-0.2039800995024877
407,10,10,2.0,2,1,8,0.1666666666666666,4,7,8,-0.1111111111111122,-0.0256410256410255
408,10,11,2.2,2,1,6,0.15,3,6,9,-0.03125,-0.2804232804232806
409,10,10,2.0,2,1,8,0.2333333333333333,4,8,9,-0.0526315789473716,-0.0191082802547771
410,10,11,2.2,2,1,6,0.1999999999999999,4,5,10,-0.0620689655172411,-0.1862745098039215
411,10,10,2.0,2,1,8,0.1666666666666666,4,6,9,0.1666666666666653,-0.1764705882352941
412,10,9,1.8,1,1,8,0.0,4,6,8,-0.3333333333333347,-0.1408450704225352
413,10,10,2.0,2,1,8,0.1666666666666666,4,7,9,0.1666666666666653,-0.0526315789473683
414,10,14,2.8,3,1,4,0.39,4,7,11,-0.2253258845437623,-0.1951219512195122
415,10,10,2.0,2,1,8,0.2333333333333333,3,6,7,-0.0526315789473716,-0.1173184357541899
416,10,11,2.2,2,1,6,0.0833333333333333,5,7,9,-0.0312499999999992,-0.1702127659574467
417,10,11,2.2,2,1,5,0.1333333333333333,3,6,10,-0.2896551724137931,-0.198019801980198
418,10,9,1.8,1,1,8,0.0,4,7,8,-0.6666666666666665,-0.1739130434782608
419,10,14,2.8,2,1,6,0.4466666666666666,3,5,11,-0.0324483775811197,-0.217391304347826
420,10,9,1.8,1,1,8,0.0,4,7,8,-0.6666666666666665,-0.1824817518248175
421,10,10,2.0,2,1,8,0.1666666666666666,4,6,8,-0.1111111111111122,-0.2048192771084337
422,10,11,2.2,2,1,7,0.15,4,6,10,-0.1458333333333337,-0.1055276381909547
423,10,9,1.8,1,1,9,0.0,4,7,9,-0.1249999999999977,-0.2180451127819549
424,10,9,1.8,1,1,8,0.0,4,5,8,-0.3333333333333347,-0.2233009708737863
425,10,13,2.6,3,1,4,0.1333333333333333,4,7,12,-0.1085271317829453,-0.1386861313868613
426,10,10,2.0,2,1,7,0.2333333333333333,4,7,8,-0.6666666666666623,0.0303030303030303
427,10,12,2.4,3,1,4,0.06,4,6,10,-0.2430278884462159,-0.1234042553191489
428,10,11,2.2,2,1,5,0.0,3,6,10,-0.0576923076923089,-0.1224489795918367
429,10,11,2.2,2,1,5,0.0,3,6,11,-0.2604166666666669,-0.174757281553398
430,10,10,2.0,2,1,8,0.2333333333333333,4,7,8,-0.0526315789473716,-0.0285714285714286
431,10,11,2.2,2,1,6,0.0,4,7,11,0.3015873015873028,-0.1308411214953271
432,10,11,2.2,2,1,7,0.1,4,7,10,0.4358974358974363,0.1901840490797546
433,10,10,2.0,2,1,8,0.1666666666666666,5,8,8,-0.1111111111111122,-0.1695906432748538
434,10,9,1.8,1,1,9,0.0,4,7,9,-0.1249999999999977,-0.1654676258992805
435,10,10,2.0,2,1,6,0.0,3,5,8,-0.5957446808510639,-0.2658227848101266
436,10,10,2.0,2,1,8,0.1666666666666666,4,6,8,-0.1111111111111122,-0.2048192771084337
437,10,14,2.8,3,1,4,0.1166666666666666,4,8,13,-0.1666666666666681,-0.05
438,10,13,2.6,3,1,4,0.35,4,7,11,-0.4444444444444447,-0.0437956204379561
439,10,10,2.0,2,1,7,0.1666666666666666,4,6,9,-0.1764705882352955,-0.1764705882352941
440,10,11,2.2,2,1,6,0.15,4,6,10,-0.03125,-0.1523809523809524
441,10,9,1.8,1,1,9,0.0,4,7,7,-0.1249999999999977,-0.1489361702127659
442,10,9,1.8,1,1,8,0.0,4,6,9,-0.3333333333333347,-0.1571428571428571
443,10,13,2.6,3,1,6,0.3666666666666666,4,7,11,0.395348837209302,-0.1535836177474402
444,10,9,1.8,1,1,7,0.0,3,5,8,-0.4651162790697679,-0.0510948905109489
445,10,10,2.0,2,1,7,0.2166666666666667,3,6,8,-0.3580246913580259,-0.1976047904191617
446,10,10,2.0,2,1,6,0.1666666666666666,4,7,9,-0.2500000000000003,0.1608391608391608
447,10,13,2.6,3,1,6,0.2166666666666666,4,7,11,0.3999999999999992,-0.2426470588235294
448,10,15,3.0,3,2,3,0.0766666666666666,4,7,14,-0.0765550239234443,-0.1634349030470914
449,10,9,1.8,1,1,9,0.0,4,7,7,-0.1249999999999977,-0.2755905511811024
450,10,11,2.2,2,1,6,0.0,4,7,10,0.1538461538461552,-0.0476190476190477
451,10,11,2.2,2,1,7,0.0,5,8,11,0.3653846153846186,0.0294117647058823
452,10,10,2.0,2,1,7,0.1666666666666666,4,6,9,0.0196078431372542,-0.2195121951219512
453,10,10,2.0,2,1,5,0.0,4,6,10,-0.2380952380952386,-0.1428571428571428
454,10,11,2.2,2,1,6,0.1999999999999999,3,6,9,0.013793103448276,-0.1224489795918367
455,10,9,1.8,1,1,9,0.0,4,7,7,-0.1249999999999977,-0.2558139534883721
456,10,11,2.2,2,1,6,0.2499999999999999,4,7,10,0.1979166666666666,-0.2474226804123711
457,10,12,2.4,3,1,6,0.3,4,6,10,0.2447552447552443,-0.1478260869565217
458,10,17,3.4,4,1,4,0.2199999999999999,4,7,14,-0.3783783783783821,-0.219409282700422
459,10,10,2.0,2,1,8,0.0,4,6,9,-0.0526315789473716,-0.1320754716981133
460,10,9,1.8,1,1,9,0.0,4,6,9,-0.1249999999999977,-0.1489361702127659
461,10,12,2.4,2,1,6,0.2333333333333333,5,7,11,0.2173913043478265,-0.2151898734177214
462,10,11,2.2,2,1,6,0.0,3,6,11,-0.4597156398104268,-0.1
463,10,13,2.6,3,1,4,0.4333333333333333,5,8,11,0.2528735632183889,-0.0758620689655172
464,10,9,1.8,1,1,8,0.0,5,7,7,-0.3333333333333347,-0.1571428571428571
465,10,11,2.2,2,1,5,0.15,4,7,10,-0.047619047619048,-0.1361502347417841
466,10,9,1.8,1,1,8,0.0,4,6,8,-0.3333333333333347,-0.1408450704225352
467,10,9,1.8,1,1,8,0.0,4,7,9,-0.6666666666666665,-0.0510948905109489
468,10,10,2.0,2,1,7,0.1666666666666666,4,6,9,-0.3725490196078475,-0.1764705882352941
469,10,16,3.2,3,1,5,0.7,4,7,12,-0.1069182389937107,-0.1538461538461538
470,10,11,2.2,2,1,6,0.0,5,7,10,-0.0352941176470584,-0.2039800995024875
471,10,9,1.8,1,1,9,0.0,5,6,8,-0.1249999999999977,-0.1489361702127659
472,10,12,2.4,2,1,6,0.0833333333333333,4,7,10,0.2173913043478265,-0.309090909090909
473,10,14,2.8,3,1,4,0.0666666666666666,4,7,12,-0.4000000000000002,-0.1461988304093567
474,10,9,1.8,1,1,9,0.0,4,6,8,-0.1249999999999977,-0.1654676258992805
475,10,10,2.0,2,1,6,0.0,4,6,9,-0.1702127659574474,-0.1904761904761905
476,10,12,2.4,2,1,4,0.1666666666666666,4,6,10,-0.4347826086956547,-0.1478260869565217
477,10,15,3.0,3,1,5,0.21,4,7,14,-0.2179487179487185,-0.2362637362637362
478,10,14,2.8,3,1,6,0.45,4,6,12,0.0162162162162147,-0.1666666666666666
479,10,12,2.4,2,1,6,0.2833333333333333,4,7,10,0.1428571428571426,-7.401486830834377e-17
480,10,12,2.4,2,1,4,0.1666666666666666,5,9,10,-0.1739130434782643,-0.125
481,10,12,2.4,3,1,7,0.1666666666666666,4,5,11,0.347826086956521,-0.056
482,10,9,1.8,1,1,9,0.0,4,7,8,-0.1249999999999977,-0.1824817518248175
483,10,11,2.2,2,1,5,0.15,4,7,9,-0.03125,-0.0576923076923076
484,10,10,2.0,2,1,6,0.0,3,6,10,-0.80952380952381,-0.0256410256410257
485,10,10,2.0,2,1,8,0.0,4,7,9,-0.3888888888888899,-0.1538461538461539
486,10,11,2.2,2,1,6,0.0,4,7,10,-0.0576923076923089,-0.1224489795918367
487,10,10,2.0,2,1,7,0.0,4,7,9,-0.0526315789473716,-0.1560693641618497
488,10,10,2.0,2,1,7,0.15,3,6,9,-0.1702127659574474,-0.1538461538461539
489,10,10,2.0,2,1,7,0.1666666666666666,4,7,8,-0.5686274509803901,-0.1627906976744186
490,10,19,3.8,3,2,3,0.6554761904761905,4,8,15,-0.4524549409571168,-0.2258064516129032
491,10,11,2.2,2,1,7,0.0,4,7,11,0.1538461538461552,-0.1523809523809524
492,10,9,1.8,1,1,8,0.0,4,7,9,-0.6666666666666665,-0.1571428571428571
493,10,12,2.4,2,1,5,0.15,4,7,10,-0.0434782608695654,-0.1092436974789916
494,10,9,1.8,1,1,8,0.0,3,6,9,-0.6666666666666665,-0.2272727272727272
495,10,10,2.0,2,1,5,0.0,4,7,10,-0.6666666666666623,-0.1695906432748538
496,10,9,1.8,1,1,9,0.0,4,7,8,-0.1249999999999977,-0.1489361702127659
497,10,9,1.8,1,1,7,0.0,3,6,9,-0.4318181818181819,-0.1824817518248175
498,10,10,2.0,2,1,7,0.1666666666666666,4,6,8,-0.5686274509803901,-0.1920529801324504
499,10,10,2.0,2,1,7,0.2333333333333333,4,7,8,-0.6666666666666623,-0.2121212121212121
500,10,11,2.2,2,1,7,0.2333333333333333,4,7,9,0.1979166666666666,-0.2160804020100502
501,10,11,2.2,2,1,4,0.0666666666666666,4,7,10,-0.2466666666666667,-0.2284263959390863
502,10,11,2.2,2,1,8,0.2666666666666666,5,8,9,0.4358974358974363,-0.0945273631840796
503,10,11,2.2,2,1,7,0.4,4,7,9,0.1538461538461552,-0.1224489795918367
504,10,12,2.4,3,1,6,0.0,4,8,11,0.2340425531914889,-0.205020920502092
505,10,10,2.0,2,1,7,0.0,4,6,9,-0.1111111111111135,-0.0227272727272727
506,10,9,1.8,1,1,6,0.0,4,5,9,-0.0227272727272727,-0.1824817518248175
507,10,14,2.8,2,1,4,0.4599999999999999,5,6,10,-0.1666666666666663,-0.1807228915662651
508,10,10,2.0,2,1,7,0.0,3,6,10,-0.1111111111111122,-0.1464968152866242
509,10,9,1.8,1,1,9,0.0,4,7,8,-0.1249999999999977,-0.2180451127819548
510,10,11,2.2,2,1,4,0.0,4,6,11,-0.1523809523809517,-0.136150234741784
511,10,10,2.0,2,1,7,0.0,4,6,9,0.1666666666666653,-0.0650887573964497
512,10,15,3.0,4,1,6,0.42,4,8,11,0.4786096256684494,-0.2068965517241379
513,10,9,1.8,1,1,8,0.0,4,6,8,-0.3333333333333347,-0.1911764705882352
514,10,11,2.2,2,1,4,0.3399999999999999,3,4,9,-0.5429864253393659,-0.1862745098039215
515,10,13,2.6,3,1,6,0.3,4,6,11,0.3953488372093012,-0.0671641791044776
516,10,22,4.4,4,1,4,0.4371428571428571,4,6,17,-0.0275449101796437,-0.1309669522643818
517,10,10,2.0,2,1,7,0.1666666666666666,3,6,8,-0.1764705882352955,-0.1688311688311689
518,10,9,1.8,1,1,8,0.0,3,5,8,-0.3333333333333347,-0.099236641221374
519,10,9,1.8,1,1,9,0.0,4,7,8,-0.1249999999999977,-0.1654676258992805
520,10,11,2.2,2,1,7,0.3,4,8,10,-0.0352941176470584,-0.0426540284360189
521,10,9,1.8,1,1,9,0.0,4,6,9,-0.1249999999999977,-0.0212765957446808
522,10,9,1.8,1,1,8,0.0,4,6,9,-0.3333333333333347,-0.2
523,10,12,2.4,2,1,6,0.43,4,7,10,-0.1320754716981141,-0.1612903225806451
524,10,12,2.4,2,1,6,0.43,4,7,10,-0.1320754716981141,-0.1900826446280991
525,10,9,1.8,1,1,8,0.0,4,5,9,-0.6666666666666665,0.0381679389312977
526,10,9,1.8,1,1,9,0.0,5,7,8,-0.1249999999999977,-0.0359712230215827
527,10,9,1.8,1,1,9,0.0,5,7,8,-0.1249999999999977,-0.1824817518248175
528,10,9,1.8,1,1,8,0.0,4,6,9,-0.3333333333333347,-0.2461538461538461
529,10,9,1.8,1,1,8,0.0,4,6,8,-0.3333333333333347,-0.2366412213740458
530,10,10,2.0,2,1,7,0.1666666666666666,5,8,9,-0.1764705882352956,-0.2048192771084337
531,10,11,2.2,2,2,4,0.0,5,7,10,-0.3749999999999978,-0.1690821256038647
532,10,10,2.0,2,1,6,0.15,3,5,9,-0.2380952380952386,-0.1627906976744186
533,10,11,2.2,2,1,7,0.15,4,6,10,-0.2604166666666669,-0.1282051282051283
534,10,10,2.0,2,1,5,0.0,4,7,10,-0.3829787234042555,-0.1764705882352941
535,10,12,2.4,2,1,4,0.4466666666666666,3,5,9,-0.4184397163120567,-0.2
536,10,9,1.8,1,1,7,0.0,3,6,8,-0.4651162790697679,-0.1739130434782608
537,10,11,2.2,2,1,7,0.0,5,7,10,0.1538461538461552,-0.1458333333333334
538,10,10,2.0,2,1,7,0.15,4,8,9,-0.2765957446808521,-0.3071895424836602
539,10,12,2.4,2,1,6,0.2833333333333333,4,6,10,0.1428571428571426,-0.1092436974789916
540,10,10,2.0,2,1,5,0.0,4,8,9,-0.1764705882352955,-0.0126582278481013
541,10,10,2.0,2,1,8,0.0,5,8,9,-0.0526315789473716,-0.0285714285714286
542,10,12,2.4,2,1,4,0.2166666666666666,4,7,11,-0.2857142857142852,0.0123456790123456
543,10,12,2.4,2,1,6,0.4,4,7,9,-0.3333333333333304,-0.0909090909090909
544,10,12,2.4,2,1,6,0.3666666666666667,3,6,9,-0.0285714285714284,-0.1566265060240964
545,10,10,2.0,2,1,7,0.1666666666666666,4,6,9,-0.5686274509803901,-0.2195121951219512
546,10,9,1.8,1,1,9,0.0,4,7,9,-0.1249999999999977,-0.1489361702127659
547,10,13,2.6,2,1,5,0.4666666666666666,4,7,10,-0.4,-0.2246376811594203
548,10,11,2.2,2,1,6,0.0833333333333333,5,8,10,-0.0312499999999992,-0.1458333333333333
549,10,12,2.4,2,1,7,0.3166666666666666,4,7,10,0.347826086956521,-0.2
550,10,9,1.8,1,1,9,0.0,4,6,9,-0.1249999999999977,-0.0827067669172932
551,10,11,2.2,2,1,7,0.1666666666666666,4,7,10,0.1538461538461552,-0.0784313725490196
552,10,11,2.2,2,1,6,0.3,4,7,10,-0.3749999999999998,-0.0576923076923076
553,10,10,2.0,2,1,7,0.0,5,6,10,0.1666666666666653,-0.1976047904191617
554,10,11,2.2,2,1,4,0.2866666666666666,4,6,9,-0.3913043478260868,-0.2222222222222222
555,10,9,1.8,1,1,6,0.0,3,6,9,-0.8181818181818197,-0.1739130434782608
556,10,13,2.6,3,1,4,0.1433333333333333,4,7,12,-0.283950617283951,-0.1695501730103806
557,10,10,2.0,2,1,6,0.0,4,7,9,-0.1764705882352955,-0.0666666666666667
558,10,9,1.8,1,1,9,0.0,3,6,8,-0.1249999999999977,-0.1824817518248175
559,10,10,2.0,2,1,7,0.0,4,7,10,0.1666666666666653,-0.1320754716981131
560,10,9,1.8,1,1,8,0.0,4,7,8,-0.6666666666666665,-0.1162790697674418
561,10,9,1.8,1,1,9,0.0,4,8,8,-0.1249999999999977,-0.0510948905109489
562,10,9,1.8,1,1,8,0.0,4,6,8,-0.3333333333333347,0.0735294117647058
563,10,10,2.0,2,1,7,0.1666666666666666,4,5,9,0.0196078431372542,-0.2422360248447205
564,10,11,2.2,2,1,7,0.3,4,7,9,-0.0352941176470584,-0.1690821256038647
565,10,12,2.4,3,1,7,0.0,5,6,11,0.3571428571428558,-0.1379310344827586
566,10,10,2.0,2,1,7,0.0,4,7,9,0.1666666666666653,-0.0126582278481012
567,10,10,2.0,2,1,7,0.0,4,7,10,-0.3888888888888899,-0.1111111111111111
568,10,13,2.6,3,1,6,0.2633333333333333,4,7,11,-0.0040650406504066,-0.0985915492957747
569,10,10,2.0,2,1,5,0.0,4,6,9,-0.2500000000000003,-3.4694469519536136e-17
570,10,10,2.0,2,1,6,0.15,4,6,8,-0.2380952380952386,-0.1111111111111111
571,10,9,1.8,1,1,8,0.0,4,7,9,-0.6666666666666665,-0.152
572,10,10,2.0,2,1,8,0.1666666666666666,3,6,9,-0.1111111111111122,-0.1976047904191617
573,10,11,2.2,2,1,7,0.4,4,6,9,-0.4102564102564149,-0.0576923076923077
574,10,9,1.8,1,1,8,0.0,4,5,8,-0.3333333333333347,0.0078740157480314
575,10,10,2.0,2,1,7,0.2333333333333333,4,5,8,-0.3888888888888899,-0.0526315789473684
576,10,10,2.0,2,1,8,0.0,4,7,9,-0.0526315789473716,-0.1834319526627219
577,10,10,2.0,2,1,7,0.15,3,5,9,-0.3829787234042555,-0.1627906976744186
578,10,9,1.8,1,1,9,0.0,4,6,8,-0.1249999999999977,-0.296
579,10,9,1.8,1,1,8,0.0,4,6,8,-0.3333333333333347,-0.2558139534883721
580,10,11,2.2,2,1,6,0.1333333333333333,4,6,10,-0.1956521739130433,-0.1634615384615384
581,10,10,2.0,2,1,6,0.0,3,6,10,-0.3725490196078475,-0.1042944785276074
582,10,10,2.0,2,1,7,0.15,3,5,8,-0.3829787234042555,-0.0191082802547769
583,10,10,2.0,2,1,8,0.2333333333333333,4,8,9,-0.0526315789473716,-0.0062893081761006
584,10,13,2.6,3,1,5,0.2033333333333333,4,7,11,-0.0699588477366258,-0.1736111111111111
585,10,9,1.8,1,1,8,0.0,3,6,8,-0.3333333333333347,-0.1739130434782608
586,10,12,2.4,2,1,5,0.2333333333333333,4,7,10,-0.457142857142857,-0.1428571428571428
587,10,10,2.0,2,1,6,0.15,5,6,8,-0.0638297872340432,-0.2987012987012987
588,10,9,1.8,1,1,9,0.0,5,7,9,-0.1249999999999977,-0.2
589,10,9,1.8,1,1,9,0.0,4,7,8,-0.1249999999999977,-0.1999999999999999
590,10,10,2.0,2,1,8,0.1666666666666666,4,7,9,0.1666666666666653,-0.0588235294117647
591,10,9,1.8,1,1,9,0.0,4,7,8,-0.1249999999999977,0.2741935483870967
592,10,10,2.0,2,1,8,0.1666666666666666,4,7,9,-0.1111111111111122,-0.1976047904191617
593,10,11,2.2,2,1,5,0.1666666666666666,4,7,9,-0.269230769230769,-0.1224489795918368
594,10,14,2.8,3,1,6,0.2666666666666666,4,8,11,0.5508021390374326,-0.0801186943620178
595,10,9,1.8,1,1,9,0.0,3,6,9,-0.1249999999999977,-0.1654676258992805
596,10,10,2.0,2,1,6,0.0,4,7,9,-0.1111111111111122,-0.2048192771084337
597,10,10,2.0,2,1,6,0.0,4,7,10,-0.0937500000000021,-0.1834319526627219
598,10,9,1.8,1,1,9,0.0,4,8,8,-0.1249999999999977,-0.0510948905109489
599,10,10,2.0,2,1,5,0.0,4,6,10,-0.3725490196078447,-0.1976047904191617
600,10,9,1.8,1,1,8,0.0,3,6,7,-0.6666666666666665,-0.1076923076923077
601,10,9,1.8,1,1,8,0.0,4,6,9,-0.3333333333333347,-0.0746268656716417
602,10,11,2.2,2,1,6,0.3,4,8,10,-0.3749999999999998,-0.2284263959390864
603,10,9,1.8,1,1,8,0.0,4,7,9,-0.6666666666666665,0.0078740157480314
604,10,11,2.2,2,1,7,0.3333333333333333,5,8,9,-0.269230769230769,-0.0526315789473684
605,10,15,3.0,3,1,4,0.2199999999999999,4,7,12,0.0250000000000005,-0.0741687979539641
606,10,9,1.8,1,1,7,0.0,3,5,8,-0.4651162790697679,-0.0909090909090909
607,10,10,2.0,2,1,6,0.0,4,7,9,-0.0526315789473716,-0.2195121951219513
608,10,9,1.8,1,1,6,0.0,4,5,9,-0.5299999999999999,-0.2272727272727272
609,10,10,2.0,2,1,7,0.0,4,6,9,-0.3580246913580259,-0.1464968152866242
610,10,10,2.0,2,1,6,0.0,4,7,10,-0.562500000000003,-0.0975609756097561
611,10,9,1.8,1,1,6,0.0,4,6,9,-0.5454545454545451,-0.1739130434782608
612,10,10,2.0,2,1,7,0.2333333333333333,4,7,8,-0.6666666666666623,-0.0526315789473684
613,10,10,2.0,2,1,7,0.1666666666666666,4,7,9,0.0196078431372542,-0.1464968152866242
614,10,9,1.8,1,1,7,0.0,3,5,8,-0.4651162790697679,-0.1999999999999999
615,10,10,2.0,2,1,7,0.15,4,6,9,-0.2765957446808521,0.01840490797546
616,10,9,1.8,1,1,9,0.0,4,7,9,-0.1249999999999977,-0.099236641221374
617,10,17,3.4,3,2,3,0.4566666666666666,4,8,12,-0.2026768642447426,-0.2142857142857143
618,10,11,2.2,2,1,6,0.1333333333333333,3,5,10,-0.2896551724137931,-0.1123595505617977
619,10,10,2.0,2,1,8,0.0,5,7,10,-0.0526315789473716,0.2546583850931677
620,10,12,2.4,2,1,5,0.3666666666666666,4,7,9,-0.3714285714285728,-0.081081081081081
621,10,9,1.8,1,1,9,0.0,4,5,8,-0.1249999999999977,-0.0359712230215827
622,10,12,2.4,2,1,5,0.15,3,6,10,-0.2587412587412583,-0.1659919028340081
623,10,9,1.8,1,1,9,0.0,4,7,8,-0.1249999999999977,0.0232558139534883
624,10,10,2.0,2,1,5,0.0,4,5,8,-0.3829787234042555,0.2
625,10,14,2.8,3,1,3,0.4933333333333333,4,7,10,-0.4848484848484868,-0.0306748466257668
626,10,12,2.4,3,1,7,0.35,4,7,9,0.4782608695652168,-0.1379310344827587
627,10,10,2.0,2,1,4,0.0,4,5,10,-0.4500000000000003,-0.1612903225806452
628,10,11,2.2,2,1,6,0.22,4,6,9,-0.1712962962962964,-0.1578947368421052
629,10,11,2.2,2,1,6,0.2166666666666666,4,7,9,-0.0352941176470584,-0.083743842364532
630,10,11,2.2,2,1,7,0.0,5,8,11,0.1538461538461559,-0.1415094339622641
631,10,11,2.2,2,1,6,0.1666666666666666,4,5,10,-0.3968253968253999,-0.1469194312796208
632,10,10,2.0,2,1,7,0.0,4,6,10,-0.3829787234042556,-0.139240506329114
633,10,12,2.4,3,1,6,0.0,5,9,12,0.086956521739127,-0.1629955947136564
634,10,10,2.0,2,1,7,0.0,4,7,9,-0.1111111111111122,0.0643274853801169
635,10,9,1.8,1,1,8,0.0,5,7,8,-0.3333333333333347,-0.1571428571428571
636,10,9,1.8,1,1,9,0.0,4,6,8,-0.1249999999999977,-0.2272727272727272
637,10,10,2.0,2,1,5,0.0,4,6,9,-0.1764705882352955,-0.2048192771084337
638,10,10,2.0,2,1,6,0.0833333333333333,4,6,9,-0.047619047619048,-0.0778443113772455
639,10,9,1.8,1,1,9,0.0,5,7,8,-0.1249999999999977,-0.0359712230215827
640,10,13,2.6,3,1,4,0.2733333333333334,4,6,11,-0.3038348082595866,-0.0324909747292418
641,10,12,2.4,2,1,5,0.0,5,8,12,-0.0909090909090901,-0.2222222222222223
642,10,9,1.8,1,1,7,0.0,3,5,9,-0.4318181818181821,-0.1824817518248175
643,10,9,1.8,1,1,8,0.0,4,6,8,-0.3333333333333347,-0.1739130434782608
644,10,10,2.0,2,1,7,0.0,4,6,9,-0.1764705882352955,-0.1538461538461538
645,10,9,1.8,1,1,8,0.0,4,5,8,-0.6666666666666665,-0.0588235294117647
646,10,10,2.0,2,1,7,0.1,4,7,9,0.019607843137254,-0.2048192771084337
647,10,11,2.2,2,1,4,0.0833333333333333,4,7,10,-0.1523809523809514,-0.0050761421319796
648,10,13,2.6,3,1,5,0.0,5,7,13,0.0999999999999995,-0.1655172413793104
649,10,11,2.2,2,1,8,0.1999999999999999,4,7,10,0.365384615384618,-0.1804878048780487
650,10,14,2.8,3,1,4,0.1599999999999999,4,6,13,-0.0720720720720717,-0.2136222910216719
651,10,12,2.4,2,1,5,0.2766666666666667,4,6,10,-0.3809523809523798,-0.1234042553191489
652,10,10,2.0,2,1,7,0.1,4,6,9,0.215686274509803,-0.2121212121212121
653,10,10,2.0,2,1,7,0.1666666666666666,4,6,8,-0.3725490196078475,-0.0588235294117647
654,10,11,2.2,2,1,8,0.2666666666666666,4,7,9,0.4358974358974363,-0.1203703703703703
655,10,9,1.8,1,1,6,0.0,3,6,9,-0.5299999999999999,-0.2272727272727272
656,10,11,2.2,2,1,7,0.2333333333333333,4,7,9,-0.0312499999999992,-0.0588235294117646
657,10,9,1.8,1,1,9,0.0,4,6,8,-0.1249999999999977,-0.0510948905109489
658,10,11,2.2,2,1,6,0.1666666666666666,4,7,9,0.1538461538461559,-0.0891089108910891
659,10,9,1.8,1,1,8,0.0,4,7,9,-0.3333333333333347,-0.2755905511811024
660,10,17,3.4,3,1,4,0.5066666666666667,4,8,13,-0.0303030303030297,-0.098989898989899
661,10,12,2.4,3,1,4,0.0,4,8,11,-0.3043478260869566,-0.0236966824644549
662,10,9,1.8,1,1,8,0.0,3,5,8,-0.3333333333333347,-0.0588235294117646
663,10,11,2.2,2,1,6,0.15,5,7,9,-0.2604166666666669,-0.0891089108910891
664,10,10,2.0,2,1,7,0.0,5,7,9,-0.0526315789473716,-0.2121212121212121
665,10,9,1.8,1,1,8,0.0,4,6,9,-0.3333333333333347,-0.0434782608695652
666,10,11,2.2,2,1,6,0.1666666666666666,4,6,10,-0.4807692307692313,-0.1690821256038647
667,10,9,1.8,1,1,8,0.0,4,6,9,-0.3333333333333347,-0.0666666666666666
668,10,9,1.8,1,1,7,0.0,4,6,8,-0.2272727272727273,-0.1162790697674418
669,10,11,2.2,2,1,6,0.1666666666666666,4,6,10,-0.0576923076923089,-0.0526315789473684
670,10,9,1.8,1,1,8,0.0,4,6,7,-0.6666666666666665,-0.1911764705882352
671,10,11,2.2,2,1,5,0.15,3,6,9,-0.4895833333333356,-0.198019801980198
672,10,11,2.2,2,1,6,0.0833333333333333,4,6,10,-0.0312499999999992,-0.1111111111111111
673,10,14,2.8,3,1,4,0.0,4,6,14,-0.4603174603174598,-0.1629392971246007
674,10,11,2.2,2,1,6,0.15,5,7,10,0.0833333333333333,-0.0679611650485436
675,10,11,2.2,2,1,7,0.4,5,8,9,-0.1282051282051253,-0.174757281553398
676,10,11,2.2,2,1,6,0.2333333333333333,3,6,9,-0.2571428571428588,-0.1186440677966102
677,10,10,2.0,2,1,5,0.0,4,6,10,-0.4218009478672972,-0.1695906432748538
678,10,9,1.8,1,1,8,0.0,4,7,9,-0.6666666666666665,-0.0510948905109489
679,10,12,2.4,2,1,6,0.35,4,7,10,0.0571428571428572,-0.152
680,10,11,2.2,2,1,7,0.2,4,5,10,0.126984126984128,-0.1715976331360946
681,10,12,2.4,2,1,6,0.3633333333333333,4,7,10,-0.0754716981132083,-0.1578947368421053
682,10,9,1.8,1,1,7,0.0,4,6,9,-0.636363636363637,-0.1999999999999999
683,10,9,1.8,1,1,8,0.0,4,6,9,-0.3333333333333347,-0.0588235294117647
684,10,10,2.0,2,1,4,0.0,3,6,9,-0.5499999999999999,-0.0975609756097561
685,10,15,3.0,3,1,4,0.4071428571428571,4,6,13,-0.2895927601809956,-0.1873350923482849
686,10,9,1.8,1,1,8,0.0,4,6,8,-0.3333333333333347,-0.161290322580645
687,10,9,1.8,1,1,9,0.0,4,7,9,-0.1249999999999977,-0.1824817518248175
688,10,11,2.2,2,1,5,0.1833333333333333,3,5,10,-0.1827956989247307,-0.1428571428571429
689,10,9,1.8,1,1,9,0.0,4,7,8,-0.1249999999999977,-0.1824817518248175
690,10,9,1.8,1,1,8,0.0,4,6,8,-0.3333333333333347,-0.1076923076923076
691,10,12,2.4,2,1,5,0.3166666666666666,4,6,9,-0.0434782608695684,-0.1566265060240964
692,10,9,1.8,1,1,9,0.0,5,7,9,-0.1249999999999977,0.0526315789473684
693,10,10,2.0,2,1,8,0.1666666666666666,5,8,9,0.1666666666666653,-0.1764705882352941
694,10,11,2.2,2,1,6,0.0,4,7,10,0.1538461538461552,-0.21
695,10,12,2.4,2,1,4,0.25,3,5,10,-0.3255813953488378,-0.1186440677966101
696,10,10,2.0,2,1,6,0.0,4,6,8,-0.1111111111111122,-0.1920529801324503
697,10,10,2.0,2,1,6,0.0,4,6,10,-0.4285714285714284,-0.0322580645161291
698,10,11,2.2,2,1,5,0.0,4,7,11,0.0571428571428578,-0.0891089108910891
699,10,9,1.8,1,1,7,0.0,3,5,8,-0.6744186046511633,-0.1824817518248175
700,10,10,2.0,2,1,7,0.0,4,6,9,-0.3888888888888899,0.01840490797546
701,10,9,1.8,1,1,7,0.0,4,6,9,-0.2272727272727273,-0.2366412213740457
702,10,14,2.8,2,1,5,0.4633333333333332,4,7,11,-0.1666666666666653,-0.087378640776699
703,10,10,2.0,2,1,7,0.15,4,5,8,-0.1702127659574474,-0.1560693641618497
704,10,9,1.8,1,1,9,0.0,4,6,9,-0.1249999999999977,-0.0666666666666666
705,10,15,3.0,3,1,4,0.2333333333333333,5,8,14,0.0476190476190444,-0.1351351351351351
706,10,9,1.8,1,1,8,0.0,3,6,9,-0.6666666666666665,-0.208955223880597
707,10,9,1.8,1,1,8,0.0,4,7,9,-0.3333333333333347,-0.2366412213740457
708,10,11,2.2,2,1,5,0.0,4,6,10,-0.0576923076923089,-0.136150234741784
709,10,10,2.0,2,1,6,0.2166666666666666,4,7,8,-0.3829787234042563,0.0303030303030302
710,10,9,1.8,1,1,9,0.0,4,6,9,-0.1249999999999977,-0.0510948905109489
711,10,16,3.2,3,1,5,0.38,4,6,14,-0.0789980732177264,-0.1505617977528089
712,10,11,2.2,2,1,7,0.15,5,8,9,-0.0352941176470584,-0.1862745098039215
713,10,12,2.4,2,1,4,0.2,4,7,11,-0.1142857142857141,-0.2
714,10,11,2.2,2,1,5,0.0,4,7,9,-0.0576923076923089,-0.308108108108108
715,10,11,2.2,2,1,6,0.2333333333333333,5,7,9,-0.4102564102564149,-0.198019801980198
716,10,10,2.0,2,1,8,0.1666666666666666,4,6,9,0.1666666666666653,-0.1904761904761905
717,10,9,1.8,1,1,4,0.0,3,4,9,-0.5,-0.2180451127819549
718,10,10,2.0,2,1,7,0.0,4,6,10,-0.3888888888888899,0.0184049079754601
719,10,11,2.2,2,1,7,0.0,5,8,11,0.1538461538461552,-0.1111111111111112
720,10,9,1.8,1,1,6,0.0,4,5,9,-0.5299999999999999,-0.2461538461538461
721,10,10,2.0,2,1,7,0.15,4,6,8,-0.1702127659574474,-0.1999999999999998
722,10,10,2.0,2,1,6,0.1666666666666666,3,6,9,-0.562500000000003,-0.1764705882352941
723,10,10,2.0,2,1,8,0.1666666666666666,5,7,9,0.1666666666666653,-0.1428571428571428
724,10,10,2.0,2,1,7,0.1666666666666666,4,7,9,-0.1764705882352955,-0.1834319526627219
725,10,10,2.0,2,1,7,0.15,4,6,9,-0.1702127659574474,-0.0588235294117647
726,10,11,2.2,2,1,6,0.1,4,7,10,0.1538461538461559,3.392348130799089e-17
727,10,9,1.8,1,1,7,0.0,4,6,9,-0.4318181818181819,-0.1571428571428571
728,10,9,1.8,1,1,7,0.0,5,7,9,0.0,-0.0510948905109489
729,10,9,1.8,1,1,9,0.0,4,7,8,-0.1249999999999977,-0.1707317073170732
730,10,9,1.8,1,1,7,0.0,4,7,9,0.0,-0.2272727272727272
731,10,9,1.8,1,1,8,0.0,3,6,9,-0.3333333333333347,-0.2089552238805971
732,10,10,2.0,2,1,7,0.1666666666666666,3,5,9,-0.5686274509803901,-0.1834319526627219
733,10,11,2.2,2,1,7,0.3333333333333333,4,6,9,0.153846153846155,-0.1578947368421052
734,10,9,1.8,1,1,7,0.0,3,6,9,-0.4651162790697679,-0.1739130434782608
735,10,12,2.4,2,1,4,0.1433333333333333,4,8,11,-0.3953488372093007,-0.1330472103004292
736,10,11,2.2,2,1,6,0.3,3,5,10,-0.2604166666666678,-0.0628019323671497
737,10,9,1.8,1,1,8,0.0,4,5,8,-0.3333333333333347,-0.1408450704225352
738,10,13,2.6,3,1,6,0.3333333333333333,4,7,11,0.252873563218389,-0.0324909747292418
739,10,11,2.2,2,1,6,0.0,4,7,11,-0.1458333333333333,-0.241025641025641
740,10,10,2.0,2,1,8,0.1666666666666666,4,7,9,0.1666666666666653,-0.1042944785276074
741,10,9,1.8,1,1,9,0.0,4,6,9,-0.1249999999999977,-0.2180451127819548
742,10,9,1.8,1,1,9,0.0,4,6,8,-0.1249999999999977,-0.1654676258992805
743,10,10,2.0,2,1,7,0.15,4,6,9,-0.2765957446808521,-0.234567901234568
744,10,12,2.4,2,1,5,0.5866666666666667,3,6,9,-0.4716981132075475,-0.1707317073170732
745,10,9,1.8,1,1,7,0.0,3,5,8,-0.636363636363637,-0.0666666666666666
746,10,10,2.0,2,1,5,0.0,3,6,10,-0.3829787234042555,-0.2195121951219513
747,10,12,2.4,2,1,5,0.2633333333333333,3,5,10,-0.0996015936254988,-0.1139240506329114
748,10,14,2.8,3,1,4,0.0,4,6,14,-0.2727272727272712,-0.1162790697674419
749,10,9,1.8,1,1,8,0.0,4,7,8,-0.3333333333333347,-0.0285714285714285
750,10,10,2.0,2,1,7,0.2166666666666667,4,6,9,-0.1111111111111103,-0.2121212121212121
751,10,11,2.2,2,1,7,0.2666666666666666,5,7,10,-0.0576923076923089,-0.1167512690355329
752,10,10,2.0,2,1,8,0.0,4,6,10,-0.3888888888888899,-0.0588235294117647
753,10,9,1.8,1,1,8,0.0,4,6,9,-0.3333333333333347,0.0307692307692307
754,10,10,2.0,2,1,6,0.1666666666666666,4,7,9,0.0196078431372542,-0.1180124223602484
755,10,9,1.8,1,1,9,0.0,4,7,7,-0.1249999999999977,-0.0827067669172932
756,10,12,2.4,2,1,4,0.1999999999999999,4,6,11,-0.1999999999999997,-0.0731707317073171
757,10,9,1.8,1,1,9,0.0,5,7,8,-0.1249999999999977,0.1290322580645161
758,10,9,1.8,1,1,8,0.0,5,7,8,-0.3333333333333347,-0.099236641221374
759,10,10,2.0,2,1,7,0.0,5,8,8,-0.0526315789473716,-0.1834319526627219
760,10,10,2.0,2,1,8,0.1666666666666666,4,7,9,0.1666666666666653,-0.2269938650306748
761,10,9,1.8,1,1,9,0.0,4,8,8,-0.1249999999999977,-0.1489361702127659
762,10,12,2.4,2,1,6,0.15,5,8,10,-0.2444444444444458,-0.1755102040816326
763,10,11,2.2,2,1,6,0.15,4,6,9,-0.03125,-0.1634615384615384
764,10,9,1.8,1,1,8,0.0,4,7,9,-0.6666666666666665,-0.099236641221374
765,10,10,2.0,2,1,8,0.1666666666666666,4,6,9,0.1666666666666653,-0.1042944785276073
766,10,14,2.8,2,1,5,0.58,4,7,10,-0.1004366812227101,-0.1597633136094674
767,10,10,2.0,2,1,8,0.1666666666666666,4,6,9,0.1666666666666653,-0.2048192771084337
768,10,10,2.0,2,1,6,0.1666666666666666,4,6,9,-0.61904761904762,-0.0062893081761006
769,10,13,2.6,2,1,4,0.41,3,5,11,-0.6425992779783394,-0.1777003484320557
770,10,11,2.2,2,1,4,0.0,4,7,10,-0.3554502369668251,-0.0050761421319796
771,10,19,3.8,5,1,5,0.5333333333333333,5,8,13,0.4637096774193535,-0.172077922077922
772,10,10,2.0,2,1,6,0.0,4,7,9,-0.3725490196078475,-0.0650887573964497
773,10,10,2.0,2,1,7,0.0,4,7,8,-0.3888888888888899,-0.1976047904191617
774,10,10,2.0,2,1,7,0.2333333333333333,4,8,8,-0.3888888888888899,-0.2048192771084337
775,10,15,3.0,3,2,4,0.4599999999999998,4,6,12,-0.3888888888888884,-0.122994652406417
776,10,11,2.2,2,1,6,0.1,4,7,9,0.1538461538461559,-0.1111111111111111
777,10,10,2.0,2,1,8,0.0,5,7,10,-0.1111111111111135,0.0123456790123456
778,10,9,1.8,1,1,9,0.0,5,8,9,-0.1249999999999977,-0.1824817518248175
779,10,10,2.0,2,1,5,0.0,3,5,10,-0.4285714285714284,-0.1111111111111111
780,10,10,2.0,2,1,7,0.2166666666666667,5,8,8,-0.3580246913580259,0.0419161676646706
781,10,10,2.0,2,1,8,0.1666666666666666,4,5,8,-0.1111111111111122,-0.1904761904761905
782,10,13,2.6,3,1,6,0.2799999999999999,4,7,10,0.1016260162601624,-0.1103202846975089
783,10,10,2.0,2,1,7,0.2333333333333333,5,8,9,-0.3888888888888899,-0.0843373493975903
784,10,13,2.6,2,1,5,0.3333333333333333,4,7,11,-0.0459770114942545,-0.1345454545454546
785,10,9,1.8,1,1,6,0.0,3,5,9,-0.6363636363636367,-0.0510948905109489
786,10,9,1.8,1,1,7,0.0,3,6,9,-0.4651162790697679,-0.0510948905109489
787,10,12,2.4,3,1,6,0.1833333333333333,4,7,10,0.1515151515151513,-0.1566265060240964
788,10,9,1.8,1,1,6,0.0,3,5,8,-0.5299999999999999,-0.1162790697674418
789,10,11,2.2,2,1,7,0.3,4,7,9,-0.03125,-0.1634615384615384
790,10,9,1.8,1,1,7,0.0,3,6,9,-0.636363636363637,-0.0909090909090909
791,10,10,2.0,2,1,8,0.1666666666666666,4,7,9,-0.1111111111111122,-0.0344827586206896
792,10,9,1.8,1,1,9,0.0,4,8,8,-0.1249999999999977,0.0454545454545454
793,10,12,2.4,2,1,5,0.3,4,6,11,-0.0434782608695684,-0.3031674208144796
794,10,10,2.0,2,1,7,0.0,4,7,10,0.1666666666666653,-0.0975609756097561
795,10,11,2.2,2,1,4,0.1333333333333333,4,6,10,-0.3933333333333332,-0.1690821256038647
796,10,9,1.8,1,1,9,0.0,4,7,9,-0.1249999999999977,-0.1489361702127659
797,10,11,2.2,2,1,7,0.1,4,7,9,0.4358974358974363,0.0246305418719211
798,10,11,2.2,2,1,6,0.3833333333333334,5,8,9,-0.3750000000000002,-0.1523809523809524
799,10,12,2.4,2,1,4,0.2866666666666667,4,7,11,-0.1886792452830197,-0.1528384279475982
800,10,10,2.0,2,1,6,0.15,4,7,9,-0.5238095238095235,-0.2048192771084337
801,10,15,3.0,3,1,4,0.1399999999999999,4,6,14,-0.4150943396226423,-0.0796915167095115
802,10,9,1.8,1,1,8,0.0,4,6,9,-0.3333333333333347,-0.1911764705882352
803,10,10,2.0,2,1,7,0.0,4,7,10,-0.3888888888888899,0.036144578313253
804,10,9,1.8,1,1,6,0.0,4,6,9,-0.363636363636364,-0.2521739130434782
805,10,12,2.4,2,1,4,0.2166666666666666,4,7,10,-0.3407821229050273,-0.1478260869565217
806,10,11,2.2,2,1,5,0.0,4,7,9,0.1538461538461552,-0.1804878048780487
807,10,10,2.0,2,1,6,0.1666666666666666,3,5,9,-0.8095238095238106,-0.1042944785276074
808,10,9,1.8,1,1,9,0.0,4,6,8,-0.1249999999999977,0.0381679389312977
809,10,11,2.2,2,1,7,0.1,3,6,10,0.1538461538461559,-0.2222222222222222
810,10,10,2.0,2,1,6,0.1666666666666666,3,6,9,-0.562500000000003,-0.0909090909090909
811,10,12,2.4,2,1,6,0.4666666666666667,4,8,9,-0.0434782608695684,-0.2100840336134454
812,10,11,2.2,2,1,6,0.0,5,7,9,-0.2941176470588229,-0.0731707317073171
813,10,10,2.0,2,1,7,0.15,4,7,9,-0.1702127659574474,-0.125
814,10,12,2.4,2,1,5,0.1999999999999999,4,7,10,0.1111111111111103,-0.00418410041841
815,10,16,3.2,3,1,4,0.6133333333333334,3,6,12,-0.0789980732177264,-0.1162790697674418
816,10,9,1.8,1,1,7,0.0,4,7,8,-0.636363636363637,-0.0746268656716417
817,10,10,2.0,2,1,7,0.15,4,7,8,-0.3829787234042555,-0.1538461538461539
818,10,10,2.0,2,1,5,0.0,4,6,9,-0.5686274509803901,-0.2422360248447204
819,10,10,2.0,2,1,7,0.0,4,7,9,-0.1111111111111122,-0.1764705882352941
820,10,11,2.2,2,1,5,0.15,3,6,10,-0.3749999999999998,-0.0588235294117646
821,10,12,2.4,2,1,6,0.4166666666666666,4,6,10,-0.6969696969696969,-0.1383399209486166
822,10,12,2.4,3,1,6,0.1666666666666666,3,6,11,0.030303030303028,-0.0344827586206896
823,10,10,2.0,2,1,7,0.1666666666666666,4,5,8,-0.5686274509803901,-0.0588235294117647
824,10,15,3.0,3,1,4,0.55,4,8,12,-0.0092807424593964,-0.1568123393316195
825,10,10,2.0,2,1,7,0.1666666666666666,3,5,8,-0.1764705882352955,-0.1834319526627219
826,10,20,4.0,4,1,4,0.518095238095238,5,9,16,-0.1600429645542422,-0.1046511627906977
827,10,9,1.8,1,1,8,0.0,3,6,7,-0.6666666666666665,-0.1739130434782608
828,10,10,2.0,2,1,7,0.15,3,6,8,-0.3829787234042555,-0.1180124223602485
829,10,19,3.8,3,1,4,0.4728571428571428,5,8,15,-0.1614135625596942,-0.1816693944353519
830,10,11,2.2,2,1,6,0.2333333333333333,4,6,9,-0.1523809523809512,-0.2284263959390862
831,10,9,1.8,1,1,8,0.0,4,7,9,-0.3333333333333347,-0.099236641221374
832,10,13,2.6,2,1,5,0.4533333333333334,5,7,10,-0.2500000000000001,-0.0526315789473684
833,10,10,2.0,2,1,7,0.0,4,8,10,0.1666666666666653,0.0062111801242235
834,10,9,1.8,1,1,9,0.0,5,7,8,-0.1249999999999977,-0.024390243902439
835,10,12,2.4,2,1,4,0.0766666666666666,4,7,11,-0.0604651162790694,-0.205020920502092
836,10,10,2.0,2,1,8,0.1666666666666666,4,7,9,0.1666666666666653,-0.1976047904191617
837,10,10,2.0,2,1,7,0.15,4,5,8,-0.1702127659574474,-0.1320754716981133
838,10,9,1.8,1,1,9,0.0,5,7,9,-0.1249999999999977,-0.1172413793103448
839,10,10,2.0,2,1,8,0.1666666666666666,4,7,9,-0.1111111111111122,-0.1627906976744186
840,10,17,3.4,4,1,3,0.2066666666666667,4,7,15,-0.330960854092527,-0.0993071593533488
841,10,13,2.6,2,1,4,0.1966666666666666,4,6,10,-0.2816901408450705,-0.1901408450704226
842,10,10,2.0,2,1,7,0.1666666666666666,4,6,8,-0.3725490196078475,-0.1560693641618497
843,10,11,2.2,2,1,6,0.15,4,7,9,0.0833333333333333,-0.1518324607329843
844,10,16,3.2,3,2,4,0.4033333333333333,4,6,13,0.2056737588652482,-0.1059907834101382
845,10,9,1.8,1,1,9,0.0,4,7,8,-0.1249999999999977,-0.1824817518248175
846,10,10,2.0,2,1,6,0.1666666666666666,3,5,9,-0.562500000000003,0.0419161676646706
847,10,9,1.8,1,1,8,0.0,4,7,9,-0.3333333333333347,0.1692307692307692
848,10,10,2.0,2,1,6,0.15,4,7,9,-0.4285714285714291,0.0123456790123457
849,10,15,3.0,3,1,3,0.0,4,7,15,-0.5463917525773206,-0.0796915167095115
850,10,13,2.6,2,1,4,0.3833333333333333,4,6,11,-0.3074712643678158,-0.0985915492957747
851,10,13,2.6,2,1,5,0.25,4,8,10,0.3696969696969693,-0.2170212765957446
852,10,10,2.0,2,1,8,0.1666666666666666,4,7,9,0.1666666666666653,-0.0465116279069767
853,10,9,1.8,1,1,7,0.0,3,5,9,-0.2272727272727273,-0.099236641221374
854,10,12,2.4,2,1,5,0.1666666666666666,4,7,11,-0.0434782608695684,-0.0954356846473028
855,10,10,2.0,2,1,6,0.1433333333333333,4,6,9,-0.374407582938389,-0.1695906432748538
856,10,9,1.8,1,1,9,0.0,4,7,8,-0.1249999999999977,-0.2656249999999999
857,10,10,2.0,2,1,7,0.1666666666666666,4,6,9,-0.3725490196078475,-0.2269938650306749
858,10,10,2.0,2,1,4,0.0,4,7,9,-0.1428571428571438,-0.0389610389610389
859,10,10,2.0,2,1,6,0.0,4,7,9,-0.0526315789473716,-0.1834319526627219
860,10,10,2.0,2,1,5,0.0,3,5,9,-0.6666666666666674,-0.1976047904191617
861,10,11,2.2,2,1,7,0.1666666666666666,5,7,10,0.1538461538461552,-0.2222222222222222
862,10,11,2.2,2,1,6,0.0,4,8,10,0.1538461538461552,-0.1415094339622641
863,10,9,1.8,1,1,8,0.0,4,5,9,-0.3333333333333347,-0.1571428571428571
864,10,9,1.8,1,1,6,0.0,3,5,9,-0.2272727272727273,-0.1076923076923076
865,10,9,1.8,1,1,7,0.0,4,6,9,-0.4651162790697679,-0.1739130434782608
866,10,12,2.4,2,1,6,0.1666666666666666,4,6,11,-0.27659574468085,-0.2631578947368421
867,10,10,2.0,2,1,6,0.0,4,8,9,-0.0526315789473716,-0.2269938650306749
868,10,11,2.2,2,1,5,0.0,4,6,10,-0.1282051282051273,-0.073170731707317
869,10,9,1.8,1,1,8,0.0,3,5,8,-0.6666666666666665,0.0381679389312977
870,10,9,1.8,1,1,7,0.0,4,5,9,0.0,-0.1900826446280991
871,10,10,2.0,2,1,8,0.0,4,7,10,-0.0526315789473716,0.1715976331360946
872,10,9,1.8,1,1,7,0.0,4,6,9,-0.4318181818181821,-0.0359712230215827
873,10,11,2.2,2,1,6,0.1333333333333333,3,6,10,-0.1956521739130433,-0.0628019323671497
874,10,10,2.0,2,1,8,0.1666666666666666,4,7,8,0.1666666666666653,-0.097560975609756
875,10,12,2.4,2,1,5,0.2333333333333333,3,5,10,-0.2121212121212125,-0.180327868852459
876,10,9,1.8,1,1,8,0.0,4,7,8,-0.3333333333333347,-0.208955223880597
877,10,9,1.8,1,1,9,0.0,4,6,8,-0.1249999999999977,-0.1707317073170731
878,10,9,1.8,1,1,8,0.0,5,8,9,-0.3333333333333347,-0.1571428571428571
879,10,9,1.8,1,1,8,0.0,4,6,8,-0.3333333333333347,-0.0140845070422535
880,10,9,1.8,1,1,8,0.0,4,6,8,-0.6666666666666665,-0.1428571428571428
881,10,10,2.0,2,1,7,0.1,5,6,9,0.215686274509803,-0.0404624277456647
882,10,9,1.8,1,1,9,0.0,5,6,9,-0.1249999999999977,-0.1489361702127659
883,10,11,2.2,2,1,7,0.4,3,6,9,0.1538461538461552,-0.0679611650485436
884,10,15,3.0,3,1,4,0.4599999999999999,3,5,10,-0.1538461538461545,-0.0855263157894736
885,10,9,1.8,1,1,9,0.0,5,6,8,-0.1249999999999977,-0.0827067669172932
886,10,12,2.4,2,1,6,0.4,5,8,9,-0.0909090909090929,-0.2
887,10,9,1.8,1,1,8,0.0,4,6,8,-0.3333333333333347,-0.1739130434782608
888,10,9,1.8,1,1,8,0.0,4,7,9,-0.6666666666666665,0.0232558139534883
889,10,11,2.2,2,1,7,0.1666666666666666,4,6,10,0.1538461538461552,-0.1167512690355329
890,10,9,1.8,1,1,9,0.0,5,8,8,-0.1249999999999977,0.0232558139534883
891,10,9,1.8,1,1,8,0.0,4,6,8,-0.3333333333333347,-0.208955223880597
892,10,10,2.0,2,1,7,0.0,5,8,9,0.1666666666666653,-0.0126582278481012
893,10,9,1.8,1,1,9,0.0,4,6,8,-0.1249999999999977,-0.008
894,10,10,2.0,2,1,4,0.0,3,4,9,-0.4218009478672972,-0.2048192771084337
895,10,12,2.4,3,1,5,0.32,4,6,10,-0.2198581560283691,-0.2307692307692307
896,10,10,2.0,2,1,7,0.0,4,6,9,-0.0526315789473716,0.0062111801242236
897,10,10,2.0,2,1,8,0.2333333333333333,4,7,9,-0.0526315789473716,-0.2422360248447205
898,10,9,1.8,1,1,6,0.0,3,5,9,-0.7272727272727275,0.0608695652173912
899,10,12,2.4,2,1,4,0.0,4,6,11,-0.3953488372093007,-0.081081081081081
900,10,13,2.6,2,1,4,0.2966666666666666,3,5,11,-0.1875000000000001,-0.0758620689655172
901,10,13,2.6,2,1,6,0.4233333333333333,4,6,11,-0.0602836879432625,-0.1457627118644067
902,10,11,2.2,2,1,7,0.0,5,8,10,0.1538461538461559,-0.1690821256038647
903,10,10,2.0,2,1,7,0.1666666666666666,4,6,9,0.0196078431372542,-0.0843373493975904
904,10,15,3.0,3,1,5,0.3666666666666666,4,7,13,0.1428571428571428,-0.0714285714285714
905,10,9,1.8,1,1,8,0.0,5,8,9,-0.3333333333333347,-0.1739130434782608
906,10,12,2.4,2,1,5,0.1666666666666666,4,7,10,-0.0384615384615385,-0.1186440677966101
907,10,10,2.0,2,1,7,0.0,4,8,8,-0.3888888888888899,0.0303030303030302
908,10,10,2.0,2,1,8,0.1666666666666666,4,7,9,0.1666666666666653,-0.176470588235294
909,10,10,2.0,2,1,6,0.0,3,5,9,-0.2765957446808521,-0.1464968152866241
910,10,10,2.0,2,1,6,0.0,4,7,10,-0.6666666666666623,-0.1494252873563218
911,10,9,1.8,1,1,8,0.0,4,7,8,-0.6666666666666665,-0.1911764705882352
912,10,9,1.8,1,1,8,0.0,4,6,8,-0.6666666666666665,-0.0827067669172932
913,10,9,1.8,1,1,8,0.0,3,5,9,-0.6666666666666665,-0.2272727272727272
914,10,11,2.2,2,1,8,0.1999999999999999,5,8,10,0.5769230769230805,-0.0891089108910891
915,10,12,2.4,3,1,7,0.1666666666666666,4,7,11,-0.1142857142857145,-0.0256410256410256
916,10,9,1.8,1,1,9,0.0,4,6,7,-0.1249999999999977,-0.1824817518248175
917,10,11,2.2,2,1,3,0.2738095238095238,3,5,10,-0.6615104640582349,-0.1702127659574468
918,10,9,1.8,1,1,7,0.0,4,7,8,-0.2272727272727273,-0.1824817518248175
919,10,9,1.8,1,1,9,0.0,4,7,9,-0.1249999999999977,-0.1328671328671328
920,10,17,3.4,3,1,5,0.4333333333333333,4,8,14,0.0277296360485271,-0.2115812917594655
921,10,9,1.8,1,1,7,0.0,3,5,9,-0.636363636363637,-0.1654676258992806
922,10,12,2.4,3,1,6,0.1533333333333333,4,6,11,-0.1666666666666663,-0.1578947368421053
923,10,9,1.8,1,1,8,0.0,4,7,8,-0.3333333333333347,-0.2558139534883721
924,10,9,1.8,1,1,9,0.0,4,8,8,-0.1249999999999977,-0.1328671328671328
925,10,10,2.0,2,1,6,0.0,4,6,10,-0.3725490196078475,-0.1627906976744186
926,10,9,1.8,1,1,8,0.0,4,7,7,-0.3333333333333347,-0.1076923076923076
927,10,13,2.6,2,1,4,0.1699999999999999,4,7,11,-0.1074074074074074,-0.1386861313868613
928,10,11,2.2,2,1,6,0.4,4,7,9,-0.0576923076923089,-0.111111111111111
929,10,12,2.4,2,1,5,0.1266666666666666,3,6,11,-0.2857142857142849,-0.263157894736842
930,10,11,2.2,2,1,6,0.22,4,7,9,-0.1712962962962964,-0.073170731707317
931,10,9,1.8,1,1,5,0.0,2,3,8,-0.6904761904761907,-0.208955223880597
932,10,10,2.0,2,1,8,0.1666666666666666,5,7,9,0.1666666666666653,-0.1494252873563218
933,10,10,2.0,2,1,6,0.0,4,6,9,-0.1764705882352955,-0.2195121951219512
934,10,11,2.2,2,1,6,0.1333333333333333,5,8,8,-0.1956521739130433,-0.2160804020100503
935,10,9,1.8,1,1,9,0.0,5,6,8,-0.1249999999999977,-0.0666666666666666
936,10,15,3.0,3,1,4,0.2833333333333333,4,6,12,-0.3339920948616603,-0.1260053619302949
937,10,10,2.0,2,1,7,0.0,4,8,9,-0.0526315789473716,-0.1428571428571428
938,10,13,2.6,3,1,6,0.5166666666666666,4,6,10,0.1034482758620671,-0.0947368421052631
939,10,10,2.0,2,1,7,0.1666666666666666,4,6,8,-0.1764705882352955,-0.0843373493975904
940,10,9,1.8,1,1,9,0.0,4,7,9,-0.1249999999999977,-0.0666666666666666
941,10,9,1.8,1,1,9,0.0,5,8,8,-0.1249999999999977,-0.0359712230215827
942,10,9,1.8,1,1,7,0.0,4,6,9,0.0,-0.1162790697674418
943,10,9,1.8,1,1,7,0.0,3,5,9,-0.4651162790697679,-0.1911764705882353
944,10,15,3.0,3,1,5,0.1266666666666666,5,8,14,-0.0256410256410258,-0.1170212765957446
945,10,10,2.0,2,1,8,0.1666666666666666,4,7,9,0.1666666666666653,-0.1764705882352941
946,10,10,2.0,2,1,5,0.21,3,5,8,-0.4218009478672972,-0.1834319526627219
947,10,10,2.0,2,1,8,0.2333333333333333,4,7,8,-0.0526315789473716,-0.0650887573964497
948,10,15,3.0,4,1,3,0.0666666666666666,4,6,13,-0.53846153846154,-0.1811023622047244
949,10,9,1.8,1,1,8,0.0,4,6,8,-0.3333333333333347,-0.125
950,10,9,1.8,1,1,8,0.0,3,5,8,-0.3333333333333347,-0.2461538461538462
951,10,13,2.6,3,1,6,0.3399999999999999,5,8,10,0.2510288065843624,-0.1985815602836879
952,10,9,1.8,1,1,7,0.0,4,6,9,-0.4651162790697679,-0.0434782608695652
953,10,12,2.4,3,1,5,0.0,4,7,11,-0.27659574468085,-0.180327868852459
954,10,9,1.8,1,1,7,0.0,3,4,9,-0.636363636363637,-0.1489361702127659
955,10,10,2.0,2,1,8,0.1666666666666666,5,8,9,0.1666666666666653,-0.1976047904191617
956,10,12,2.4,3,1,5,0.0,3,5,12,-0.2692307692307683,-0.0731707317073171
957,10,11,2.2,2,1,6,0.0833333333333333,5,8,10,-0.0312499999999992,-0.1523809523809524
958,10,9,1.8,1,1,9,0.0,4,6,8,-0.1249999999999977,-0.1654676258992805
959,10,10,2.0,2,1,7,0.15,3,6,9,-0.1702127659574474,-0.2269938650306749
960,10,9,1.8,1,1,9,0.0,4,6,8,-0.1249999999999977,-0.0359712230215827
961,10,15,3.0,4,1,4,0.0,4,8,15,-0.1278195488721827,-0.0833333333333333
962,10,10,2.0,2,1,7,0.0,4,6,10,-0.6666666666666623,-0.0465116279069767
963,10,9,1.8,1,1,7,0.0,3,5,8,-0.8409090909090922,-0.2
964,10,10,2.0,2,1,7,0.1666666666666666,3,6,9,-0.5686274509803901,0.0419161676646706
965,10,10,2.0,2,1,6,0.1666666666666666,3,6,9,-0.7142857142857152,-0.1834319526627219
966,10,9,1.8,1,1,9,0.0,5,8,7,-0.1249999999999977,-0.1489361702127659
967,10,9,1.8,1,1,8,0.0,5,7,8,-0.3333333333333347,-0.1612903225806451
968,10,12,2.4,2,1,6,0.1333333333333333,4,6,11,-0.0285714285714285,-0.147410358565737
969,10,11,2.2,2,1,7,0.1666666666666666,5,7,10,0.1538461538461552,-0.1523809523809524
970,10,12,2.4,2,1,4,0.0833333333333333,5,8,10,-0.2121212121212125,-0.0688259109311741
971,10,13,2.6,2,1,4,0.4166666666666666,4,7,10,-0.2307692307692314,-0.1182795698924731
972,10,9,1.8,1,1,8,0.0,4,7,9,-0.3333333333333347,-0.0285714285714285
973,10,10,2.0,2,1,6,0.0,4,7,10,-0.3888888888888899,-0.0526315789473683
974,10,9,1.8,1,1,6,0.0,4,7,8,-0.4318181818181819,0.0078740157480314
975,10,10,2.0,2,1,7,0.2166666666666667,4,7,9,-0.3580246913580259,-0.1976047904191617
976,10,11,2.2,2,1,6,0.0,4,6,10,-0.3968253968253999,-0.1469194312796208
977,10,15,3.0,3,1,5,0.3333333333333333,4,7,12,0.142857142857143,-0.0924369747899158
978,10,9,1.8,1,1,8,0.0,5,6,7,-0.3333333333333347,-0.0746268656716417
979,10,13,2.6,2,1,6,0.3833333333333333,3,5,11,-0.2093023255813947,-0.1655172413793103
980,10,10,2.0,2,1,6,0.0,4,6,9,-0.1764705882352955,-0.1834319526627219
981,10,12,2.4,2,1,6,0.4666666666666667,3,6,9,-0.1739130434782643,-0.2413793103448275
982,10,9,1.8,1,1,9,0.0,4,7,8,-0.1249999999999977,-0.0359712230215827
983,10,11,2.2,2,1,7,0.1833333333333333,4,6,10,0.0571428571428569,-0.0945273631840796
984,10,10,2.0,2,1,7,0.0,4,7,9,-0.3888888888888899,0.0476190476190475
985,10,9,1.8,1,1,8,0.0,4,6,9,-0.3333333333333347,0.0381679389312977
986,10,9,1.8,1,1,6,0.0,4,7,8,-0.6363636363636367,-0.0588235294117647
987,10,9,1.8,1,1,7,0.0,3,6,9,-0.6744186046511633,-0.1571428571428571
988,10,11,2.2,2,1,6,0.0,5,8,11,-0.0352941176470584,-0.1921182266009852
989,10,9,1.8,1,1,7,0.0,4,6,9,-0.636363636363637,-0.0909090909090909
990,10,11,2.2,2,1,4,0.2166666666666667,4,6,10,-0.2896551724137928,-0.0352941176470588
991,10,12,2.4,2,1,4,0.2633333333333333,3,6,9,-0.4700854700854703,-0.1659919028340081
992,10,9,1.8,1,1,8,0.0,4,6,9,-0.3333333333333347,-0.1076923076923076
993,10,12,2.4,2,1,5,0.1666666666666666,5,8,11,-0.434782608695654,-0.1383399209486166
994,10,11,2.2,2,1,6,0.1,4,6,9,0.1538461538461559,-0.1690821256038647
995,10,9,1.8,1,1,8,0.0,4,7,8,-0.3333333333333347,-0.1571428571428571
996,10,10,2.0,2,1,7,0.15,4,6,9,-0.1702127659574474,0.1463414634146341
997,10,10,2.0,2,1,8,0.1666666666666666,4,8,8,-0.1111111111111122,-0.0714285714285714
998,10,9,1.8,1,1,9,0.0,4,6,9,-0.1249999999999977,-0.1162790697674418
999,10,12,2.4,2,1,5,0.4,4,7,10,-0.27659574468085,-0.1900826446280991
1000,10,9,1.8,1,1,8,0.0,4,8,9,-0.6666666666666665,-0.1739130434782608
1,40,55,2.75,3,1,18,0.1294047619047618,16,27,50,-0.1549652118912081,0.0216787103946637
2,40,50,2.5,3,1,21,0.192797619047619,16,24,39,-0.1510416666666664,0.0536971830985915
3,40,61,3.05,4,1,10,0.2725000000000001,16,27,49,0.0178890876565296,-0.0580626194326032
4,40,56,2.8,4,1,13,0.1328571428571428,17,27,49,0.0981378963261196,-0.0659146986253084
5,40,69,3.45,5,1,7,0.1889285714285714,16,28,53,0.0759392085067963,-0.0639815880322209
6,40,63,3.15,4,1,12,0.234484126984127,17,28,51,0.0166736140058359,-0.0349808808950573
7,40,115,5.75,10,1,7,0.2569843391902215,16,28,82,0.1597973348580862,-0.0317905361687443
8,40,57,2.85,4,1,9,0.0611904761904762,17,27,47,0.0696316262354,-0.0330592381272025
9,40,66,3.3,6,1,13,0.1704166666666667,19,31,53,0.1940257853640813,-0.0440677966101695
10,40,50,2.5,3,1,13,0.0641666666666666,16,26,42,-0.1712146824438548,-0.0572687224669603
11,40,49,2.45,4,1,10,0.0166666666666666,17,27,42,0.037899543378995,-0.061779621945597
12,40,53,2.65,4,1,10,0.0616666666666666,16,26,44,0.2101054162122865,-0.0454457551730806
13,40,100,5.0,7,1,7,0.2339965753201047,16,28,79,-0.0586459180118454,-0.0422503642272778
14,40,58,2.9,4,1,10,0.2016666666666666,17,29,47,0.0342709343679277,-0.0728323699421965
15,40,50,2.5,4,1,12,0.0758333333333333,16,27,40,0.3646931603135985,-0.0778706555213374
16,40,62,3.1,5,1,10,0.2076785714285714,14,22,51,0.3178614406051228,-0.0011961722488038
17,40,47,2.35,3,1,12,0.0416666666666666,15,26,43,-0.1730873575691796,-0.0160884866767219
18,40,65,3.25,5,1,8,0.2344047619047618,15,25,50,0.2117267467734752,0.0033046926635822
19,40,59,2.95,4,1,9,0.1857142857142857,16,27,47,0.0891938250428807,-0.0200096046102129
20,40,54,2.7,4,1,10,0.15875,16,26,43,-0.0804578211106408,-0.0020829388373414
21,40,51,2.55,3,1,8,0.0868452380952381,17,27,43,0.0018348623853209,-0.0470487596236099
22,40,51,2.55,3,1,12,0.0941666666666666,16,25,43,0.019478876802429,-0.0283140283140283
23,40,47,2.35,3,1,17,0.1166666666666666,17,29,39,0.1854419410745237,-0.0535491905354918
24,40,50,2.5,3,1,9,0.1483333333333333,17,30,41,-0.0493179433368323,0.0850869167429094
25,40,67,3.35,5,1,8,0.2128174603174602,18,27,52,0.1724746360829289,-0.0658712403678846
26,40,51,2.55,3,1,18,0.0775,14,24,46,-0.0692798541476765,0.0012771392081737
27,40,61,3.05,4,1,11,0.1599404761904762,17,26,51,-0.0049925112331503,-0.0403949730700179
28,40,51,2.55,3,1,10,0.06,17,30,45,0.1934102141680387,-0.0694065841895575
29,40,47,2.35,4,1,12,0.0589285714285714,14,23,42,-0.037527593818985,-0.0583418628454452
30,40,57,2.85,4,1,9,0.1095238095238095,17,27,46,-0.0441090269636572,-0.0751094644661502
31,40,43,2.15,2,1,13,0.0791666666666666,15,25,39,-0.4827586206896556,-0.0174504584442472
32,40,61,3.05,5,1,10,0.2676190476190475,15,28,46,0.1590721479280163,-0.0008949880668258
33,40,48,2.4,3,1,12,0.0749999999999999,15,26,44,0.0325581395348842,-0.0372148859543817
34,40,74,3.7,6,1,11,0.234280303030303,15,27,59,0.2448259418216496,-0.0405785456006428
35,40,49,2.45,3,1,15,0.1619444444444444,15,23,39,-0.1071659134925756,-0.0554537121906508
36,40,53,2.65,4,1,9,0.0508333333333333,16,28,47,-0.0843629600106272,-0.0707070707070706
37,40,54,2.7,4,1,10,0.07,16,27,49,0.0333241531258601,-0.0297482837528603
38,40,50,2.5,4,1,13,0.0791666666666666,16,28,44,-0.0395010395010402,-0.0040160642570281
39,40,59,2.95,4,1,14,0.1635714285714285,14,24,48,0.0843869304378004,-0.1020933977455716
40,40,48,2.4,3,1,14,0.0866666666666666,17,30,43,0.1644525881814008,0.0239651416122004
41,40,48,2.4,3,1,14,0.0625,14,25,41,-0.2266666666666651,-0.0378378378378378
42,40,58,2.9,4,1,12,0.1349999999999999,16,27,50,0.0305748063595593,-0.0399188092016238
43,40,49,2.45,3,1,12,0.0783333333333333,16,30,42,0.0643671080997835,0.0594149908592321
44,40,51,2.55,3,1,19,0.1583333333333333,16,29,45,-0.1327612317011616,0.0250637213254035
45,40,65,3.25,5,1,7,0.169781746031746,15,25,53,0.151769366490229,-0.0434210526315789
46,40,69,3.45,5,1,13,0.3294246031746032,16,28,52,0.1775711280859068,-0.0522362581085694
47,40,57,2.85,3,1,13,0.1316666666666666,14,22,47,-0.0442120447169129,0.0169023801310796
48,40,48,2.4,3,1,16,0.12,17,26,42,0.2436115843270858,0.0031393383240763
49,40,46,2.3,2,1,22,0.125,15,25,41,-0.0280551592962431,-0.013375295043273
50,40,67,3.35,5,1,14,0.1658531746031746,18,29,53,0.2461770065763402,-0.0222611305652826
51,40,71,3.55,5,1,10,0.2974963924963925,17,29,56,0.1873471723635605,-0.061883602471009
52,40,67,3.35,6,1,11,0.1940674603174603,16,27,55,0.1802114803625376,0.0042636131075648
53,40,59,2.95,5,1,9,0.1633333333333333,15,26,47,0.3509065305403967,-0.000479923212286
54,40,63,3.15,5,1,11,0.1214285714285714,17,27,51,0.0543921092130655,-0.0649854510184287
55,40,53,2.65,4,1,8,0.0826785714285714,17,29,45,0.0302307080350043,-0.0677463954177365
56,40,53,2.65,3,1,10,0.0941666666666666,17,27,49,-0.0377358490566029,-0.0303265940902021
57,40,53,2.65,4,1,14,0.1185515873015873,16,26,46,-0.0419257773319958,-0.0259388308168795
58,40,51,2.55,4,1,10,0.016547619047619,15,26,40,0.0740528949249453,-0.001745962461807
59,40,64,3.2,5,1,15,0.295275974025974,17,31,49,0.2456546064901156,0.0230363585900638
60,40,53,2.65,4,1,11,0.1016666666666666,17,27,40,0.1519044399368944,-0.0326043737574552
61,40,76,3.8,6,1,8,0.2425775613275612,16,30,57,0.2641381436941103,-0.0121765601217655
62,40,52,2.6,3,1,9,0.1058928571428571,15,27,43,0.0148270181219112,0.0320579110651499
63,40,47,2.35,3,1,11,0.0699999999999999,16,27,40,0.1248796147672545,-0.0342886386898669
64,40,54,2.7,4,1,13,0.075,17,29,47,0.0417422867513602,-0.0121046466224131
65,40,59,2.95,4,1,9,0.1772023809523809,16,29,48,0.1268684464936416,-0.0769472856018883
66,40,55,2.75,4,1,9,0.1633333333333333,16,27,45,0.136437466161342,-0.042274052478134
67,40,52,2.6,4,1,18,0.1495238095238095,14,24,46,0.0006988120195664,0.0290237467018469
68,40,52,2.6,3,1,12,0.2008333333333333,16,26,42,0.2077826725403811,-0.0453333333333333
69,40,51,2.55,4,1,21,0.1058333333333333,16,26,46,-0.021245421245422,-0.030953885028427
70,40,56,2.8,4,1,10,0.2408333333333333,17,25,45,0.277777777777778,-0.0530423984388859
71,40,54,2.7,4,1,11,0.0875,16,29,44,0.0235361653272104,-0.0240849611227005
72,40,82,4.1,6,1,11,0.2765079365079365,16,28,64,0.2655436180181755,-0.0859106529209621
73,40,51,2.55,3,1,11,0.1208333333333333,15,25,43,-0.2226027397260286,-0.021999564365062
74,40,48,2.4,4,1,18,0.0216666666666666,16,24,45,0.2255462184873948,-0.0215235792019347
75,40,54,2.7,4,1,11,0.1171428571428571,16,25,44,0.2684578911718224,-0.0632336236274138
76,40,42,2.1,2,1,24,0.05,16,27,38,-0.2710154673839939,-0.0403302635757383
77,40,49,2.45,3,1,11,0.0566666666666666,17,28,40,0.0122390208783302,-0.0598251265531523
78,40,44,2.2,3,1,28,0.0875,16,26,35,0.2117263843648221,-0.110091743119266
79,40,44,2.2,2,1,22,0.075,17,27,38,-0.2070393374741192,0.0421082784302492
80,40,72,3.6,5,1,8,0.118531746031746,16,29,58,0.1563767462821088,-0.0231456561524383
81,40,47,2.35,3,1,18,0.0916666666666666,17,25,39,0.1354867653656342,-0.0067247820672478
82,40,69,3.45,5,1,7,0.1758531746031745,17,28,55,0.1109146033350179,-0.0501053617419808
83,40,45,2.25,2,1,27,0.1075,15,26,40,-0.1818181818181826,-0.0421836228287841
84,40,56,2.8,4,1,12,0.1383333333333333,17,26,47,0.1255107997664905,-0.035770371662886
85,40,52,2.6,4,1,9,0.0633928571428571,16,25,44,-0.0524130773222628,0.0638476030981787
86,40,52,2.6,3,1,12,0.0666666666666666,17,30,45,0.0999999999999987,0.0156378600823045
87,40,43,2.15,2,1,21,0.025,18,30,41,-0.1078904991948474,-0.0422701744014188
88,40,49,2.45,3,1,14,0.1125,15,27,41,-0.0792951541850225,0.0042533081285444
89,40,53,2.65,3,1,11,0.2266666666666666,17,26,43,0.1223032512914006,-0.0655325729750628
90,40,49,2.45,2,1,18,0.1908333333333333,16,28,40,0.1618814905314605,-0.0893829401088929
91,40,70,3.5,6,1,7,0.1509523809523809,18,31,59,0.0857852792339621,-0.0532315057562977
92,40,52,2.6,3,1,9,0.1411904761904761,14,23,43,-0.2835877143395522,0.0683333333333333
93,40,53,2.65,3,1,11,0.1702380952380952,16,29,46,-0.0165776133716945,-0.0063291139240506
94,40,62,3.1,4,1,8,0.1852777777777777,15,24,53,-0.1295944233206585,-0.0493402180149168
95,40,53,2.65,3,1,14,0.1973809523809523,14,24,45,-0.0685837051726987,-0.0311284046692606
96,40,56,2.8,4,1,10,0.1763095238095237,13,22,48,0.1439080459770122,0.0324400564174894
97,40,81,4.05,7,1,6,0.1600036075036074,17,28,62,0.0295467760198306,-0.0381988363268403
98,40,56,2.8,4,1,13,0.2655952380952381,15,28,45,0.129777404451911,-0.0307964601769911
99,40,45,2.25,3,1,12,0.0666666666666666,16,27,41,-0.0595160235448007,-0.0065466448445171
100,40,46,2.3,3,1,16,0.0766666666666666,16,27,40,0.013754045307442,0.0061728395061728
101,40,60,3.0,4,1,10,0.166547619047619,14,24,54,0.0267639902676399,-0.0553449583017437
102,40,50,2.5,3,1,16,0.1291666666666666,17,27,44,0.2072699149265264,-0.0835913312693498
103,40,64,3.2,4,1,8,0.1950595238095238,17,26,55,0.22086082312284,-0.0471775293155167
104,40,57,2.85,4,1,8,0.1841666666666666,17,29,49,0.0664433277498603,-0.0356662180349932
105,40,63,3.15,5,1,9,0.1936904761904761,18,31,49,0.1572925060435135,-0.0323566171365088
106,40,48,2.4,4,1,10,0.0583333333333333,14,24,42,-0.4106433677521845,-0.0494296577946768
107,40,51,2.55,4,1,12,0.1125,15,26,46,0.0619803476946332,-0.0250160359204618
108,40,56,2.8,4,1,9,0.1599999999999999,15,29,48,-0.1090534979423888,-0.0521091811414392
109,40,62,3.1,5,1,12,0.1361111111111111,17,28,54,0.1716048753123564,-0.0375072129255625
110,40,54,2.7,3,1,12,0.2183333333333333,16,28,43,0.0683164865806885,0.0580812766747077
111,40,52,2.6,3,1,16,0.2275,17,27,42,0.188749725335091,-0.0267983074753173
112,40,63,3.15,4,1,8,0.2183333333333333,15,26,51,0.0503506751805718,-0.0292122386819881
113,40,57,2.85,4,1,15,0.1091666666666666,18,29,50,0.21290944123314,0.0284090909090909
114,40,69,3.45,4,1,8,0.2430844155844155,17,29,53,0.1068109399893786,-0.0708661417322834
115,40,59,2.95,4,1,10,0.1482142857142857,15,25,48,-0.0298395810822043,-0.0331104743712193
116,40,48,2.4,4,1,18,0.0708333333333333,16,25,41,0.2284183369716215,-0.0284879474068663
117,40,55,2.75,5,1,8,0.0439285714285714,16,29,49,0.0356454720616564,-0.0069120119559125
118,40,60,3.0,5,1,9,0.1515873015873015,15,27,48,0.3042037688962511,-0.0254845109110331
119,40,59,2.95,5,1,9,0.117797619047619,16,28,47,0.0795875198307769,-0.0673736743605739
120,40,45,2.25,3,1,12,0.0608333333333333,19,30,37,0.0534855769230756,-0.0381763251853886
121,40,52,2.6,4,1,14,0.0975,16,27,41,0.4094104921579228,-0.034090909090909
122,40,65,3.25,5,1,10,0.203095238095238,15,28,54,0.1522447955856528,-0.0502692998204668
123,40,57,2.85,4,1,11,0.1189285714285714,16,26,49,0.2133143900953923,-0.0870319001386963
124,40,46,2.3,3,1,13,0.0291666666666666,17,29,42,-0.0591569252568191,-0.0744874124059174
125,40,57,2.85,5,1,8,0.0775,14,27,51,0.0809196775156756,-0.00628076727211
126,40,45,2.25,3,1,15,0.0511904761904761,17,24,42,-0.137787056367432,-0.0790190735694822
127,40,45,2.25,3,1,11,0.0849999999999999,17,31,36,-0.1869098013676343,-0.0145724498212812
128,40,72,3.6,5,1,11,0.2736507936507936,18,29,56,0.1944397355483978,0.0092453235863255
129,40,53,2.65,4,1,11,0.1175,16,25,41,-0.0302232254828188,-0.0258739877542958
130,40,49,2.45,3,1,14,0.0983333333333333,17,26,40,0.1585365853658537,-0.0376210858301419
131,40,57,2.85,4,1,9,0.1383333333333333,18,29,44,0.0784700315457419,-0.0515886573283225
132,40,49,2.45,2,1,14,0.1725,16,23,39,-0.1349757843756581,-0.037037037037037
133,40,57,2.85,4,1,9,0.1048809523809523,18,31,46,0.3672471738466243,-0.0700636942675159
134,40,52,2.6,4,1,8,0.1241666666666666,16,26,43,-0.1479028697571729,-0.0328334008917713
135,40,55,2.75,3,1,9,0.1448809523809524,16,28,45,-0.0738374156904517,0.0022213994816734
136,40,48,2.4,3,1,12,0.0383333333333333,16,27,41,0.1355759429153925,-0.039210969449122
137,40,49,2.45,3,1,13,0.0524999999999999,17,29,41,0.1643094841930119,-0.0322876116326998
138,40,61,3.05,4,1,12,0.0949206349206349,16,28,50,0.2053933611380904,-0.0862145718949399
139,40,63,3.15,4,1,8,0.1142207792207792,16,28,54,-0.1092925845485577,-0.0498517158593419
140,40,50,2.5,3,1,12,0.1203571428571428,16,27,44,-0.0961538461538461,-0.0554089709762533
141,40,53,2.65,4,1,11,0.0816666666666666,18,29,46,0.1808535178777398,-0.0400313971742543
142,40,54,2.7,4,1,9,0.169047619047619,14,25,44,0.0550161812297725,-0.0262716601453325
143,40,55,2.75,4,1,8,0.136547619047619,16,24,43,-0.0622173328443956,-0.0602409638554217
144,40,51,2.55,4,1,12,0.0824999999999999,17,27,43,0.1446540880503138,-0.0800508259212198
145,40,72,3.6,7,1,9,0.1680357142857143,15,25,54,0.0384425142947589,-0.0388715408635727
146,40,57,2.85,3,1,10,0.1232142857142857,17,25,48,0.1674862385321095,-0.0573355817875211
147,40,63,3.15,5,1,7,0.2906547619047618,16,29,49,-0.0020016229375168,-0.008424599831508
148,40,48,2.4,3,1,11,0.0941666666666666,16,26,41,-0.3133047210300422,-0.1016017212526894
149,40,55,2.75,5,1,9,0.1136904761904762,17,27,46,0.0834344995033654,-0.0259692757863935
150,40,58,2.9,4,1,11,0.1525,15,28,49,0.0936097787405232,-0.0235294117647058
151,40,49,2.45,3,1,24,0.1766666666666667,14,25,42,-0.000928505106778,-0.0334708849151765
152,40,60,3.0,4,1,11,0.055,18,30,55,0.1532258064516127,-0.0317336251367828
153,40,59,2.95,3,1,9,0.1879761904761904,16,28,47,-0.008828175820091,-0.0151728452995463
154,40,46,2.3,2,1,28,0.1791666666666666,16,26,39,0.1526811297584932,-0.0101960784313725
155,40,50,2.5,3,1,11,0.205,15,24,41,-0.0295126973232663,-0.014760147601476
156,40,80,4.0,6,1,9,0.2166251803751803,16,27,65,0.0712545203395872,-0.0327983251919051
157,40,50,2.5,3,1,10,0.0808333333333333,16,27,42,-0.1179758752574287,-0.0034904013961605
158,40,68,3.4,5,1,18,0.2941071428571428,16,27,49,0.4453031083633869,-0.0375491715341518
159,40,50,2.5,3,1,17,0.1117857142857143,17,28,43,0.1603507207608859,-0.0496391865296304
160,40,72,3.6,6,1,8,0.2820707070707071,15,25,54,0.1924072476272643,-0.0163970029319144
161,40,52,2.6,3,1,16,0.1825,15,23,43,-0.1515748031496047,-0.0206501737885912
162,40,67,3.35,5,1,8,0.1804761904761904,15,28,52,0.2476772494658915,-0.0051647811116576
163,40,46,2.3,2,1,13,0.1208333333333333,17,29,43,0.0052199850857572,-0.040778742436201
164,40,48,2.4,3,1,12,0.1785714285714285,16,27,41,-0.0828589500316256,-0.0217596972563859
165,40,64,3.2,4,1,12,0.1896428571428571,16,27,53,0.077454617541276,-0.037697608431293
166,40,56,2.8,5,1,8,0.1318055555555555,15,26,47,0.0915983425901436,0.0070921985815602
167,40,66,3.3,5,1,9,0.207797619047619,16,28,53,0.1224419007977804,-0.063176440976592
168,40,47,2.35,3,1,18,0.0291666666666666,17,27,41,0.1497192763568322,-0.0630811761749183
169,40,56,2.8,5,1,17,0.1011904761904761,15,25,44,0.2489248487499094,-0.0253521126760563
170,40,70,3.5,5,1,6,0.2082539682539682,15,26,56,0.1269930174377369,-0.033210332103321
171,40,61,3.05,4,1,12,0.1754761904761904,16,28,52,0.2895174708818637,0.0318910016469531
172,40,41,2.05,2,1,27,0.0,17,29,37,-0.2527777777777788,-0.0556807209526874
173,40,52,2.6,3,1,17,0.1725,16,26,42,0.2121212121212129,-0.0014042126379137
174,40,68,3.4,5,1,7,0.2050992063492063,19,30,53,-0.0090244337435348,-0.0003559141060624
175,40,50,2.5,3,1,11,0.1358333333333333,15,26,44,-0.132119514472456,0.0284831088540516
176,40,49,2.45,3,1,11,0.1341666666666666,14,23,42,-0.0732940185341195,-0.0494417862838915
177,40,44,2.2,2,1,25,0.0625,16,28,38,-0.1642335766423365,-0.0421721548238012
178,40,61,3.05,4,1,15,0.1876984126984127,16,27,49,0.2142648713993913,-0.0772626931567329
179,40,56,2.8,4,1,8,0.0993452380952381,16,30,48,0.227194317605277,-0.0137510879025239
180,40,54,2.7,3,1,10,0.1760714285714286,14,26,47,-0.008930669800235,-0.0793890250801433
181,40,55,2.75,3,1,10,0.2533333333333333,16,24,44,-0.0881958417169694,-0.1026061600145799
182,40,63,3.15,4,1,11,0.1905158730158729,16,27,50,0.1921853702862337,-0.0554237051514728
183,40,45,2.25,3,1,20,0.1183333333333333,16,26,37,0.1477272727272729,-0.083743842364532
184,40,54,2.7,3,1,11,0.1994047619047619,17,27,45,0.2533333333333343,-0.0636363636363636
185,40,44,2.2,2,1,15,0.0499999999999999,16,26,38,-0.1977777777777778,-0.1197223828802776
186,40,59,2.95,5,1,7,0.1674999999999999,13,23,47,0.003006795357508,-0.0450735410406452
187,40,56,2.8,4,1,11,0.13,15,24,50,0.1194968553459118,0.0230286113049546
188,40,71,3.55,7,1,8,0.1536580086580086,17,29,56,0.3348713646532439,-0.0573806395094174
189,40,66,3.3,4,1,10,0.2051136363636364,15,25,55,-0.0922950144210957,-0.0468277945619335
190,40,50,2.5,3,1,13,0.0641666666666666,16,27,44,-0.0591247672253263,-0.0631373399869819
191,40,47,2.35,2,1,15,0.1591666666666666,17,28,41,-0.0614805520702628,-0.010752688172043
192,40,63,3.15,4,1,10,0.2104761904761904,18,29,51,0.3670462156731413,-0.0299251870324189
193,40,50,2.5,3,1,13,0.1600595238095238,15,26,44,-0.188970402226158,0.0059642147117296
194,40,47,2.35,3,1,11,0.1766666666666666,15,24,41,-0.119855595667871,0.0230141054194506
195,40,49,2.45,4,1,19,0.0583333333333333,16,28,43,-0.0792951541850226,-0.0096153846153846
196,40,54,2.7,5,1,10,0.0274999999999999,14,26,45,0.1508272938602482,-0.0036032619002465
197,40,47,2.35,3,1,12,0.0875,17,29,40,0.0714957666980216,-0.0517155643958229
198,40,44,2.2,2,1,14,0.0216666666666666,15,27,38,0.1417425227568274,0.0389246709605152
199,40,46,2.3,3,1,11,0.0633333333333333,14,24,37,-0.0337078651685385,-0.0812222512405327
200,40,50,2.5,4,1,28,0.2383333333333333,16,26,38,0.3839169909208821,-0.0291219619005912
201,40,66,3.3,6,1,9,0.2319642857142857,15,27,47,0.520624424088027,-0.0252100840336134
202,40,57,2.85,3,1,11,0.2274458874458874,17,27,48,0.0120554292333434,0.0037697052775873
203,40,49,2.45,3,1,25,0.1083333333333333,16,26,42,0.2591792656587467,0.0186306474149976
204,40,50,2.5,3,1,12,0.0416666666666666,15,24,44,-0.0543390105433897,-0.0354703679224498
205,40,48,2.4,3,1,8,0.0,12,21,45,-0.381294964028777,-0.0583047525722684
206,40,55,2.75,3,1,14,0.29,15,24,46,-0.0637285986049466,-0.0205975134533308
207,40,52,2.6,3,1,15,0.2401785714285714,15,26,43,0.0004688232536332,0.0607553366174055
208,40,65,3.25,5,1,10,0.2145238095238095,15,28,49,0.1226721339484022,-0.0290682584998702
209,40,64,3.2,3,1,9,0.2985714285714285,14,26,53,0.0279776179056754,-0.0978290002680246
210,40,44,2.2,2,1,14,0.1083333333333333,14,22,40,-0.4481012658227857,0.0241683252772249
211,40,47,2.35,3,1,11,0.1041666666666666,17,29,41,0.0208333333333337,-0.0431273644388398
212,40,50,2.5,3,1,12,0.1175,17,28,40,0.1032370953630792,-0.0575016523463318
213,40,62,3.1,4,1,15,0.2197023809523809,16,26,52,0.1147721032399782,-0.0590747330960854
214,40,54,2.7,4,1,10,0.1374999999999999,17,29,45,0.2108843537414958,0.0009439305267132
215,40,68,3.4,4,1,7,0.2406060606060606,18,30,52,0.0232540083077756,0.0292765545608516
216,40,48,2.4,3,1,13,0.1260119047619047,14,21,43,-0.1786093731554713,-0.0674237047551454
217,40,49,2.45,3,1,14,0.0708333333333333,17,29,44,-0.0151515151515149,-0.0254777070063694
218,40,77,3.85,7,1,6,0.218829365079365,16,26,62,0.0734380111220146,-0.0551851851851851
219,40,52,2.6,3,1,10,0.105,16,27,41,-0.2108792846497768,-0.037037037037037
220,40,71,3.55,5,1,7,0.1479365079365079,17,30,58,-0.0366603381249434,-0.0668554006968641
221,40,48,2.4,3,1,15,0.1166666666666666,17,27,41,0.0325240494732022,-0.0344342937456078
222,40,56,2.8,4,1,9,0.0539285714285714,16,29,45,0.141535615171138,-0.0439676398170946
223,40,42,2.1,2,1,24,0.0,17,27,38,-0.2936056243722799,-0.0389610389610389
224,40,59,2.95,3,1,12,0.1797222222222222,17,27,50,0.1558176100628929,-0.0455696202531645
225,40,71,3.55,5,1,7,0.2459920634920635,16,29,58,-0.0263524130190793,-0.0694171578258022
226,40,83,4.15,7,1,11,0.1890169552669552,17,29,62,0.3719730585402225,-0.0412186379928315
227,40,46,2.3,2,1,12,0.1158333333333333,15,24,40,-0.0621973929236499,-0.0290279627163781
228,40,54,2.7,3,1,18,0.2091666666666666,16,27,46,0.4132841328413293,-0.0367024280067758
229,40,52,2.6,4,1,11,0.0675,17,27,47,0.2746639614506736,-0.0410623084780388
230,40,67,3.35,5,1,8,0.256984126984127,15,27,54,-0.0280951592427011,-0.0585804569761789
231,40,63,3.15,4,1,10,0.2266450216450216,15,28,53,0.0024826216484602,-0.0489801581795476
232,40,57,2.85,4,1,9,0.1758928571428571,16,28,47,0.0634390651085144,-0.0655983975963946
233,40,55,2.75,3,1,9,0.1325,15,27,46,-0.2087912087912092,-0.0314396028681743
234,40,53,2.65,3,1,17,0.1091666666666666,16,29,44,0.1062997436935112,-0.0269327649680294
235,40,46,2.3,2,1,22,0.1025,16,26,38,0.1857298474945525,0.0130821559392987
236,40,49,2.45,3,1,15,0.1208333333333333,16,25,43,0.0284482758620695,-0.0231502496595551
237,40,66,3.3,4,1,14,0.2725595238095238,17,28,55,0.2039761431411522,0.0469314079422382
238,40,54,2.7,3,1,12,0.1148809523809523,17,27,47,-0.0173010380622855,-0.0169491525423728
239,40,70,3.5,5,1,7,0.2863690476190476,16,27,56,0.229014493421508,-0.0457366122730407
240,40,51,2.55,4,1,13,0.1608333333333333,16,25,43,0.2295115894039739,-0.0830324909747292
241,40,63,3.15,5,1,7,0.1255555555555555,18,28,49,0.1683362980994285,-0.0386042038741585
242,40,56,2.8,5,1,11,0.0858333333333333,18,30,48,0.4328582145536388,-0.0066972153683468
243,40,61,3.05,4,1,8,0.1250595238095238,16,27,53,-0.1931144349057442,-0.0662782228696285
244,40,47,2.35,3,1,19,0.1458333333333333,17,27,39,-0.0691163604549436,-0.0475482912332838
245,40,56,2.8,4,1,11,0.0911904761904761,17,28,47,-0.0134267367192055,-0.0629173989455184
246,40,52,2.6,3,1,15,0.3116666666666666,16,26,42,-0.0946073793755914,-0.053911633563032
247,40,64,3.2,6,1,6,0.0671428571428571,14,26,53,0.0215427380125086,-0.0399458361543669
248,40,75,3.75,6,1,9,0.2436994949494949,17,30,56,0.198304460007372,-0.0362946385131848
249,40,57,2.85,4,1,10,0.1332738095238095,15,23,47,0.0550029256875361,-0.0539291217257318
250,40,83,4.15,6,1,12,0.2596295371295372,17,29,64,0.1286007066249227,-0.012787296280819
251,40,48,2.4,3,1,20,0.1625,17,28,40,-0.2214401732539261,-0.0114942528735632
252,40,57,2.85,4,1,9,0.0858928571428571,17,29,47,0.2208889816360604,-0.0079918381227682
253,40,50,2.5,3,1,14,0.2386111111111111,16,26,40,-0.2283720485613233,-0.0094360324775071
254,40,47,2.35,3,1,19,0.1166666666666666,17,28,38,-0.068821065230401,-0.0130325814536341
255,40,46,2.3,2,1,15,0.0941666666666666,15,28,39,0.0056882821387932,-0.030476686637145
256,40,50,2.5,4,1,10,0.0908333333333333,15,25,42,-0.0540632437946279,0.0276243093922652
257,40,53,2.65,3,1,12,0.120297619047619,15,24,43,0.1672579827673599,-0.0721649484536082
258,40,66,3.3,7,1,7,0.125,16,27,52,0.194121778594197,-0.0517263184520045
259,40,51,2.55,3,1,9,0.1392261904761905,17,28,45,-0.2049850707516558,0.0148100450740502
260,40,58,2.9,4,1,8,0.2129761904761904,16,29,48,0.10001062812201,-0.040531561461794
261,40,79,3.95,6,1,7,0.2630357142857142,17,32,60,0.1654238130748191,-0.0688028482421005
262,40,57,2.85,4,1,12,0.1224999999999999,17,30,48,0.310880829015543,0.0551930876388644
263,40,48,2.4,4,1,12,0.0649999999999999,14,25,40,0.0596252129471881,0.0222643297015632
264,40,46,2.3,2,1,14,0.1191666666666666,16,28,36,0.0765979926043322,-0.0380477564943584
265,40,54,2.7,4,1,9,0.159047619047619,15,25,45,-0.2009309542280843,-0.067910447761194
266,40,48,2.4,3,1,11,0.0358333333333333,16,26,42,-0.0093457943925233,-0.0592468217798032
267,40,55,2.75,4,1,11,0.1133333333333333,17,29,46,0.1369201586480416,0.0226654578422484
268,40,55,2.75,4,1,10,0.0810714285714285,17,27,44,0.1740521910388964,-0.079607415485278
269,40,51,2.55,3,1,9,0.0708333333333333,15,25,43,0.0116714380092484,-0.0910234899328859
270,40,60,3.0,5,1,10,0.1644047619047619,15,25,51,0.0116090537648356,-0.0194624652455977
271,40,69,3.45,7,1,8,0.2016666666666666,17,30,57,0.1402980864168507,-0.0610511820059674
272,40,58,2.9,5,1,8,0.0679166666666666,17,27,51,0.0188917872104968,-0.0515360080577472
273,40,47,2.35,3,1,13,0.0644047619047619,15,28,41,-0.107808977249438,-0.0625470987189148
274,40,56,2.8,4,1,8,0.1258333333333333,16,28,47,0.1326062905010274,-0.0698744029718733
275,40,51,2.55,5,1,15,0.0883333333333333,16,26,42,0.1552795031055908,-0.0477987421383647
276,40,51,2.55,3,1,10,0.1607142857142857,16,26,43,-0.0345308144936516,0.0254777070063694
277,40,64,3.2,5,1,10,0.1697222222222222,17,29,51,0.2205339786567223,-0.0606789628441593
278,40,64,3.2,4,1,9,0.2092857142857142,17,30,53,0.2726627008789843,-0.0109772423025435
279,40,57,2.85,3,1,8,0.1757142857142856,17,27,49,-0.0404497663551415,-0.049616368286445
280,40,49,2.45,2,1,18,0.1982142857142857,16,25,41,-0.0461873638344224,-0.0296939241662859
281,40,54,2.7,4,1,12,0.0911904761904761,17,28,46,0.2458295616190353,-0.0176923076923076
282,40,48,2.4,3,1,11,0.0808333333333333,16,28,39,-0.1713147410358564,-0.0509281294621608
283,40,47,2.35,3,1,22,0.0575,15,28,42,0.0784313725490198,-0.0092384519350811
284,40,47,2.35,3,1,11,0.0708333333333333,17,28,41,-0.1403812824956674,0.0059026069847515
285,40,67,3.35,6,1,13,0.2251388888888889,17,27,52,0.520799883228726,-0.0147734326505276
286,40,64,3.2,4,1,8,0.1944841269841269,14,25,50,0.0634594232700492,-0.0578512396694214
287,40,63,3.15,4,1,9,0.2869047619047619,16,27,50,0.0369426751592359,-0.0605767903960259
288,40,52,2.6,3,1,9,0.1008333333333333,17,30,45,-0.0383386581469649,0.0597904253133346
289,40,47,2.35,2,1,10,0.135,16,27,40,-0.2390158172231979,-0.0158331239004774
290,40,55,2.75,3,1,11,0.115,18,28,46,0.1470823341326936,-0.0557768924302788
291,40,46,2.3,3,1,15,0.0841666666666666,16,28,40,0.0540208717004296,-0.0840921264059989
292,40,55,2.75,3,1,11,0.240595238095238,16,28,44,0.1275272161741827,0.0119760479041916
293,40,63,3.15,4,1,10,0.2597619047619047,15,25,48,0.0827072668040692,-0.0386042038741585
294,40,55,2.75,4,1,10,0.1308333333333333,14,25,49,-0.0097784873278781,-0.0663983903420522
295,40,64,3.2,5,1,8,0.1819642857142857,16,27,50,-0.0292042782371235,0.0178130994793094
296,40,47,2.35,3,1,19,0.195,17,29,39,-0.1185544292639929,-0.0545998504113687
297,40,50,2.5,3,1,11,0.1308333333333333,16,27,41,-0.1514330529017542,-0.0544815465729349
298,40,46,2.3,3,1,13,0.08,15,24,40,-0.0565125415533368,0.0466321243523316
299,40,60,3.0,5,1,16,0.1411111111111111,18,29,48,0.0877393541011716,-0.0637322329206785
300,40,59,2.95,5,1,9,0.0858333333333333,16,28,50,0.1652936962750705,-0.0308132147395172
301,40,64,3.2,5,1,8,0.1395833333333333,15,27,56,0.1310999957967298,-0.0035144633684779
302,40,61,3.05,4,1,13,0.2714880952380952,16,26,47,0.2528715424285046,-0.0428914217156568
303,40,48,2.4,3,1,20,0.075,15,27,43,0.113636363636364,-0.0105263157894737
304,40,50,2.5,3,1,19,0.16,15,25,40,-0.0144927536231884,-0.0186005314437555
305,40,43,2.15,2,1,20,0.015,16,28,38,-0.0216631726065698,-0.0129870129870129
306,40,41,2.05,2,1,25,0.0375,14,22,38,-0.4254966887417217,-0.027027027027027
307,40,62,3.1,5,1,7,0.1219047619047619,17,28,48,0.1484978540772532,0.0530259365994236
308,40,54,2.7,3,1,10,0.0833333333333333,16,27,47,0.2201257861635227,-0.0497196261682243
309,40,47,2.35,3,1,12,0.0474999999999999,15,26,40,-0.0255393007686592,-0.0305966343702192
310,40,56,2.8,4,1,9,0.1325,17,28,51,-0.0109995217599238,0.0399416377895312
311,40,61,3.05,4,1,11,0.156547619047619,15,27,53,0.1057453918292546,-0.0480783722682743
312,40,53,2.65,3,1,15,0.1542261904761905,15,26,46,-0.0808890925756183,-0.0188309140839544
313,40,48,2.4,3,1,12,0.0875,16,27,40,-0.2241294752329563,-0.0724982172569527
314,40,55,2.75,4,1,17,0.1508333333333333,15,26,47,0.1162854030501091,0.009009009009009
315,40,68,3.4,6,1,19,0.0985714285714285,18,29,62,0.4889181479043228,-0.002377555872563
316,40,51,2.55,2,1,12,0.1578571428571428,17,28,42,0.0741071428571428,-0.0558550787146862
317,40,45,2.25,3,1,13,0.055,16,24,38,-0.3478434504792346,-0.0027173913043478
318,40,58,2.9,4,1,9,0.1491666666666667,18,27,50,0.1519090170593008,-0.0677186061801446
319,40,51,2.55,4,1,12,0.1241666666666666,16,26,44,0.2740599107711919,-0.0381679389312977
320,40,58,2.9,4,1,13,0.2245238095238095,15,26,48,-0.0425554953979422,-0.0047393364928909
321,40,50,2.5,4,1,18,0.1358333333333333,15,24,45,-0.0487144790257107,-0.0267857142857142
322,40,47,2.35,2,1,13,0.1408333333333333,17,25,39,0.0167364016736402,-0.0104999999999999
323,40,62,3.1,4,1,9,0.2197023809523809,18,28,49,0.2058870326173433,-0.0333333333333333
324,40,66,3.3,5,1,8,0.1695707070707071,17,28,55,-0.0240997539700291,-0.0008996272972625
325,40,51,2.55,3,1,12,0.1633333333333333,15,26,43,0.0292164674634798,-0.0682865521575199
326,40,50,2.5,3,1,13,0.1,15,26,46,-0.1378002528445003,-0.0183750276732344
327,40,50,2.5,3,1,11,0.139345238095238,16,28,44,0.156462585034014,0.0131578947368421
328,40,59,2.95,4,1,9,0.1417261904761904,17,30,49,0.0768073422101858,-0.0613855136499921
329,40,47,2.35,3,1,15,0.1166666666666666,14,27,41,-0.1250748055056859,0.0213187902825978
330,40,59,2.95,4,1,11,0.0944047619047619,17,28,50,0.231395538185963,-0.0034645669291338
331,40,48,2.4,2,1,20,0.1319047619047619,16,27,44,-0.166666666666667,-0.0417551309271054
332,40,50,2.5,3,1,15,0.1283333333333333,18,29,41,0.1320432555492312,-0.0188261351052048
333,40,44,2.2,3,1,12,0.0208333333333333,18,28,38,0.0257330939557152,-0.0452488687782805
334,40,58,2.9,4,1,10,0.1166666666666666,16,27,48,0.1562302340290948,0.0741602926504822
335,40,55,2.75,3,1,10,0.2024999999999999,16,27,46,0.102817597627286,-0.0367769358713731
336,40,50,2.5,3,1,11,0.0286904761904761,15,24,43,-0.1363636363636365,-0.0542499450911486
337,40,52,2.6,4,1,16,0.1891666666666666,16,27,42,0.026163591297163,-0.0309789343246592
338,40,50,2.5,2,1,11,0.1725,17,28,43,-0.0410287813839562,-0.0633584404076207
339,40,54,2.7,3,1,10,0.1797619047619047,16,26,48,-0.051772931579824,-0.0485436893203883
340,40,68,3.4,4,1,7,0.180515873015873,17,28,54,0.1228132178830183,-0.0406899064739463
341,40,53,2.65,3,1,9,0.1009523809523809,17,27,44,0.3879039610981661,-0.0923503765358699
342,40,47,2.35,3,1,24,0.1025,16,27,40,0.1224794622852866,0.0127531882970742
343,40,59,2.95,4,1,12,0.2057738095238095,17,27,51,0.0544871794871795,-0.0264175257731959
344,40,53,2.65,3,1,13,0.1927380952380952,15,27,45,-0.1071535918244653,-0.0562719812426729
345,40,71,3.55,5,1,15,0.174047619047619,16,27,60,0.3730948765536248,-0.020340481980986
346,40,59,2.95,4,1,8,0.104563492063492,16,25,48,0.1527613361469968,-0.0659270998415213
347,40,49,2.45,3,1,29,0.1916666666666666,17,30,39,0.2245446401911015,-0.0612903225806451
348,40,74,3.7,6,1,9,0.2136489898989898,14,22,57,-0.0120617522569914,-0.0605095541401273
349,40,55,2.75,4,1,11,0.0732142857142857,14,25,49,-0.035010940919037,0.0095553105475928
350,40,67,3.35,5,1,7,0.1181547619047619,15,26,54,0.2064467766116941,-0.0043520309477756
351,40,60,3.0,5,1,8,0.1722619047619047,16,27,47,0.2644246991339562,-0.0591995130117181
352,40,49,2.45,2,1,13,0.2193452380952381,14,24,40,-0.1412522263323735,-0.0764302059496567
353,40,58,2.9,4,1,8,0.2171428571428571,16,26,47,-0.0528986921725556,0.0003314550878356
354,40,55,2.75,4,1,10,0.1175,16,28,46,0.0217391304347815,-0.0618519842688594
355,40,51,2.55,3,1,9,0.0744444444444444,16,27,41,0.0912604883567456,-0.0668089647812166
356,40,64,3.2,4,1,10,0.2445995670995671,15,26,48,0.1009297309900615,-0.0379781051493445
357,40,49,2.45,3,1,13,0.0516666666666666,16,25,44,-0.0760135135135139,0.0057643532395665
358,40,47,2.35,3,1,16,0.0858333333333333,15,26,40,0.2932330827067669,-0.0120180270405608
359,40,60,3.0,5,1,8,0.1885714285714285,16,29,49,0.1518131530424094,-0.038408987399423
360,40,52,2.6,4,1,8,0.0808333333333333,16,28,46,-0.2057478772044411,-0.0788381742738589
361,40,51,2.55,4,1,11,0.0349999999999999,18,29,47,0.1262282690854117,-0.0437007034747388
362,40,48,2.4,2,1,19,0.1858333333333333,15,25,40,-0.3591397849462379,0.006259027443428
363,40,54,2.7,3,1,13,0.2174999999999999,17,27,45,0.3068378178227596,-0.0439727065959059
364,40,59,2.95,4,1,9,0.2359523809523809,16,26,50,-0.0065775950668043,-0.0109471680152308
365,40,60,3.0,6,1,7,0.103095238095238,17,29,51,0.121861977843277,0.0398522849669179
366,40,42,2.1,2,1,23,0.0533333333333333,17,27,34,-0.0485956308515382,-0.0205607476635513
367,40,64,3.2,5,1,13,0.1460714285714285,15,28,52,0.2418032786885245,-0.0256688849653673
368,40,62,3.1,5,1,11,0.2207142857142857,16,28,48,0.2734374999999993,-0.0872578136048649
369,40,56,2.8,4,1,14,0.1508333333333333,15,25,45,0.1818056512749833,-0.0153417015341701
370,40,54,2.7,3,1,13,0.1124999999999999,16,27,48,-0.2187759623373025,-0.0196374622356495
371,40,56,2.8,4,1,11,0.2016941391941391,15,23,48,-0.1646736625179637,-0.0194293716086119
372,40,46,2.3,2,1,11,0.0833333333333333,17,29,39,-0.0658330268481068,-0.0491447189790931
373,40,51,2.55,4,1,16,0.125,18,28,41,0.1776266061980346,-0.0272765421737305
374,40,63,3.15,5,1,11,0.1232142857142857,16,29,50,0.1190295678544354,-0.0460772104607721
375,40,53,2.65,4,1,16,0.2031547619047619,15,25,43,0.2951588212782246,-0.0334261838440111
376,40,62,3.1,5,1,7,0.0667261904761904,16,27,54,-0.0049875311720696,-0.042016806722689
377,40,48,2.4,2,1,29,0.1916666666666666,18,29,39,0.2636363636363639,-0.0499286733238231
378,40,51,2.55,4,1,12,0.0648809523809523,16,29,45,-0.0234452612755812,-0.0050314465408805
379,40,51,2.55,4,1,12,0.1341666666666666,15,26,42,0.1562864927987537,-0.0090322580645161
380,40,52,2.6,4,1,11,0.0691666666666666,14,24,43,-0.1538461538461548,-0.0780487804878049
381,40,61,3.05,4,1,8,0.2055555555555555,16,27,54,-0.0066493380886166,-0.0473653049141503
382,40,49,2.45,3,1,11,0.12,17,28,42,-0.1745318352059929,0.0112359550561797
383,40,47,2.35,3,1,12,0.1358333333333333,13,24,41,-0.3150851581508536,-0.040503144654088
384,40,62,3.1,4,1,8,0.1968253968253968,14,24,48,-0.1088870354925414,-0.0461090909090909
385,40,58,2.9,4,1,9,0.1575270562770562,15,25,50,-0.1853601829977126,-0.0078688524590163
386,40,56,2.8,4,1,16,0.1683333333333333,17,26,46,0.4052543320290657,-0.0290037831021437
387,40,53,2.65,3,1,11,0.1028571428571428,16,26,44,0.1221362229102168,-0.0161125841321639
388,40,77,3.85,6,1,6,0.2798538961038961,14,26,60,-0.1054615062511218,-0.0509488641675236
389,40,52,2.6,3,1,11,0.0433333333333333,14,26,46,-0.0124610591900317,0.0509024538633137
390,40,53,2.65,3,1,9,0.22,18,29,43,0.1739401496259354,0.0357919715246193
391,40,50,2.5,2,1,20,0.1741666666666666,16,26,46,0.005681818181817,-0.0110087620759379
392,40,58,2.9,4,1,12,0.2308333333333333,16,27,45,0.0116014432417428,-0.0372297187449195
393,40,48,2.4,3,1,13,0.0666666666666666,16,26,40,-0.0828837665522319,-0.0676762896355891
394,40,54,2.7,3,1,20,0.1922619047619047,15,28,48,0.0246756550496061,0.022342064714946
395,40,52,2.6,4,1,11,0.07,17,26,46,0.0894725603245794,-0.0524185387573365
396,40,57,2.85,5,1,8,0.0908928571428571,16,27,48,-0.0953154875717014,-0.0266712850710079
397,40,74,3.7,6,1,10,0.2004365079365079,15,27,58,0.3338941701017917,-0.0420408163265306
398,40,53,2.65,4,1,9,0.1137499999999999,13,24,45,-0.2298580121703845,-0.0572511470177538
399,40,73,3.65,8,1,6,0.0862499999999999,15,27,60,0.1363612982871256,-0.0409175449473031
400,40,47,2.35,3,1,10,0.1133333333333333,15,27,41,-0.1499841118525589,-0.0335078534031413
401,40,50,2.5,3,1,11,0.1349999999999999,12,23,44,-0.3536379018612522,-0.0179770413688542
402,40,61,3.05,5,1,6,0.0997222222222222,17,27,50,0.0618786246893114,-0.0004472938720739
403,40,53,2.65,4,1,15,0.0799999999999999,16,25,42,0.0886996776060181,-0.0874951606658923
404,40,70,3.5,5,1,13,0.2531096681096682,16,27,55,0.2646371644658276,-0.0364464692482915
405,40,70,3.5,5,2,8,0.2251298701298701,16,28,55,0.2025781308551297,0.0094339622641509
406,40,52,2.6,3,1,14,0.2583333333333333,17,31,41,0.0479797979797982,-0.0179445350734094
407,40,64,3.2,5,1,11,0.2190277777777777,15,25,50,0.2659052247873633,-0.0438502673796791
408,40,60,3.0,3,1,11,0.2794047619047618,17,29,47,0.0078236130867716,-0.0079413561392791
409,40,64,3.2,5,1,9,0.1539880952380952,16,28,51,0.1022611619983185,0.0284953395472703
410,40,52,2.6,3,1,11,0.1658333333333333,15,21,45,-0.366845740598619,-0.050292870127247
411,40,66,3.3,5,1,9,0.1322077922077922,17,27,56,0.1736541069638537,-0.0408241129339946
412,40,47,2.35,3,1,18,0.1149999999999999,16,27,38,0.2345807345807324,-0.0478844692171269
413,40,53,2.65,4,1,10,0.0816666666666666,18,30,47,0.0566037735849064,-0.0533904910366328
414,40,82,4.1,8,1,16,0.3961580086580086,16,28,60,0.6693267679769085,-0.027027027027027
415,40,46,2.3,3,1,17,0.0583333333333333,16,28,43,-0.2695909314933469,-0.0216816499206768
416,40,45,2.25,2,1,15,0.0833333333333333,16,26,41,-0.1883802816901396,-0.0218978102189781
417,40,64,3.2,5,1,10,0.1945833333333333,17,27,49,0.2707692307692307,-0.0358185195011939
418,40,47,2.35,3,1,19,0.0241666666666666,14,26,43,0.1985383678440938,-0.0398230088495575
419,40,50,2.5,3,1,20,0.1758333333333333,13,23,43,0.0087719298245611,-0.0938525486764384
420,40,65,3.25,4,1,9,0.1892857142857143,16,27,50,0.1980689285235345,-0.0118733509234828
421,40,62,3.1,6,1,10,0.1011309523809524,17,29,50,0.2816887579774169,-0.0602898550724637
422,40,52,2.6,4,1,13,0.1260714285714285,16,27,43,0.1138716356107664,-0.0158730158730158
423,40,52,2.6,3,1,14,0.1392857142857143,16,26,43,0.217327459618208,-0.039787798408488
424,40,55,2.75,4,1,12,0.1966666666666666,17,28,47,0.1606548279689241,-0.0315599639314697
425,40,50,2.5,3,1,12,0.0495238095238095,18,29,44,-0.0153188457427866,-0.0776336045744447
426,40,51,2.55,4,1,11,0.0750595238095238,14,25,43,-0.2464096749811039,-0.0217391304347826
427,40,60,3.0,5,1,11,0.073095238095238,15,26,51,0.1954238559639911,0.0444104134762633
428,40,55,2.75,4,1,9,0.1951190476190476,16,23,47,0.0840840840840836,0.0138067061143984
429,40,62,3.1,5,1,9,0.1458928571428571,17,28,50,0.0489987217724748,-0.079954311821816
430,40,53,2.65,4,1,15,0.1380952380952381,15,25,46,-0.0182351025724516,-0.0089355089355089
431,40,67,3.35,4,1,8,0.3055555555555556,16,27,55,0.1898744051798115,-0.0579817419195657
432,40,59,2.95,3,1,14,0.1968055555555555,16,26,50,0.0558306422676707,-0.0806884572872256
433,40,49,2.45,2,1,18,0.2208333333333333,18,29,42,-0.551860649247823,-0.0786516853932584
434,40,63,3.15,5,1,7,0.0862698412698412,17,26,52,0.2817378800328667,-0.0676482844839561
435,40,54,2.7,3,1,12,0.1449999999999999,15,24,46,0.0204081632653063,-0.0533562822719449
436,40,50,2.5,3,1,12,0.0633333333333333,16,29,44,0.1365131578947367,0.0180406485498972
437,40,56,2.8,4,1,11,0.0758333333333333,15,23,48,0.0974842767295578,-0.0312717164697706
438,40,88,4.4,7,1,9,0.2890651015651016,15,26,66,0.152441274136023,-0.0532164992519769
439,40,46,2.3,3,1,13,0.0136904761904761,16,25,40,0.0445103857566767,0.0426638917793964
440,40,55,2.75,4,1,9,0.1570833333333333,17,29,46,-0.037735849056604,-0.0449397150164413
441,40,44,2.2,2,1,18,0.1566666666666666,15,24,38,-0.1727078891258003,-0.0559999999999999
442,40,54,2.7,4,1,10,0.0341666666666666,15,25,49,0.1681643132220795,-0.0814283015303231
443,40,63,3.15,4,1,11,0.2388095238095237,15,28,52,0.1040278468423668,0.0015565303523418
444,40,53,2.65,4,1,12,0.0766666666666666,16,28,45,0.006642941874259,-0.0831204558852426
445,40,78,3.9,5,1,8,0.2525198412698413,16,26,66,0.0026464037730904,-0.0158671925158213
446,40,61,3.05,4,1,8,0.1373214285714285,16,27,50,0.1990450611757684,0.0061849449389048
447,40,54,2.7,4,1,13,0.1878571428571428,14,25,44,0.2307300941236321,-0.0157389635316698
448,40,78,3.9,6,1,9,0.2331890331890332,14,28,62,0.2805407858902866,-0.0604549986404423
449,40,56,2.8,5,1,8,0.105,15,26,46,0.0367059460923753,0.0203498750446269
450,40,58,2.9,3,1,11,0.1544047619047619,16,26,48,0.0321310116086235,-0.0803259604190919
451,40,56,2.8,4,1,10,0.1070833333333333,16,25,51,0.0635710337202879,0.0135635018495684
452,40,60,3.0,4,1,7,0.1441865079365079,17,28,49,0.0625,-0.0123418215903764
453,40,60,3.0,5,1,8,0.1966666666666666,17,28,49,0.0835850956696874,-0.065686724850712
454,40,66,3.3,5,1,7,0.1685515873015873,15,27,54,0.1549018320309935,-0.0682270916334661
455,40,48,2.4,3,1,16,0.0966666666666666,15,26,41,0.0588235294117644,-0.0045184304399524
456,40,69,3.45,4,1,8,0.2379365079365079,15,25,55,0.0260808357722371,-0.0134251290877796
457,40,51,2.55,4,1,14,0.0976190476190476,14,27,42,0.1549295774647887,-0.0793650793650793
458,40,51,2.55,3,1,13,0.1108333333333333,18,28,43,-0.0366822429906536,-0.0539856600590468
459,40,44,2.2,2,1,21,0.0625,15,27,40,-0.1626016260162594,-0.046100318933024
460,40,49,2.45,3,1,13,0.1133928571428571,16,28,44,-0.1255015912550163,-0.0430356316520129
461,40,52,2.6,3,1,14,0.2125,17,27,45,0.0444576170717251,-0.0067971163748712
462,40,60,3.0,5,1,8,0.0924007936507936,17,29,52,0.1810805711051009,-0.0485972711942357
463,40,49,2.45,3,1,13,0.1166666666666666,17,29,42,0.1833333333333333,-0.0135601011261779
464,40,51,2.55,3,1,19,0.1466666666666666,16,26,43,-0.0259649122807024,-0.0120329322355921
465,40,53,2.65,3,1,11,0.1899999999999999,16,27,43,0.1160927008880227,-0.0643827525103366
466,40,68,3.4,5,1,7,0.2283730158730158,16,29,52,0.189599133261105,-0.0359438228993096
467,40,61,3.05,5,1,9,0.1543452380952381,16,27,48,0.2358111849390917,-0.0141461280443342
468,40,46,2.3,3,1,21,0.0641666666666666,15,26,40,-0.0645941278065608,0.0007947019867549
469,40,69,3.45,4,1,10,0.2774999999999999,15,26,54,0.2497378742573102,-0.0446023058111098
470,40,51,2.55,3,1,17,0.1633333333333333,18,29,45,0.4970781592403197,-0.0318229715489989
471,40,89,4.45,7,1,6,0.2761487123987124,17,28,67,0.1787801282392852,-0.0610456765297328
472,40,61,3.05,5,1,9,0.1041666666666666,16,29,55,-0.0632760267430761,-0.1066171003717472
473,40,49,2.45,3,1,18,0.0308333333333333,17,28,42,0.2598489487650537,-0.0401476695892939
474,40,47,2.35,4,1,9,0.0,17,27,42,-0.0663865546218478,-0.0705620203020549
475,40,53,2.65,3,1,10,0.0733333333333333,16,29,48,0.1808535178777395,0.0233287590668496
476,40,46,2.3,3,1,11,0.0533333333333333,16,27,41,0.0074404761904764,-0.0012956724540036
477,40,64,3.2,4,1,15,0.3157142857142857,14,23,51,0.1606367583212735,-0.020678470063522
478,40,85,4.25,7,1,14,0.2999909812409812,17,29,61,0.2470720605533684,-0.0384288254851929
479,40,71,3.55,5,1,10,0.1491468253968254,17,30,62,-0.032021857923498,-0.0374986569248952
480,40,54,2.7,4,1,16,0.0608333333333333,15,26,50,-0.1783366926649721,-0.0641421947449768
481,40,54,2.7,4,1,12,0.1408333333333333,15,27,46,0.0991884580703341,-0.0309278350515464
482,40,57,2.85,5,1,8,0.0782738095238095,15,25,48,0.0188077781319734,0.0475703324808184
483,40,53,2.65,4,1,22,0.2044047619047619,17,27,45,0.3146827794561937,-0.0893280632411067
484,40,71,3.55,5,1,10,0.2334956709956709,16,27,55,0.0781911013858493,-0.0710537822474858
485,40,48,2.4,3,1,22,0.1075,14,25,43,-0.1116071428571436,-0.0628158844765343
486,40,62,3.1,4,1,7,0.1624603174603174,15,28,50,-0.026164854973508,-0.0368480725623582
487,40,53,2.65,4,1,9,0.1316666666666666,16,28,45,0.0860147213459528,-0.0793029175641276
488,40,48,2.4,3,1,8,0.0733333333333333,14,24,40,-0.1335149863760217,-0.0579779587925251
489,40,47,2.35,3,1,11,0.0435714285714285,17,23,43,0.0049347341610945,0.0562248995983935
490,40,47,2.35,3,1,12,0.11,17,27,39,0.0745428973277065,-0.0769613947696139
491,40,55,2.75,4,1,11,0.1325,16,26,46,-0.0125523012552308,-0.0743353228431904
492,40,47,2.35,3,1,16,0.13,14,25,39,-0.0652765185856753,-0.1003735990037359
493,40,48,2.4,3,1,13,0.0308333333333333,16,28,42,-0.1956886227544913,-0.0491803278688524
494,40,59,2.95,4,1,13,0.1867857142857142,15,27,46,0.3343111813155816,-0.0822264389626818
495,40,60,3.0,4,1,9,0.0986111111111111,16,27,50,0.0286738351254479,-0.0426540284360189
496,40,49,2.45,3,1,15,0.1,17,29,44,-0.1209150326797381,-0.0252444848760518
497,40,71,3.55,5,1,9,0.1469246031746032,19,31,55,0.1635984848484847,-0.0356945518841861
498,40,50,2.5,3,1,14,0.1037499999999999,17,30,44,0.1243230786957023,-0.0118785745710514
499,40,56,2.8,5,1,11,0.1886904761904762,14,23,45,0.3121801432958032,0.0049751243781094
500,40,49,2.45,3,1,11,0.0908333333333333,17,26,44,0.0224063842848377,-0.0142594296228151
501,40,73,3.65,5,1,9,0.3180952380952381,15,27,57,0.1317515786892283,-0.0353530086557513
502,40,62,3.1,4,1,11,0.1828571428571428,17,30,51,0.423925667828107,-0.0400909866363378
503,40,45,2.25,3,1,16,0.1,16,28,38,0.0794649881982703,-0.037037037037037
504,40,49,2.45,3,1,17,0.1164285714285714,14,23,45,-0.0901867302344061,-0.0361842105263157
505,40,66,3.3,5,1,9,0.2320039682539683,16,25,55,-0.0919295671313281,-0.0493653032440056
506,40,51,2.55,3,1,11,0.0866666666666666,15,27,42,0.1448313985627418,-0.0736842105263157
507,40,59,2.95,6,1,15,0.2139880952380952,16,26,45,0.6475632836527097,-0.0020443465953766
508,40,58,2.9,4,1,10,0.2241666666666666,15,26,47,-0.066505175071571,0.0187427434068668
509,40,54,2.7,4,1,23,0.1772619047619047,17,28,46,0.2900355871886116,-0.0372881355932203
510,40,49,2.45,3,1,11,0.1266666666666666,16,26,42,-0.3048668503213952,-0.0206022187004754
511,40,58,2.9,4,1,8,0.2626984126984127,16,25,48,-0.2232415902140673,-0.0247014559136266
512,40,55,2.75,3,1,10,0.165595238095238,16,28,48,0.0051147704590813,0.0075784915193071
513,40,52,2.6,3,1,12,0.2326785714285714,16,27,44,0.0607898638630531,-0.0489913544668587
514,40,54,2.7,5,1,11,0.1383333333333333,15,25,46,-0.2884458244811254,-0.0507439908431896
515,40,62,3.1,5,1,8,0.1870833333333333,17,28,47,0.3274809545431613,-0.0087055801341515
516,40,46,2.3,2,1,15,0.1441666666666666,15,29,39,-0.1021106674272671,-0.0558163797600416
517,40,46,2.3,3,1,15,0.1441666666666666,15,27,39,-0.2165832737669772,-0.0334378265412748
518,40,57,2.85,3,1,9,0.2026190476190476,15,27,44,0.0579902611775113,-0.0410958904109589
519,40,61,3.05,4,1,7,0.1312499999999999,17,28,51,0.1449661567979533,0.0016366612111293
520,40,49,2.45,3,1,17,0.0999999999999999,14,26,41,-0.0986547085201785,-0.0189463955637707
521,40,73,3.65,7,1,6,0.2528463203463203,15,25,60,0.0157409199406484,-0.0789284614595094
522,40,55,2.75,3,1,12,0.1901388888888889,17,29,44,0.00147701397009,-0.0424640058319664
523,40,50,2.5,3,1,11,0.0958333333333333,18,30,41,-0.0322255790533731,-0.0939941951328421
524,40,50,2.5,3,1,12,0.1649999999999999,16,28,43,0.0379173740803618,-0.0496391865296304
525,40,59,2.95,3,1,9,0.2400541125541126,16,28,49,-0.025992380484208,-0.0560971711682915
526,40,42,2.1,2,1,31,0.0,17,27,39,-0.0294117647058799,-0.0892250694658845
527,40,61,3.05,5,1,9,0.0916468253968254,17,28,51,0.1597796143250691,-0.0070538796337986
528,40,55,2.75,5,1,9,0.0270238095238095,16,28,47,0.1239101274312538,-0.0663983903420523
529,40,53,2.65,4,1,15,0.1479761904761905,16,28,46,0.0809571496336898,-0.0580566306783458
530,40,55,2.75,4,1,17,0.101547619047619,16,27,48,0.0510424155283959,-0.0679611650485436
531,40,45,2.25,3,1,21,0.1011904761904761,17,25,38,-0.2068965517241376,-0.0361842105263158
532,40,44,2.2,2,1,18,0.0375,16,29,41,-0.2423529411764711,-0.0677200902934537
533,40,52,2.6,3,1,10,0.1066666666666666,16,28,44,0.0273722627737217,0.0335353535353535
534,40,57,2.85,4,1,10,0.1054761904761904,16,26,47,0.0548142921290654,-0.0356530682207747
535,40,64,3.2,4,1,8,0.1255952380952381,16,25,50,0.1722428748451053,-0.0266906375328446
536,40,52,2.6,3,1,11,0.0533333333333333,15,28,47,0.3014018691588785,-0.0158730158730158
537,40,69,3.45,5,1,12,0.2208928571428571,15,26,58,0.2122139629791574,-0.0752413071287358
538,40,55,2.75,4,1,10,0.1745238095238095,15,25,45,0.073307715045817,-0.0080645161290322
539,40,50,2.5,3,1,12,0.1802380952380952,17,25,44,0.138613861386138,-0.0663764961915125
540,40,55,2.75,4,1,12,0.1786904761904762,15,24,46,0.2620630231413094,-0.0724797645327446
541,40,44,2.2,3,1,15,0.0416666666666666,17,29,39,0.2870370370370363,-0.0411267605633803
542,40,48,2.4,3,1,17,0.1241666666666666,18,28,42,0.2274040445728442,-0.0605187319884726
543,40,80,4.0,5,1,7,0.2844001831501831,17,27,60,0.0148461041015972,-0.0796959084308533
544,40,70,3.5,6,1,13,0.3238690476190476,16,29,54,0.5122312824314299,-0.0768030319919741
545,40,53,2.65,3,1,13,0.1083333333333333,16,26,49,-0.3776758409785919,-0.0321324245374878
546,40,54,2.7,3,1,14,0.1019642857142857,16,29,45,0.2882845188284517,-0.0406629408363846
547,40,60,3.0,4,1,9,0.1769047619047619,16,28,51,0.1407089151450053,-0.013727560718057
548,40,52,2.6,3,1,11,0.1258333333333333,18,28,41,0.235190932397787,0.0087028595109821
549,40,51,2.55,3,1,17,0.0893055555555555,17,28,44,0.0423925667828108,-0.0634042553191489
550,40,52,2.6,3,1,11,0.1829365079365079,15,25,41,-0.2159433126660764,-0.0209727800089246
551,40,49,2.45,3,1,9,0.1225,15,23,42,-0.1631684157921042,0.0319849482596425
552,40,59,2.95,5,1,13,0.1347619047619047,18,27,48,0.3593484899898204,-0.0314017481385561
553,40,52,2.6,4,1,14,0.1001190476190476,15,26,41,0.2451499118165786,-0.034090909090909
554,40,48,2.4,2,1,11,0.185,16,26,42,-0.2740252608456904,-0.0284879474068663
555,40,51,2.55,3,1,18,0.1675,15,24,44,0.2506678539625991,-0.0995561192136969
556,40,54,2.7,4,1,11,0.1691666666666667,15,25,44,-0.0574594176758581,0.0037650602409638
557,40,70,3.5,5,1,8,0.1470833333333333,17,29,58,0.1592920353982298,-0.0015898251192368
558,40,71,3.55,4,1,8,0.2059199134199134,16,27,57,0.1543260802309993,-0.0150787445548977
559,40,46,2.3,3,1,22,0.045,14,23,40,0.1621129326047359,0.0358920618286612
560,40,44,2.2,3,1,15,0.0316666666666666,16,27,40,-0.2690564482900699,-0.0639929224417576
561,40,45,2.25,3,1,15,0.0841666666666666,16,27,38,0.188481675392668,0.0259185417260039
562,40,52,2.6,3,1,14,0.1391666666666666,16,25,45,-0.0082508250825092,-0.0224719101123595
563,40,65,3.25,4,1,9,0.2461255411255412,15,25,53,-0.0019956038870893,-0.0080168221842555
564,40,51,2.55,3,1,15,0.144345238095238,14,27,44,0.1151327128576352,-0.0366292610628837
565,40,61,3.05,5,1,11,0.2484523809523809,16,26,49,0.1510265950117129,-0.0856711915535445
566,40,56,2.8,4,1,11,0.2444444444444444,14,24,45,-0.0066793106291742,-0.0244503078276165
567,40,53,2.65,4,1,13,0.0716666666666666,15,26,44,-0.0290393381732227,-0.0606363818290974
568,40,63,3.15,5,1,7,0.0741666666666666,17,28,47,0.114523685580427,-0.0272212242641978
569,40,52,2.6,3,1,21,0.1138095238095238,18,29,44,0.2530386740331492,-0.0076705692369802
570,40,59,2.95,5,1,9,0.1423214285714285,15,25,48,0.230873343781165,-0.0784030784030784
571,40,50,2.5,4,1,19,0.0889285714285714,16,28,40,0.2232688811766645,0.0336042169997803
572,40,50,2.5,3,1,15,0.075,15,24,45,0.058054594386773,-0.0451412052479431
573,40,51,2.55,3,1,13,0.2208333333333333,18,30,42,-0.1657142857142858,-0.029860365198711
574,40,55,2.75,4,1,9,0.085,16,28,48,0.0078843626806824,0.023849140321686
575,40,53,2.65,3,1,10,0.1202380952380952,16,25,43,-0.1609987745098035,-0.029126213592233
576,40,44,2.2,2,1,24,0.1649999999999999,18,28,39,-0.1358695652173922,-0.0152869916354196
577,40,46,2.3,2,1,16,0.0891666666666666,16,26,41,-0.2283609576427252,-0.0310138128746416
578,40,73,3.65,6,1,8,0.1903102453102453,16,28,55,0.1753803706739705,-0.0879513014273719
579,40,62,3.1,5,1,10,0.2484523809523809,15,24,50,-0.0384029774995777,-0.0523851331577407
580,40,51,2.55,4,1,12,0.0983333333333333,17,31,43,0.0397489539748944,-0.0283140283140283
581,40,57,2.85,3,1,9,0.1958333333333333,17,28,48,-0.2132228291580325,-0.0589427461577436
582,40,48,2.4,2,1,19,0.1599999999999999,16,25,41,-0.0208667736757621,-0.1000238720458343
583,40,51,2.55,3,1,14,0.1866666666666667,15,27,45,-0.0490976130409454,-0.0401529636711281
584,40,59,2.95,6,1,9,0.0283333333333333,15,27,50,-0.1378096846846841,-0.0440827934902828
585,40,48,2.4,3,1,16,0.085,15,27,44,0.076923076923077,-0.0329985652797704
586,40,53,2.65,4,1,11,0.0983333333333333,17,29,42,0.0544719314938168,-0.0231660231660231
587,40,50,2.5,3,1,16,0.1341666666666666,16,29,41,-0.1431540659911667,-0.0764745458623009
588,40,51,2.55,4,1,11,0.0416666666666666,14,26,47,0.0731766416282999,-0.059796437659033
589,40,56,2.8,3,1,15,0.1178571428571428,15,27,46,0.1085699434734581,-0.0021052631578947
590,40,50,2.5,4,1,9,0.1058333333333333,18,27,41,0.1443683883011831,-0.0821554770318021
591,40,56,2.8,4,1,11,0.195,16,27,50,0.0715818217281069,0.0114226375908618
592,40,59,2.95,4,1,16,0.1713095238095238,16,28,50,0.0029498525073747,-0.0208266581223966
593,40,55,2.75,3,1,12,0.0208333333333333,16,27,49,-0.170710940825882,-0.0503121557106132
594,40,65,3.25,3,1,9,0.2309541847041846,16,27,50,0.0099619871542795,-0.0019595035924232
595,40,53,2.65,3,1,16,0.1172619047619047,16,25,45,0.1633272616879179,-0.0493012422360248
596,40,46,2.3,3,1,13,0.0133333333333333,15,26,42,-0.0879848628192996,-0.0211667527103768
597,40,48,2.4,3,1,12,0.0875,17,29,41,0.0305113880532868,-0.0654073199527745
598,40,47,2.35,3,1,11,0.0583333333333333,18,29,42,-0.1325301204819284,-0.0209648901237686
599,40,60,3.0,3,1,8,0.2917424242424242,13,24,48,-0.3488474204171241,-0.0038729666924864
600,40,57,2.85,5,1,16,0.1991666666666666,17,30,51,0.560975609756097,0.0036974789915966
601,40,57,2.85,4,1,9,0.0805952380952381,17,28,48,0.1508146191105234,-0.0541095890410959
602,40,63,3.15,5,1,10,0.2404761904761904,17,28,48,0.2283755274261606,-0.0180014174344436
603,40,53,2.65,3,1,14,0.2685714285714285,16,26,44,-0.1397849462365587,0.0491419656786271
604,40,45,2.25,3,1,13,0.0691666666666666,16,27,42,-0.0755975541967761,-0.0652353426919901
605,40,55,2.75,3,1,8,0.1475,16,27,46,0.0264633718892392,-0.0790190735694822
606,40,50,2.5,3,1,11,0.0399999999999999,17,26,45,0.1419081011256677,-0.0582010582010581
607,40,47,2.35,3,1,11,0.0,14,25,42,-0.1848739495798328,-0.0077287459486412
608,40,56,2.8,3,1,9,0.0693452380952381,15,26,52,-0.175111834078894,-0.0061652281134402
609,40,50,2.5,3,1,11,0.1633333333333333,17,28,43,-0.1247443762781188,-0.0432514670723755
610,40,49,2.45,3,1,15,0.11,18,30,41,0.3174129353233839,-0.0231502496595551
611,40,47,2.35,3,1,10,0.1416666666666667,15,26,39,-0.2766783081102037,-0.0527625684420109
612,40,62,3.1,5,1,10,0.2486706349206349,16,24,48,0.0652890568465057,-0.0325915290739411
613,40,54,2.7,3,1,10,0.2393253968253968,15,24,43,0.0263052781740366,-0.0576271186440677
614,40,47,2.35,4,1,14,0.0441666666666666,14,23,42,-0.2423835125448034,-0.0919191919191919
615,40,54,2.7,4,1,11,0.0708333333333333,15,28,45,-0.2202089106800254,-0.0536585365853658
616,40,75,3.75,7,1,9,0.1878553391053391,16,29,59,0.2038821365744444,-0.0918748770411174
617,40,46,2.3,2,1,18,0.1,16,28,40,-0.0013192612137197,-0.0517017407118732
618,40,46,2.3,3,1,32,0.205,18,27,40,0.1761194029850747,-0.0661859387071851
619,40,57,2.85,4,1,10,0.1519696969696969,16,27,47,0.0122324159021407,-0.0670232324920608
620,40,51,2.55,3,1,13,0.1608333333333333,16,25,42,-0.1986915434940629,-0.0265524625267666
621,40,52,2.6,4,1,14,0.0953571428571428,17,28,42,0.2418820410868123,-0.0383048084759576
622,40,68,3.4,4,1,9,0.2781944444444444,13,24,57,-0.0671468999228193,-0.0126462593074104
623,40,60,3.0,4,1,6,0.1122619047619047,15,24,55,-0.0929454170957775,-0.0077760497667184
624,40,67,3.35,7,1,8,0.1703174603174603,16,26,55,0.012602197573296,-0.0529158993247391
625,40,53,2.65,4,1,11,0.0433333333333333,16,28,48,-0.0379875063312506,-0.0202317815753289
626,40,51,2.55,4,1,12,0.1066666666666666,15,28,45,0.1016260162601624,-0.0124604012671594
627,40,61,3.05,5,1,8,0.1108333333333333,17,28,49,0.2574516496018202,-0.0187891440501043
628,40,55,2.75,3,1,13,0.2765277777777777,17,26,45,0.046145618458247,-0.0563250230840258
629,40,43,2.15,2,1,31,0.1083333333333333,18,29,37,-0.1189591078066948,-0.048780487804878
630,40,50,2.5,3,1,12,0.1483333333333333,14,24,45,-0.233780046798554,-0.0158013544018058
631,40,56,2.8,4,1,7,0.1363888888888888,16,27,47,0.056125941136208,-0.0928733228785503
632,40,58,2.9,3,1,9,0.2209523809523809,16,25,47,-0.0530097087378641,-0.0326966655875687
633,40,51,2.55,3,1,11,0.09,18,31,41,-0.0945109368551383,-0.0184831102613129
634,40,45,2.25,3,1,15,0.0191666666666666,16,25,39,-0.0718925941966216,-0.0650887573964497
635,40,51,2.55,3,1,11,0.1124999999999999,15,26,44,0.0349344978165943,0.0371164986054494
636,40,84,4.2,6,1,7,0.254054834054834,16,29,62,0.1038961038961038,-0.0781029895132258
637,40,72,3.6,5,1,8,0.2327236652236652,17,25,52,0.1772603913726606,-0.0383480825958702
638,40,49,2.45,3,1,13,0.0441666666666666,16,25,43,-0.0014094432699084,-0.0233825198637911
639,40,58,2.9,4,1,9,0.0608333333333333,16,25,46,0.3046035516344295,0.0328592447278077
640,40,47,2.35,2,1,16,0.0716666666666666,15,25,42,0.0336236090953071,-0.1159383682748168
641,40,59,2.95,4,1,10,0.2210714285714285,14,26,49,-0.0103460577952193,-0.0454042081949058
642,40,64,3.2,6,1,16,0.2916071428571428,18,29,48,0.5827450980392157,-0.0644853442399454
643,40,54,2.7,3,1,10,0.1520238095238095,16,27,47,-0.0149253731343273,-0.0370928262097533
644,40,50,2.5,3,1,16,0.2033333333333333,17,28,42,-0.0443864229765014,-0.0053619302949061
645,40,48,2.4,3,1,19,0.0958333333333333,18,27,42,-0.1486761710794278,-0.0691943127962085
646,40,55,2.75,4,1,10,0.1560714285714285,14,25,46,-0.28026070763501,-0.0163043478260869
647,40,51,2.55,3,1,19,0.1116666666666666,16,25,42,0.3482912332838045,-0.0335655478150728
648,40,66,3.3,4,1,9,0.1911309523809524,15,26,56,-0.0837199028053894,-0.0520632472040108
649,40,57,2.85,3,1,13,0.1807142857142857,16,27,47,0.1890652557319218,-0.0716116903093488
650,40,69,3.45,5,1,13,0.2809523809523809,16,27,52,0.2269894779854937,-0.0193457615195216
651,40,85,4.25,5,1,5,0.3984794372294372,16,30,66,0.080551031487513,-0.0609635436486795
652,40,59,2.95,4,1,9,0.1423809523809524,15,27,47,0.1604217854217858,-0.0153316645807259
653,40,48,2.4,3,1,15,0.0791666666666666,16,27,41,-0.2132293627319185,-0.0052356020942408
654,40,55,2.75,4,1,10,0.0749999999999999,18,29,46,0.131682813060639,-0.0489638730973776
655,40,55,2.75,5,1,17,0.2666666666666666,17,30,42,0.5484820322180912,-0.0428441203281677
656,40,61,3.05,5,1,10,0.1112499999999999,16,29,50,0.1490892936472675,-0.0611823676839156
657,40,99,4.95,8,1,7,0.2383026695526696,17,29,77,0.1738490375480365,-0.0136907501150482
658,40,49,2.45,3,1,10,0.0399999999999999,15,24,44,-0.2043010752688168,-0.0059306569343065
659,40,45,2.25,2,1,13,0.0958333333333333,17,31,39,-0.1206896551724136,-0.0027855153203342
660,40,55,2.75,4,1,9,0.1841666666666666,17,29,44,-0.0072402044293027,-0.0390554041780199
661,40,50,2.5,3,1,17,0.0875,17,29,44,0.0376202974628164,-0.0512483574244415
662,40,50,2.5,3,1,13,0.0716666666666666,16,26,46,0.109083007388092,-0.0161254694057875
663,40,52,2.6,3,1,13,0.1491666666666667,16,27,43,0.2833590932509012,-0.0676328502415458
664,40,50,2.5,4,1,12,0.0258333333333333,18,31,44,0.5488487865588051,0.0046449900464499
665,40,49,2.45,3,1,14,0.1366666666666666,19,32,40,0.1907866145154277,-0.0327605956471935
666,40,56,2.8,4,1,11,0.045,17,28,49,0.2679738562091505,0.0305599717364423
667,40,47,2.35,2,1,16,0.1041666666666666,18,30,42,0.1105006105006111,0.0027784794139934
668,40,49,2.45,3,1,13,0.1423809523809523,14,26,42,-0.2478632478632477,-0.0287539936102236
669,40,56,2.8,5,1,12,0.1603571428571428,15,26,46,0.2354634427173296,-0.0480225988700565
670,40,60,3.0,5,1,8,0.1367857142857143,14,25,48,0.161305694543722,-0.0553926863138404
671,40,56,2.8,4,1,8,0.1170833333333333,16,28,47,0.1603476267787229,0.0060347887823926
672,40,55,2.75,4,1,8,0.1283928571428571,17,26,49,-0.1081719945970282,-0.0434148121123677
673,40,45,2.25,2,1,15,0.0791666666666666,16,25,41,-0.1298421807747495,-0.0341997264021887
674,40,56,2.8,3,1,14,0.2108333333333333,15,24,45,0.0079910589550154,-0.0237300052733345
675,40,49,2.45,3,1,19,0.1416666666666666,16,29,41,-0.0009965122072735,-0.0486159571993486
676,40,51,2.55,3,1,17,0.1375,13,24,43,-0.2102461743180302,0.0861774744027303
677,40,44,2.2,2,1,20,0.0583333333333333,17,25,40,0.0684039087947896,-0.0183460344340954
678,40,58,2.9,4,1,12,0.1738095238095238,17,26,49,0.0490126939351192,-0.0061718098415345
679,40,50,2.5,3,1,11,0.1091666666666666,16,28,44,0.1582491582491572,-0.0430537061695517
680,40,58,2.9,4,1,11,0.1421428571428571,17,28,50,0.2837941208611083,-0.0288663118851798
681,40,50,2.5,4,1,10,0.0208333333333333,17,29,43,0.0990990990990987,-0.045838896306186
682,40,64,3.2,4,1,9,0.2549404761904763,16,29,49,0.2246814218645204,-0.0780748663101604
683,40,50,2.5,3,1,11,0.1475,17,26,43,0.0414347557204696,-0.0902747492368076
684,40,50,2.5,4,1,18,0.0925,16,28,46,0.3687834736036721,-0.0561056105610561
685,40,49,2.45,3,1,14,0.0966666666666666,15,24,43,-0.1405172413793123,0.0064516129032257
686,40,57,2.85,3,1,12,0.1917857142857142,18,25,50,0.1646610270463486,-0.0679611650485436
687,40,46,2.3,3,1,13,0.0716666666666666,16,26,39,-0.0121722846441941,-0.044106267732783
688,40,47,2.35,3,1,18,0.0699999999999999,16,27,42,-0.1155322862129135,-0.0484157160963244
689,40,64,3.2,4,1,9,0.2089285714285714,15,28,52,0.0272727272727272,-0.0160096865330283
690,40,53,2.65,4,1,17,0.1466666666666666,15,26,44,0.2998424433402007,-0.0850393700787401
691,40,61,3.05,4,1,11,0.2951190476190476,15,27,49,-0.1369175627240147,-0.014821536600121
692,40,48,2.4,3,1,16,0.0716666666666666,16,27,40,0.4734532689776212,-0.051178290883123
693,40,59,2.95,3,1,10,0.1585714285714285,17,29,49,0.1961667243967214,-0.0403022670025188
694,40,63,3.15,4,1,11,0.2545833333333333,15,27,49,0.0886958767879629,-0.0363864491844416
695,40,54,2.7,4,1,11,0.0985714285714285,16,29,45,0.0162481536189063,-0.0314606741573033
696,40,81,4.05,7,1,8,0.3626082251082251,18,32,62,0.002994011976048,-0.0267027209734662
697,40,52,2.6,3,2,10,0.0991666666666666,17,26,39,0.1852967761373911,-0.005140859551717
698,40,54,2.7,5,1,11,0.080297619047619,16,27,48,0.1757808551501063,-0.0272018261365798
699,40,63,3.15,4,1,10,0.1571428571428571,16,26,51,0.1737536656891501,-0.0393181193291174
700,40,53,2.65,3,1,23,0.2242857142857142,16,27,46,0.0007541478129725,-0.0616987179487179
701,40,53,2.65,3,1,16,0.1775,17,29,45,0.2321428571428583,-0.034954110525288
702,40,51,2.55,3,1,12,0.1549999999999999,17,29,42,0.1466666666666673,-0.0027190964233424
703,40,49,2.45,4,1,10,0.0583333333333333,16,27,45,-0.0234335201222618,-0.0169811320754717
704,40,58,2.9,4,1,10,0.2172619047619047,17,28,48,0.0868549905838042,-0.0693837942746239
705,40,52,2.6,3,1,13,0.1308333333333333,18,27,44,0.4017932667907285,-0.0148404147184386
706,40,52,2.6,3,1,10,0.0,14,23,48,-0.3271832718327188,0.0137207425343018
707,40,48,2.4,2,1,12,0.1033333333333333,16,24,41,-0.1192825112107617,0.0253807106598984
708,40,52,2.6,2,1,15,0.1738095238095238,15,24,43,-0.0634586466165422,0.0085192697768762
709,40,53,2.65,4,1,11,0.08,16,26,47,0.2323476161738083,0.0414782779634362
710,40,59,2.95,4,1,12,0.2297222222222222,17,26,46,0.194233687405159,-0.0025173064820642
711,40,48,2.4,3,1,11,0.1175,15,23,40,0.0347567030784501,0.0267921795800144
712,40,54,2.7,4,1,13,0.1533333333333333,17,27,44,0.1333333333333326,-0.0145705521472392
713,40,48,2.4,3,1,9,0.0416666666666666,14,25,41,-0.3099415204678354,0.0138557095078834
714,40,54,2.7,3,1,9,0.2458928571428571,15,24,43,-0.2854704097116841,-0.0574006527164522
715,40,77,3.85,6,1,7,0.1970436507936507,17,28,61,0.1447501637782141,-0.0269559500328731
716,40,91,4.55,9,1,11,0.3788064019314018,15,28,64,0.3392949916874473,-0.0108337904552934
717,40,55,2.75,3,1,8,0.2173593073593073,14,25,46,-0.304025685354409,-0.0422740524781341
718,40,49,2.45,3,1,13,0.1185714285714285,17,29,44,0.0363576268385389,-0.0598251265531523
719,40,47,2.35,3,1,23,0.0958333333333333,17,29,40,0.2192691029900321,-0.0104999999999999
720,40,63,3.15,5,1,10,0.2185714285714285,17,30,50,0.2127460168697286,-0.0555710695336498
721,40,57,2.85,4,1,11,0.0661904761904762,15,29,50,0.0415790916567671,-0.0071355759429154
722,40,55,2.75,3,1,11,0.2682142857142857,14,24,46,-0.1317046855733667,-0.047427211133492
723,40,55,2.75,4,1,11,0.1158333333333333,15,27,46,0.1514091750668577,-0.0727681920480119
724,40,53,2.65,4,1,10,0.055,15,24,46,-0.2959870495015753,-0.0141518835957743
725,40,75,3.75,6,1,9,0.1916666666666666,17,30,63,0.2263157894736838,-0.0235825388861013
726,40,54,2.7,4,1,17,0.0725,16,29,49,0.2285714285714283,-0.0715512306811677
727,40,64,3.2,5,1,11,0.2305357142857143,17,28,49,0.2884922848113032,-0.0759172781854569
728,40,52,2.6,3,1,13,0.1216666666666666,18,28,47,0.0793550426809993,-0.0436207249641613
729,40,54,2.7,4,1,10,0.088015873015873,15,25,44,0.0123339658444019,-0.0034129692832764
730,40,59,2.95,4,1,13,0.1889285714285714,17,24,50,0.1528459847528177,-0.0492979719188767
731,40,52,2.6,4,1,12,0.1379166666666666,15,24,42,0.0086580086580084,0.0134048257372654
732,40,51,2.55,4,1,13,0.0541666666666666,15,27,44,-0.0555363918592617,-0.0450373532550693
733,40,64,3.2,4,1,8,0.179047619047619,16,29,53,0.2960547981294869,-0.0474912798497451
734,40,49,2.45,3,1,21,0.1175,16,24,43,0.0871977804201348,-0.0196531791907514
735,40,47,2.35,3,1,23,0.075,16,26,43,-0.3123909249563702,-0.0009905894006934
736,40,58,2.9,4,1,9,0.1652380952380952,15,26,46,0.0463378176382658,-0.0737252354660604
737,40,51,2.55,3,1,10,0.1495238095238095,16,29,44,-0.0207631874298546,-0.0967741935483871
738,40,43,2.15,2,1,29,0.0625,17,27,36,-0.0602739726027387,-0.1015787905868334
739,40,54,2.7,3,1,14,0.1911309523809523,17,26,46,0.0085397096498707,-0.0785481083157288
740,40,57,2.85,5,1,7,0.135,17,27,46,0.1200278164116818,-0.0654205607476635
741,40,54,2.7,4,1,9,0.166547619047619,13,22,45,-0.0175438596491227,-0.0364683301343569
742,40,51,2.55,3,1,9,0.0316666666666666,17,31,44,-0.0617543859649136,-0.0247969217614365
743,40,51,2.55,3,1,11,0.1325,17,28,41,0.2876671619613679,-0.0355329949238578
744,40,47,2.35,3,1,14,0.0791666666666666,16,26,41,-0.3362745098039199,-0.0363317464294663
745,40,47,2.35,4,1,14,0.0141666666666666,17,28,43,0.0956187092954398,-0.0119892341570834
746,40,50,2.5,3,1,23,0.1433333333333333,16,28,40,0.1816056118472321,0.0202482037883736
747,40,51,2.55,3,1,13,0.1258333333333333,16,27,43,0.0743691899070391,0.0086625818719628
748,40,73,3.65,6,1,7,0.268234126984127,16,25,56,-0.0121043693067775,-0.0447227191413237
749,40,71,3.55,6,1,10,0.2455952380952381,19,29,58,0.6113511956208586,-0.0288742294798312
750,40,56,2.8,3,1,13,0.203095238095238,16,29,44,0.0333333333333336,-0.0469135802469136
751,40,51,2.55,3,1,12,0.1258333333333333,15,25,41,-0.2890708437166264,-0.0472727272727272
752,40,63,3.15,5,1,9,0.1346428571428571,15,26,51,0.075025693730729,-0.014859047354534
753,40,52,2.6,3,1,14,0.16,16,26,46,0.1010638297872345,-0.0333264334506313
754,40,58,2.9,4,1,9,0.0428571428571428,17,29,54,-0.1426433915211973,-0.0278962914341975
755,40,79,3.95,8,1,9,0.1724404761904762,17,29,62,0.356034709439915,-0.0396560800140375
756,40,55,2.75,4,1,11,0.1305952380952381,18,26,48,0.0426457789382066,-0.0508910527282748
757,40,58,2.9,3,1,10,0.1136904761904761,15,28,48,0.2060518731988476,-0.0034274522604863
758,40,57,2.85,3,1,13,0.2592857142857143,15,27,44,0.2172602433850619,-0.0076491585925548
759,40,57,2.85,3,1,19,0.1759523809523809,15,26,48,0.0228141896347081,-0.0892339191264289
760,40,49,2.45,3,1,12,0.0566666666666666,17,28,44,-0.024325351577347,-0.0377532228360957
761,40,44,2.2,3,1,17,0.0416666666666666,16,31,41,-0.1664212076583228,-0.0109132682366456
762,40,57,2.85,3,1,11,0.1860119047619047,16,26,49,0.2203717113202992,0.0180712717446377
763,40,69,3.45,5,1,8,0.0919047619047619,16,32,55,0.1462441127165321,-0.0562028786840301
764,40,58,2.9,5,1,18,0.191547619047619,15,28,48,0.5505307855626329,0.0372660699755899
765,40,61,3.05,4,1,11,0.1995238095238095,15,28,47,0.2581903984027591,-0.0853437876960192
766,40,68,3.4,4,1,10,0.2677380952380953,16,29,57,0.2372657693322774,-0.0498130502955011
767,40,95,4.75,6,1,8,0.3203481240981241,17,28,69,0.067287963335826,0.0010393103869903
768,40,58,2.9,4,1,12,0.2274999999999999,17,29,51,0.3779118485000832,-0.0457302081625962
769,40,46,2.3,2,1,14,0.0658333333333333,14,21,39,-0.2097591888466407,-0.0099320439100888
770,40,51,2.55,3,1,13,0.1122619047619047,16,27,42,0.1046867450475113,-0.0493386521100146
771,40,57,2.85,5,1,23,0.1571428571428571,16,25,46,0.3181735381626082,-0.0433898305084745
772,40,51,2.55,4,1,11,0.1224999999999999,16,28,44,0.2153846153846156,-0.0075662042875157
773,40,55,2.75,3,1,15,0.2274999999999999,17,29,45,0.0559143439836841,0.0411721068249258
774,40,50,2.5,3,1,12,0.1126785714285714,15,25,45,-0.1948224361101892,-0.0783450704225351
775,40,49,2.45,3,1,13,0.1474999999999999,16,26,40,0.0516129032258061,-0.0079999999999999
776,40,59,2.95,4,1,8,0.14625,15,26,49,-0.1460237659963438,-0.0645773979107312
777,40,72,3.6,6,1,7,0.1606601731601731,16,27,59,0.1659057923208866,-0.0591671173607355
778,40,52,2.6,3,1,12,0.1249999999999999,15,25,44,-0.0128514056224904,-0.0372481172399755
779,40,52,2.6,4,1,10,0.0825,16,30,48,0.2191780821917807,-0.0265268352868599
780,40,51,2.55,3,1,15,0.1033333333333333,17,29,45,0.2606594656054581,-0.0853420195439739
781,40,75,3.75,5,1,9,0.3116071428571428,16,26,59,0.1431558532076733,-0.0214007782101167
782,40,85,4.25,7,1,7,0.2865025252525252,16,26,62,0.1027308192457727,-0.0702495201535508
783,40,50,2.5,3,1,11,0.1758333333333333,16,28,39,-0.0101010101010106,-0.0414358519831597
784,40,50,2.5,3,1,11,0.1133333333333333,16,26,43,-0.1437447048856229,-0.0475774770842426
785,40,52,2.6,4,1,11,0.0141666666666666,16,28,46,0.1243523316062187,0.04
786,40,61,3.05,5,1,9,0.2316666666666666,15,27,49,0.007486524256339,-0.0057412041807743
787,40,54,2.7,4,1,11,0.1155952380952381,16,25,44,0.2504301938740394,-0.0768935762224353
788,40,54,2.7,5,1,9,0.1123809523809523,15,26,46,0.0409207161125323,0.0123833111068775
789,40,47,2.35,2,1,18,0.1708333333333333,17,27,38,-0.0903540903540911,-0.0538116591928251
790,40,62,3.1,4,1,12,0.2411309523809524,17,31,48,0.3339699212222483,-0.0033232191879786
791,40,60,3.0,4,1,10,0.1397222222222222,16,29,49,0.1049208144796384,-0.0396716826265389
792,40,46,2.3,3,1,16,0.0805555555555555,17,27,39,-0.1589147286821711,0.0217969165337586
793,40,43,2.15,2,1,18,0.0833333333333333,17,28,36,-0.1476868327402179,-0.0441220017767249
794,40,48,2.4,3,1,14,0.1125,16,28,41,0.0910834132310638,-0.0232117479867361
795,40,55,2.75,4,1,8,0.0976785714285714,16,28,44,0.0904806786050895,-0.0548217839696037
796,40,65,3.25,5,1,8,0.1619047619047619,15,27,54,0.0118488710038003,-0.0288880094974278
797,40,46,2.3,3,1,22,0.0999999999999999,18,29,38,0.2444444444444436,-0.0182754182754182
798,40,47,2.35,3,1,18,0.1424999999999999,16,28,41,0.3462493790362637,-0.0525006220452849
799,40,60,3.0,5,1,13,0.1729761904761904,16,27,51,0.2696421984507561,-0.0267379679144384
800,40,50,2.5,3,1,22,0.19,16,28,41,-0.0864841373315952,-0.0378378378378378
801,40,48,2.4,3,1,10,0.0991666666666666,16,28,44,-0.1925857762587096,0.0133843212237093
802,40,55,2.75,5,1,13,0.0886904761904761,17,28,51,0.1962421711899786,0.0016336903249228
803,40,47,2.35,3,1,13,0.0516666666666666,15,25,39,-0.252244425137563,-0.0793809286070894
804,40,67,3.35,5,1,12,0.2395833333333333,15,26,52,0.2940923506961244,0.0237730061349693
805,40,52,2.6,4,1,14,0.1883333333333333,14,25,42,0.0043557168784027,-0.0136040609137055
806,40,52,2.6,4,1,11,0.0691666666666666,16,27,47,0.1364734299516903,-0.0429799426934097
807,40,52,2.6,3,1,10,0.196845238095238,16,25,42,0.1556435643564361,-0.015371832156211
808,40,50,2.5,4,1,10,0.0316666666666666,16,26,42,-0.0966497951313581,-0.0266491917868064
809,40,52,2.6,3,1,11,0.1749603174603174,16,24,40,-0.0356873586328223,-0.0737463126843658
810,40,61,3.05,4,1,11,0.1638293650793651,15,24,49,-0.0126232059484694,-0.0413046791647614
811,40,50,2.5,3,1,12,0.1533333333333333,15,26,44,-0.0566356720202869,0.0
812,40,51,2.55,3,1,15,0.1458333333333333,14,26,43,0.1871584699453553,-0.010539629005059
813,40,46,2.3,3,1,28,0.1391666666666666,16,25,41,0.1277037037037048,-0.061909758656873
814,40,62,3.1,4,1,11,0.1546428571428571,18,29,51,0.306739196131762,-0.0372079607730026
815,40,72,3.6,7,1,7,0.1792261904761905,15,26,58,0.1930815390045896,-0.0505392260520194
816,40,51,2.55,3,1,10,0.1233333333333333,18,30,44,0.1319148936170221,-0.0212765957446808
817,40,83,4.15,6,1,7,0.1798346098346098,17,28,64,0.2823970130369524,-0.0024632499006754
818,40,61,3.05,4,1,10,0.2397222222222221,16,28,50,-0.0279148936170212,-0.0809214412285883
819,40,41,2.05,2,1,25,0.0416666666666666,17,27,35,-0.4236111111111134,-0.0519736842105263
820,40,53,2.65,3,1,19,0.130595238095238,17,27,46,0.1629704301075275,0.0574985180794309
821,40,51,2.55,3,1,19,0.0841666666666666,15,26,44,0.3195347245980154,-0.048238255033557
822,40,48,2.4,3,1,16,0.1441666666666667,19,30,42,0.1987860394537179,-0.0807185628742515
823,40,45,2.25,3,1,22,0.0566666666666666,15,27,40,-0.2579695929377132,-0.0467946984041114
824,40,57,2.85,4,1,13,0.1909523809523809,15,27,46,0.4119639695126638,-0.0230274297324754
825,40,59,2.95,4,1,9,0.1495238095238095,17,28,48,0.3358137759969476,-0.0990846314437128
826,40,45,2.25,3,1,12,0.0,15,27,41,-0.0958904109589036,-0.0617283950617284
827,40,52,2.6,4,1,9,0.0822619047619047,16,27,43,-0.0447886144830482,-0.0352550808793032
828,40,58,2.9,4,1,8,0.1282142857142857,15,26,48,0.0408560311284053,-0.0459016393442622
829,40,51,2.55,3,1,22,0.1016666666666666,17,27,44,0.2379173476535139,-0.0656716417910448
830,40,58,2.9,3,1,10,0.120297619047619,17,28,52,0.0309278350515465,-0.0270536153467781
831,40,53,2.65,5,1,8,0.0511904761904761,18,29,45,-0.0663637838714906,-0.0659694288012871
832,40,67,3.35,5,1,7,0.1409325396825396,17,27,55,0.1264075861485061,-0.0381210034431874
833,40,49,2.45,3,1,19,0.1691666666666666,14,26,43,-0.0678330263965627,0.0387773722627737
834,40,55,2.75,4,1,9,0.0958333333333333,17,28,47,-0.1006072315760426,0.0317256556024206
835,40,63,3.15,4,1,7,0.2403571428571429,16,26,50,0.0349981433345711,0.0318524727577535
836,40,73,3.65,5,1,8,0.1539195526695526,17,30,58,0.2929131927415398,0.0087737622728222
837,40,54,2.7,4,1,8,0.1025,15,23,46,-0.0235381565906833,-0.021180030257186
838,40,43,2.15,2,1,19,0.0566666666666666,15,25,39,-0.2935933147632313,-0.0654867256637168
839,40,54,2.7,4,1,8,0.0577380952380952,16,25,45,-0.0840193977669995,-0.0367024280067758
840,40,54,2.7,4,1,8,0.1558333333333333,16,28,47,-0.0276816608996532,-0.0653266331658291
841,40,53,2.65,4,1,11,0.1825,14,27,45,-0.0023974427277566,-0.0289223454833597
842,40,55,2.75,3,1,12,0.2058333333333333,16,29,45,0.1499782324771434,-0.0276532137518684
843,40,72,3.6,6,1,8,0.2244047619047618,16,29,54,0.0191407587807746,-0.0146258140279705
844,40,52,2.6,3,1,15,0.1609523809523809,17,26,43,0.0248476324425695,-0.0824313072439633
845,40,53,2.65,3,1,17,0.3033333333333333,17,26,42,0.1831792162043154,-0.0683794466403162
846,40,49,2.45,3,1,17,0.1216666666666666,17,26,39,0.0954238169526782,-0.0465803226539423
847,40,50,2.5,3,1,12,0.1791666666666667,14,25,43,-0.1050969778980618,-0.0802469135802469
848,40,65,3.25,5,1,9,0.2009523809523809,15,27,49,0.1385242767936791,-0.0581395348837209
849,40,70,3.5,5,1,8,0.3186904761904762,16,26,53,0.1296918272346939,-0.0101010101010101
850,40,62,3.1,4,1,8,0.2813690476190477,17,29,50,0.0561210701738573,-0.0102915951972555
851,40,50,2.5,3,1,11,0.0916666666666666,15,25,42,0.0148578811369505,-0.0684692542520715
852,40,64,3.2,4,1,12,0.2070238095238095,17,29,52,0.1876699909338168,-0.0574214517876489
853,40,64,3.2,4,1,15,0.2584722222222222,16,28,54,0.0034210215878258,-0.0375574169143474
854,40,68,3.4,6,1,8,0.1117424242424242,16,24,56,0.1342153900313903,-0.0041681552935572
855,40,65,3.25,4,1,11,0.161765873015873,17,28,53,-0.0536768652710675,-0.0497749536669314
856,40,69,3.45,4,1,7,0.2398015873015872,18,31,54,0.1137325151503599,-0.0097176174688464
857,40,66,3.3,4,1,10,0.0847619047619047,16,28,58,0.118063197610439,-0.0265930757651781
858,40,47,2.35,3,1,20,0.0833333333333333,19,28,38,0.3113553113553123,0.0377028714107365
859,40,74,3.7,6,1,8,0.1559307359307359,16,30,57,0.2116060296951147,-0.022660298750127
860,40,52,2.6,3,1,16,0.1666666666666666,16,28,44,0.0273381294964036,-0.0368260427263479
861,40,56,2.8,4,1,11,0.0998809523809523,17,27,48,0.31444561035327,0.0229659960833184
862,40,46,2.3,3,1,17,0.0583333333333333,18,27,40,0.2824302134646964,0.0205141521682679
863,40,41,2.05,2,1,25,0.0,18,28,35,0.1263318112633169,-0.0652809353686261
864,40,58,2.9,3,1,10,0.276904761904762,16,28,46,-0.1469561845676625,0.0538657604078164
865,40,62,3.1,4,1,9,0.2212499999999999,17,31,48,0.1644676497565786,-0.0246448245868367
866,40,57,2.85,4,1,14,0.1858333333333333,15,27,47,0.0721035495910424,-0.0137750653879686
867,40,48,2.4,3,1,12,0.0358333333333333,15,24,42,-0.3140495867768594,-0.0424929178470255
868,40,52,2.6,3,1,10,0.1594047619047618,15,24,43,-0.103884372177055,-0.0206501737885912
869,40,50,2.5,3,1,14,0.1808333333333333,17,26,44,0.1064960154552037,-0.0082903876316379
870,40,55,2.75,3,1,8,0.1606944444444444,16,25,44,-0.0576348525177904,-0.012891344383057
871,40,49,2.45,4,1,9,0.0525,16,27,41,-0.2289012738853499,-0.0525332710716787
872,40,46,2.3,3,1,12,0.0125,15,27,41,-0.116763005780348,-0.08009392121054
873,40,52,2.6,3,1,13,0.16,17,27,45,0.4377637130801676,-0.0125760649087221
874,40,52,2.6,3,1,13,0.2453571428571428,15,25,43,-0.2960960960960966,-0.0584164461632404
875,40,53,2.65,3,1,15,0.26,14,25,45,0.0586652314316471,0.0412060301507537
876,40,56,2.8,3,1,20,0.215,16,28,47,0.0672424429364591,-0.0972568578553616
877,40,74,3.7,6,1,9,0.236794733044733,16,27,58,0.2480554652800343,-0.0416062926930242
878,40,51,2.55,3,1,12,0.1266666666666666,19,30,43,0.01149802890933,-0.0139593908629441
879,40,54,2.7,3,1,8,0.12,14,24,46,0.1800262812089356,-0.0106951871657753
880,40,51,2.55,3,1,11,0.0558333333333333,18,28,46,0.0872899926953972,-0.0615972812234494
881,40,59,2.95,5,1,12,0.1791666666666666,16,30,49,0.0894745968441136,-0.0582127123977344
882,40,48,2.4,2,1,15,0.0375,17,27,43,0.1365494685200328,0.0136200716845877
883,40,57,2.85,4,1,8,0.11,16,24,48,0.0777684499732885,-0.0721003134796238
884,40,47,2.35,3,1,12,0.0616666666666666,15,26,43,0.2149964463397305,-0.0744221488442976
885,40,50,2.5,3,1,9,0.1285714285714286,14,24,43,-0.0432968179447051,-0.0031208203299152
886,40,49,2.45,3,1,16,0.0525,16,29,41,0.2316464718460446,-0.0275814907681787
887,40,55,2.75,4,1,9,0.0479166666666666,17,31,46,0.0901677539608572,0.0082644628099173
888,40,53,2.65,3,1,9,0.2051190476190476,16,25,43,0.0791660371657353,-0.0554470909800858
889,40,54,2.7,3,1,9,0.234047619047619,16,28,43,-0.0063291139240513,0.0196671709531013
890,40,60,3.0,4,1,10,0.1549999999999999,18,30,49,0.2979929799297995,-0.0833970925784239
891,40,46,2.3,2,1,17,0.025,16,26,40,-0.3047558114736615,-0.0972258231786362
892,40,49,2.45,3,1,20,0.0661309523809523,15,26,41,0.25,-0.0091533180778032
893,40,62,3.1,4,1,8,0.1679960317460317,19,29,53,0.0060035475508248,-0.0440987583844726
894,40,69,3.45,6,1,12,0.3076334776334777,14,25,52,0.3691737288135597,-0.0508826583592938
895,40,61,3.05,4,1,9,0.1941666666666666,18,31,51,0.3093113094445188,-0.0349946977730647
896,40,52,2.6,3,1,12,0.17,16,26,43,-0.0346020761245679,-0.0468364831552999
897,40,50,2.5,4,1,14,0.0925,14,25,42,0.1349013246823453,-0.0901001112347052
898,40,61,3.05,5,1,9,0.134265873015873,16,26,50,0.2652797133187335,-0.0706529822995686
899,40,49,2.45,3,1,11,0.1499999999999999,15,27,43,-0.1499348109517604,0.0049638989169675
900,40,47,2.35,3,1,13,0.205,15,26,40,-0.1165158371040728,-0.0551259665752057
901,40,61,3.05,3,1,12,0.2625,17,30,49,0.1134202662320024,-0.0685593476291151
902,40,60,3.0,3,1,9,0.1586309523809523,15,26,51,0.0747460087082731,-0.0020482117535843
903,40,54,2.7,3,1,10,0.2225,16,28,46,-0.1952143569292133,-0.0347548374976517
904,40,59,2.95,4,1,9,0.2511904761904762,17,29,45,-0.0160140397060435,-0.0295050761421319
905,40,50,2.5,3,1,12,0.1041666666666666,17,26,44,-0.0720175920835627,-0.0450685826257348
906,40,57,2.85,5,1,12,0.0803571428571428,15,26,49,0.0994921948467174,-0.0392156862745098
907,40,73,3.65,5,1,9,0.2720238095238095,17,29,57,0.3792225096010657,-0.0148355638551716
908,40,54,2.7,4,1,12,0.2211904761904761,15,27,44,-0.1333333333333324,-0.0510948905109489
909,40,51,2.55,3,1,13,0.14,16,26,43,-0.2042674253200573,-0.0178343949044586
910,40,62,3.1,4,1,8,0.1786904761904761,17,30,50,0.2553921568627458,0.0167243367935409
911,40,48,2.4,3,1,15,0.0524999999999999,16,27,42,0.2176949941792782,-0.0437303696545059
912,40,55,2.75,4,1,9,0.0981150793650793,15,27,45,0.1051051051051047,-0.0683453237410072
913,40,53,2.65,4,1,10,0.0849999999999999,17,29,46,0.0302839116719246,-0.106605099377635
914,40,47,2.35,3,1,11,0.0566666666666666,17,27,41,-0.2283356258596983,-0.0874035989717223
915,40,51,2.55,4,1,17,0.0791666666666666,17,29,40,0.4047054532190405,-0.0672645739910314
916,40,55,2.75,4,1,9,0.1349999999999999,16,25,47,0.0693231441048038,-0.0917110825215953
917,40,59,2.95,5,1,10,0.1059523809523809,16,28,51,0.3479161869675343,-0.0616966580976863
918,40,54,2.7,3,1,10,0.2164285714285714,16,29,43,-0.1076254826254825,-0.0723117272386661
919,40,58,2.9,3,1,12,0.1996428571428571,16,26,46,0.3170106097703154,-0.0238640078457012
920,40,53,2.65,3,1,12,0.114047619047619,15,24,46,-0.1539240506329111,-0.0682170542635658
921,40,61,3.05,5,1,10,0.21,15,29,48,0.223060164236635,-0.0030450669914738
922,40,61,3.05,5,1,11,0.1821230158730158,17,29,47,0.1307508869888905,-0.08348134991119
923,40,49,2.45,3,1,13,0.015,16,29,45,0.1739130434782606,-0.0719106353269723
924,40,50,2.5,3,1,16,0.1549999999999999,17,30,45,-0.2564102564102573,-0.015228426395939
925,40,55,2.75,4,1,11,0.1125,17,28,48,0.165824064711829,-0.0428441203281677
926,40,69,3.45,6,1,8,0.185,18,32,58,0.2194461794711632,-0.0441361916771752
927,40,46,2.3,2,1,16,0.1549999999999999,17,28,40,0.1817026683608638,-0.0078247261345852
928,40,52,2.6,4,1,10,0.0558333333333333,15,26,44,0.1484245439469325,-0.079145473041709
929,40,63,3.15,5,1,9,0.0859523809523809,16,28,51,0.0702656383890319,0.0127835051546391
930,40,45,2.25,3,1,12,0.0,17,30,41,0.1095890410958913,0.0088105726872246
931,40,54,2.7,3,1,11,0.1645238095238095,14,24,45,0.057636072068673,-0.1003460207612456
932,40,51,2.55,4,1,24,0.075,17,26,47,0.1913675401893853,-0.0290037831021437
933,40,61,3.05,5,1,8,0.154781746031746,18,31,48,0.1016449927753694,-0.0134994807892004
934,40,47,2.35,3,1,21,0.0349999999999999,16,28,41,0.1514751210920304,-0.0332250811891081
935,40,58,2.9,4,1,13,0.1465277777777777,15,27,49,0.0390931550646708,0.041005291005291
936,40,64,3.2,5,1,13,0.2441468253968254,14,25,50,0.2087618340449229,-0.0417611741160773
937,40,55,2.75,3,1,11,0.0699999999999999,17,28,49,-0.1238825031928483,-0.0611576265016381
938,40,53,2.65,3,1,9,0.0808333333333333,14,25,45,-0.2240184757505774,-0.1091806515301085
939,40,51,2.55,3,1,12,0.1466666666666666,16,27,42,-0.0935672514619875,0.0057215511760966
940,40,68,3.4,4,1,8,0.1991071428571428,16,31,51,0.2187284035936421,-0.002020202020202
941,40,66,3.3,4,1,10,0.248095238095238,15,25,53,-0.0114048896456449,-0.0283990952500628
942,40,43,2.15,2,1,20,0.0625,15,26,39,-0.1895691609977324,-0.0321032103210321
943,40,62,3.1,5,1,15,0.2137103174603175,16,29,51,0.3302320773246491,-0.0126074498567335
944,40,51,2.55,3,1,15,0.0855555555555555,16,28,45,0.1206094334458538,-0.0356448476992871
945,40,73,3.65,5,1,9,0.1974999999999999,17,30,58,0.2398017810973862,-0.0546955624355005
946,40,54,2.7,4,1,14,0.1058333333333333,15,24,45,-0.0381288048702345,-0.0709073900841908
947,40,52,2.6,3,1,10,0.1708333333333333,17,29,43,0.0660080826223632,-0.0759362714669977
948,40,60,3.0,5,1,8,0.1208333333333333,17,28,49,0.0977443609022557,-0.0593154715812296
949,40,55,2.75,4,1,11,0.2104761904761904,16,28,43,0.2847189967487221,-0.0707600149756645
950,40,63,3.15,4,1,15,0.3307142857142857,16,26,48,0.2163015224656518,-0.0501508837476648
951,40,68,3.4,6,1,16,0.1534217171717171,17,29,50,0.3137863733144068,-0.0870913863039847
952,40,42,2.1,2,1,30,0.075,17,26,38,-0.0243902439024391,-0.0850661625708884
953,40,55,2.75,3,1,13,0.17375,18,30,47,0.0750265327781858,-0.0621242484969939
954,40,48,2.4,3,1,12,0.1358333333333333,15,25,41,-0.2298784018529248,-0.044218491369118
955,40,54,2.7,3,1,11,0.1141666666666666,16,28,46,0.0335776376342245,0.0151338766006984
956,40,49,2.45,3,1,13,0.1166666666666666,16,29,45,0.0760340632603415,-0.0050136736554239
957,40,53,2.65,3,1,12,0.1131944444444444,17,28,43,0.1736485907650133,-0.0402355250245338
958,40,44,2.2,2,1,29,0.1033333333333333,17,29,39,0.1573498964803318,-0.0532915360501567
959,40,50,2.5,4,1,14,0.0397619047619047,17,28,42,0.3222470653996648,-0.0354703679224498
960,40,50,2.5,3,1,12,0.0928571428571428,18,28,43,-0.0315789473684204,-0.1057054400707651
961,40,46,2.3,2,1,17,0.0966666666666666,15,25,40,0.2745194677180874,-0.0624671916010498
962,40,55,2.75,3,1,9,0.1175,16,27,44,0.0758980301274618,-0.0299247292087387
963,40,63,3.15,5,1,8,0.1216666666666666,17,30,54,0.1855828220858894,-0.0294407663051134
964,40,55,2.75,4,1,9,0.0641666666666666,16,28,46,0.2625853781937768,-0.0567337321007794
965,40,60,3.0,4,1,8,0.1365674603174603,16,28,44,0.1838630482383395,-0.0596833130328867
966,40,63,3.15,5,1,11,0.1417857142857142,16,29,53,0.4848848548495992,0.0263557334069269
967,40,46,2.3,3,1,12,0.0766666666666666,16,29,42,0.038395904436861,-0.0527958387516255
968,40,65,3.25,4,1,9,0.1829365079365079,16,29,50,0.053970223325062,-0.0872974385781494
969,40,68,3.4,5,1,17,0.218800505050505,19,29,54,0.3975106214906382,-0.0393013100436681
970,40,53,2.65,3,1,18,0.2058333333333333,17,28,43,0.2491666666666668,-0.0546234880998829
971,40,50,2.5,3,1,12,0.09,16,27,47,0.1411176342683192,-0.0015240583496625
972,40,56,2.8,4,1,10,0.0983333333333333,16,27,48,0.2543387193297429,-0.0344582593250444
973,40,58,2.9,4,1,11,0.2516666666666667,16,27,46,0.2995864350703068,-0.0691244239631336
974,40,55,2.75,4,1,10,0.2070833333333333,16,28,44,0.1776369250771977,-0.0679611650485437
975,40,64,3.2,5,1,8,0.1660714285714286,18,30,54,0.2626728110599078,-0.0477724100912506
976,40,46,2.3,3,1,13,0.0523809523809523,15,27,42,-0.0127840909090906,-0.0666666666666666
977,40,57,2.85,3,1,11,0.35,16,26,45,0.0950204474380563,0.0134057356185304
978,40,49,2.45,3,1,11,0.0549999999999999,14,26,44,0.1030955585464331,0.0040650406504064
979,40,53,2.65,3,1,10,0.1839285714285714,15,26,42,0.1437375083277818,-0.0305269298075053
980,40,50,2.5,3,1,14,0.1124999999999999,17,27,44,0.0720655579657742,-0.0327795240233497
981,40,46,2.3,3,1,12,0.025,17,29,38,0.0826210826210824,0.0157796202193099
982,40,49,2.45,3,1,14,0.1816666666666666,17,28,39,0.0900649953574749,-0.012396694214876
983,40,64,3.2,5,1,11,0.1852380952380952,16,28,52,0.4981219110378913,-0.0555998935887204
984,40,61,3.05,4,1,12,0.1492857142857143,17,31,51,0.2357773670158139,-0.0451994091580502
985,40,73,3.65,5,1,9,0.2340873015873016,17,28,59,0.1946517972239714,-0.0539861895794099
986,40,48,2.4,3,1,11,0.0708333333333333,19,29,42,-0.1157495256166977,0.0136200716845878
987,40,55,2.75,3,1,12,0.2182142857142857,18,29,46,0.2866225839267536,0.0446897050841324
988,40,74,3.7,5,1,9,0.21875,16,27,60,0.1151364470490733,-0.0344483275087368
989,40,54,2.7,4,1,9,0.1016071428571428,17,29,40,0.027764616696674,-0.0588235294117647
990,40,46,2.3,2,1,17,0.0708333333333333,18,29,41,-0.0418118466898949,-0.060796645702306
991,40,50,2.5,3,1,14,0.1116666666666666,17,28,42,0.1289651586063435,-0.073149364870784
992,40,47,2.35,3,1,10,0.0533333333333333,17,27,41,0.0511737089201888,0.1022870067856245
993,40,45,2.25,2,1,20,0.1025,14,25,40,-0.2173913043478255,-0.1018363939899833
994,40,50,2.5,3,1,12,0.0625,17,28,44,0.0524460114587917,-0.011433597185576
995,40,52,2.6,3,1,14,0.125,16,30,46,-0.0192854884603215,-0.0741190765492102
996,40,62,3.1,3,1,12,0.1717857142857142,19,32,49,0.0871258213677288,-0.0120973619005976
997,40,41,2.05,2,1,21,0.0,17,28,37,-0.1714285714285734,-0.0553410553410553
998,40,60,3.0,4,1,16,0.2353571428571428,18,28,48,0.4122023809523815,0.001386962552011
999,40,63,3.15,4,1,9,0.1178571428571428,17,29,54,0.3444108761329307,-0.070324467344381
1000,40,57,2.85,3,1,12,0.182797619047619,18,30,49,0.1313657407407405,-0.0706020459500251
1,30,36,2.4,2,1,12,0.1455555555555555,12,19,31,0.0138888888888883,-0.0588235294117646
2,30,33,2.2,3,1,12,0.0,12,20,31,-0.123978201634879,0.0274390243902439
3,30,36,2.4,3,1,10,0.1511111111111111,11,18,30,0.0073529411764695,0.0034602076124567
4,30,38,2.533333333333333,3,1,18,0.19,11,18,34,0.0541727672035134,-0.0811226451364859
5,30,41,2.7333333333333334,3,1,11,0.1311111111111111,13,22,37,0.0699730872741248,-0.0431871442919317
6,30,40,2.6666666666666665,3,1,10,0.0465079365079365,12,19,34,0.0825688073394497,-0.047787610619469
7,30,44,2.933333333333333,4,1,9,0.22,11,18,35,-0.015717092337918,-0.0409694171956145
8,30,43,2.8666666666666667,4,1,9,0.212063492063492,12,21,35,0.0519685039370075,-0.0957037037037036
9,30,36,2.4,2,1,11,0.0999999999999999,13,19,34,-0.1322580645161297,-0.0696095076400679
10,30,36,2.4,3,1,11,0.02,11,17,30,-0.1004366812227084,-0.0722021660649819
11,30,35,2.333333333333333,3,1,10,0.0222222222222222,13,20,30,0.0157154673283701,0.0013805798435342
12,30,37,2.466666666666667,3,1,19,0.1355555555555555,13,21,31,0.0796019900497511,-0.0816077953714981
13,30,37,2.466666666666667,2,1,11,0.0988888888888888,12,18,30,-0.3068432671081675,-0.0298812934916086
14,30,51,3.4,4,1,7,0.3107936507936508,11,19,39,-0.0414910858995143,-0.0390492359932088
15,30,39,2.6,4,1,10,0.1293650793650793,11,20,31,-0.1045941123996428,-0.005524861878453
16,30,31,2.066666666666667,2,1,23,0.0277777777777777,13,20,27,0.025157232704403,0.0817535545023696
17,30,42,2.8,3,1,10,0.1977777777777777,11,21,34,-0.0911270983213435,-0.058267716535433
18,30,40,2.6666666666666665,3,1,10,0.2144444444444444,11,19,34,-0.2791702679343127,-0.0143934201507882
19,30,61,4.066666666666666,7,1,14,0.3237566137566138,14,23,45,0.5880284947728742,-0.0891180544866862
20,30,38,2.533333333333333,3,1,18,0.1922222222222222,11,18,33,-0.2226512226512213,-0.0340136054421768
21,30,48,3.2,4,1,8,0.221031746031746,12,22,40,0.0231374924288311,-0.0244967256851806
22,30,57,3.8,6,1,7,0.183015873015873,13,24,44,0.3225384363755322,-0.0745665712842955
23,30,35,2.333333333333333,3,1,9,0.0,13,21,31,-0.0997876857749473,-0.0256410256410256
24,30,37,2.466666666666667,3,1,14,0.1266666666666666,10,17,32,0.1522094926350235,-0.0477346278317152
25,30,40,2.6666666666666665,3,1,7,0.1603174603174603,11,18,34,-0.00967209247464,-0.0220994475138121
26,30,42,2.8,4,1,16,0.1622222222222222,11,19,34,0.291828793774318,-0.0285714285714285
27,30,43,2.8666666666666667,3,1,10,0.1277777777777778,13,22,38,0.01426388181355,-0.0287081339712918
28,30,59,3.933333333333333,5,1,6,0.3088888888888887,13,20,43,0.1473988439306355,-0.1037085658024286
29,30,44,2.933333333333333,3,1,8,0.288095238095238,10,16,37,-0.2130518234165059,-0.0008529997156667
30,30,38,2.533333333333333,3,1,12,0.1255555555555555,12,20,31,-0.0006930006929997,-0.0156548300878197
31,30,34,2.2666666666666666,2,1,18,0.1755555555555555,9,16,28,-0.2446768771012327,-0.0039370078740157
32,30,36,2.4,3,1,10,0.0733333333333333,11,18,33,-0.479099678456592,-0.0765745355686451
33,30,31,2.066666666666667,2,1,19,0.0722222222222222,10,17,27,-0.3438423645320188,-0.0116550116550116
34,30,35,2.333333333333333,2,1,11,0.1833333333333333,13,21,29,-0.138211382113822,-0.0476190476190476
35,30,38,2.533333333333333,3,1,10,0.1222222222222222,12,21,30,0.2055749128919853,0.017626321974148
36,30,41,2.7333333333333334,3,1,7,0.1488888888888889,11,19,33,-0.4343003412969275,-0.0883781158951116
37,30,45,3.0,3,1,8,0.3146031746031745,13,21,35,0.1215178767273528,-0.0205183585313175
38,30,35,2.333333333333333,3,1,13,0.0977777777777777,13,21,32,-0.1000827129859387,-0.0635359116022099
39,30,47,3.1333333333333333,4,1,8,0.2885714285714286,12,19,38,0.0018688413183818,-0.0543369890329013
40,30,48,3.2,4,1,10,0.2874603174603174,12,23,36,0.2410501193317415,-0.059652418976045
41,30,37,2.466666666666667,3,1,15,0.1566666666666666,12,21,29,0.0133333333333329,-0.0324169060320065
42,30,40,2.6666666666666665,2,1,10,0.3044444444444444,12,20,33,-0.0924646265218813,-0.0364145658263305
43,30,38,2.533333333333333,3,1,14,0.0555555555555555,12,21,35,0.0745814307458139,0.007125890736342
44,30,38,2.533333333333333,3,1,15,0.2466666666666667,12,19,33,0.057539682539682,-0.0510948905109489
45,30,35,2.333333333333333,3,1,10,0.0277777777777777,13,20,30,-0.0200364298724959,0.0582959641255605
46,30,40,2.6666666666666665,4,1,17,0.2344444444444444,13,21,32,0.1708458709461717,0.0192644483362521
47,30,37,2.466666666666667,3,1,12,0.1455555555555555,12,21,32,0.1180709534368085,-0.0468876313662085
48,30,51,3.4,4,1,7,0.3,13,23,40,0.2869902912621347,-0.0165394402035623
49,30,43,2.8666666666666667,4,1,8,0.0592592592592592,11,19,37,-0.0281810418445779,-0.0111386138613861
50,30,38,2.533333333333333,3,1,8,0.0149206349206349,13,23,34,-0.0706657577823216,-0.0761576731725985
51,30,49,3.2666666666666666,4,1,9,0.164021164021164,11,20,39,0.2032520325203252,-0.0303738317757009
52,30,44,2.933333333333333,3,1,9,0.3707142857142856,12,22,34,0.1267478574650422,-0.0876688703650474
53,30,41,2.7333333333333334,3,1,9,0.1688888888888889,11,20,35,0.1254443880142204,-0.0980917308336123
54,30,38,2.533333333333333,3,1,17,0.1533333333333333,12,21,33,-0.0773946360153264,0.0159939070830159
55,30,48,3.2,4,1,10,0.2398412698412698,13,23,40,0.1148171905067352,-0.0173410404624277
56,30,43,2.8666666666666667,3,1,9,0.0988888888888888,13,23,38,0.0040281973816709,-0.048780487804878
57,30,38,2.533333333333333,3,1,9,0.2011111111111111,10,17,30,-0.1022776106574986,-0.0007980845969672
58,30,36,2.4,2,1,12,0.1222222222222222,11,18,33,-0.2781722753936402,-0.0722021660649819
59,30,52,3.466666666666667,5,1,7,0.1965873015873015,12,22,40,0.2141431422868548,-0.039787798408488
60,30,34,2.2666666666666666,2,1,16,0.0,12,21,30,-0.0342205323193924,-0.0547746000969462
61,30,43,2.8666666666666667,4,1,8,0.128015873015873,10,18,36,-0.0036613272311213,-0.0960284528749259
62,30,43,2.8666666666666667,3,1,8,0.141111111111111,13,22,35,0.0858267716535421,-0.1032376298106291
63,30,52,3.466666666666667,5,1,6,0.2653174603174603,13,21,40,0.063149480415667,-0.0864399836132732
64,30,51,3.4,5,1,7,0.1598677248677248,12,18,40,0.1036514118792601,-0.0426272292301
65,30,36,2.4,3,1,16,0.0733333333333333,13,22,32,0.2546012269938655,-0.0013037809647979
66,30,41,2.7333333333333334,4,1,16,0.1584920634920635,12,20,34,0.2351681957186541,-0.0695652173913043
67,30,39,2.6,3,1,11,0.1588888888888888,12,21,32,-0.1397006414825357,-0.0536692223439211
68,30,34,2.2666666666666666,3,1,12,0.0422222222222222,12,21,29,0.1721242653232572,-0.0476649012999518
69,30,39,2.6,3,1,10,0.1388888888888888,13,22,34,0.0794649881982692,-0.0358937544867193
70,30,42,2.8,4,1,6,0.162063492063492,11,17,34,0.0499770747363589,-0.0755088640840446
71,30,30,2.0,2,1,18,0.0,13,21,25,-0.0714285714285728,-0.1029411764705882
72,30,46,3.066666666666667,4,1,8,0.0769841269841269,12,19,37,0.1820968730839972,-0.0744874124059175
73,30,32,2.1333333333333333,2,1,17,0.0,13,22,29,0.375,0.0033370411568409
74,30,37,2.466666666666667,3,1,10,0.0422222222222222,12,20,32,-0.020689655172415,-0.0820471161657189
75,30,37,2.466666666666667,3,1,10,0.1,11,19,30,-0.2535519125683051,0.0235905637744902
76,30,40,2.6666666666666665,3,1,10,0.1144444444444444,11,17,34,0.0838749613122867,-0.1267605633802817
77,30,42,2.8,4,1,9,0.1133333333333333,11,21,37,0.099356683345247,-0.1028446389496717
78,30,40,2.6666666666666665,4,1,8,0.1288888888888889,13,21,33,0.2051431911163064,-0.0403832991101985
79,30,43,2.8666666666666667,3,1,13,0.243015873015873,11,18,37,-0.2698496905393455,-0.0438842203548085
80,30,33,2.2,2,1,13,0.0,11,19,31,-0.403225806451615,0.0680786686838124
81,30,33,2.2,2,1,16,0.0966666666666666,13,19,29,-0.1968911917098444,-0.0661282180716809
82,30,54,3.6,4,1,8,0.3317460317460317,12,24,41,-0.0108695652173912,-0.0025676476397393
83,30,34,2.2666666666666666,3,1,15,0.0733333333333333,12,20,30,-0.2176308539944903,0.0631828978622327
84,30,35,2.333333333333333,3,1,14,0.1277777777777778,12,19,31,0.2735042735042725,-0.07838695061169
85,30,30,2.0,2,1,23,0.05,13,21,25,-0.3015184381778751,0.0411800860479409
86,30,48,3.2,4,1,12,0.2744444444444444,13,22,39,0.1155378486055775,-0.0879526977087952
87,30,39,2.6,4,1,11,0.1277777777777777,13,21,32,0.1224122412241224,-0.0684931506849315
88,30,45,3.0,4,1,6,0.1955555555555555,11,21,37,-0.0925865976044022,0.0306946688206785
89,30,46,3.066666666666667,4,1,9,0.1877777777777777,13,23,39,0.1747821629933367,-0.042149631190727
90,30,50,3.333333333333333,5,1,8,0.186031746031746,13,22,39,0.3363871270848015,-0.0437486120364201
91,30,55,3.6666666666666665,5,1,5,0.2699470899470899,13,22,44,0.0487992949988982,-0.0410751466969525
92,30,49,3.2666666666666666,5,1,7,0.0992857142857142,12,22,39,-0.0022111663902709,-0.0034908075401443
93,30,34,2.2666666666666666,2,1,11,0.0977777777777777,12,20,29,-0.318419090231171,-0.0257907542579075
94,30,41,2.7333333333333334,3,1,8,0.1365079365079365,11,20,30,0.1329749103942649,0.0033760972316002
95,30,40,2.6666666666666665,3,1,9,0.1668253968253968,12,21,35,0.0030911901081913,-0.0216388790351188
96,30,37,2.466666666666667,3,1,9,0.1276190476190476,11,19,33,0.0169534412955465,-0.088235294117647
97,30,53,3.533333333333333,4,1,7,0.3195238095238094,12,20,41,0.0680240629338266,-0.0779661016949152
98,30,33,2.2,2,1,14,0.0,13,21,28,-0.2452830188679229,0.0075187969924812
99,30,35,2.333333333333333,2,1,16,0.0511111111111111,13,23,31,0.1535226077812825,0.0126939351198871
100,30,33,2.2,3,1,19,0.09,10,15,28,-0.1805173362685739,-0.0792028615227389
101,30,37,2.466666666666667,2,1,9,0.1244444444444444,12,21,30,0.1726065688329837,0.0129345189975747
102,30,40,2.6666666666666665,3,1,9,0.1303174603174603,13,20,35,-0.2304250559284124,-0.0590339892665474
103,30,43,2.8666666666666667,4,1,8,0.2503174603174602,13,22,37,0.0892586989409992,0.0518474374255065
104,30,35,2.333333333333333,3,1,13,0.1411111111111111,12,20,30,0.2915876027830476,-0.0818181818181818
105,30,44,2.933333333333333,3,1,8,0.1658730158730158,11,21,35,0.0861159929701224,-0.0626797009775732
106,30,34,2.2666666666666666,2,1,9,0.05,10,17,32,-0.2943780433820274,-0.0666666666666666
107,30,49,3.2666666666666666,4,1,6,0.2563492063492062,12,19,38,0.102714259155977,-0.0816279604506783
108,30,48,3.2,5,1,8,0.2631481481481481,13,20,36,0.1483557764549498,-0.1002865329512893
109,30,36,2.4,2,1,11,0.1477777777777777,13,20,30,0.0473135525260619,-0.0430201931518876
110,30,42,2.8,3,1,7,0.147063492063492,13,21,34,0.0679434564523476,-0.0772599311854863
111,30,44,2.933333333333333,4,1,8,0.0785185185185185,13,23,35,0.0394898209467739,-0.0220673635307781
112,30,32,2.1333333333333333,2,1,18,0.1111111111111111,14,22,26,-0.2673267326732673,-0.0718530524041058
113,30,33,2.2,2,1,21,0.1333333333333333,12,22,28,-0.1785714285714343,-0.0825217837006663
114,30,47,3.1333333333333333,4,1,9,0.2677777777777778,13,20,37,0.3101325757575768,-0.0473537604456824
115,30,36,2.4,3,1,11,0.0966666666666666,11,19,31,-0.0680628272251313,-0.0969107067287346
116,30,34,2.2666666666666666,2,1,21,0.05,12,22,31,-0.0288858321870703,-0.0655270655270655
117,30,48,3.2,4,1,10,0.2717989417989418,12,18,38,0.3009913150276336,-0.0802011012688532
118,30,33,2.2,2,1,15,0.0944444444444444,13,21,28,-0.1962499999999981,-0.0025316455696202
119,30,34,2.2666666666666666,2,1,18,0.1087301587301587,12,20,27,-0.041182682154171,-0.0656219392752203
120,30,38,2.533333333333333,3,1,11,0.1344444444444444,12,19,33,0.0800000000000011,-0.0943539219401288
121,30,42,2.8,3,1,9,0.1277777777777778,11,20,36,0.0885416666666651,-0.093953488372093
122,30,41,2.7333333333333334,3,1,9,0.1612698412698412,12,22,33,-0.0116518163125431,-0.0373013298734998
123,30,76,5.066666666666666,8,2,5,0.3587421837421837,15,25,56,0.0795638217952503,-0.0259377109246938
124,30,66,4.4,6,1,5,0.2959018759018758,13,21,52,-0.0238951539164899,-0.0232558139534883
125,30,35,2.333333333333333,3,1,17,0.0866666666666666,12,21,30,0.1211225997045792,0.0719696969696969
126,30,34,2.2666666666666666,3,1,16,0.0,12,21,32,-0.0141685309470542,-0.0203291384317521
127,30,33,2.2,2,1,19,0.1277777777777777,11,19,29,-0.222222222222223,-0.0540958268933539
128,30,44,2.933333333333333,4,1,8,0.1314285714285714,12,21,34,0.0560072267389339,-0.0158730158730158
129,30,47,3.1333333333333333,4,1,7,0.2648412698412698,12,22,37,0.120884217035091,-0.0452186805040771
130,30,36,2.4,3,1,13,0.1492063492063492,11,20,32,5.283130255112815e-16,0.0329289428076256
131,30,31,2.066666666666667,2,1,15,0.07,12,19,29,-0.2547619047619064,0.0091324200913242
132,30,35,2.333333333333333,3,1,12,0.0988888888888888,11,19,29,-0.0170940170940167,0.042407660738714
133,30,45,3.0,4,1,8,0.2012698412698412,13,24,34,0.0519999999999997,-0.1303377058331007
134,30,48,3.2,5,1,10,0.0896825396825396,12,22,39,-0.0964912280701758,-0.1103614457831325
135,30,37,2.466666666666667,3,1,11,0.0333333333333333,11,20,31,-0.2522349936143031,-0.0626246509772636
136,30,38,2.533333333333333,3,1,13,0.1577777777777777,13,21,33,0.3348554033485537,0.0917501927525057
137,30,36,2.4,2,1,13,0.1133333333333333,10,16,31,-0.2561837455830392,-0.029016890428757
138,30,44,2.933333333333333,3,1,8,0.206984126984127,12,21,35,0.056118071048567,-0.0537383177570093
139,30,37,2.466666666666667,3,1,14,0.0,12,19,35,-0.1697594501718223,-0.0733279613215149
140,30,42,2.8,4,1,10,0.2011111111111111,12,21,36,0.1782220331773712,-0.0775969962453066
141,30,43,2.8666666666666667,3,1,8,0.0879365079365079,12,20,33,0.0699162223914695,-0.054054054054054
142,30,60,4.0,5,1,7,0.3073809523809523,14,22,42,0.2124822096884716,-0.1107624725447129
143,30,52,3.466666666666667,4,1,12,0.4063492063492064,14,24,37,0.4163591635916379,-0.0384855419180362
144,30,34,2.2666666666666666,2,1,12,0.0,12,20,30,-0.1079059829059831,-0.0569948186528497
145,30,45,3.0,3,1,13,0.3022222222222223,12,20,37,-0.0041161178509531,-0.0562227074235807
146,30,45,3.0,3,1,10,0.2138095238095238,12,22,38,0.0289516274051434,-0.0441988950276243
147,30,35,2.333333333333333,2,1,12,0.1233333333333333,12,19,29,0.0446650124069475,-0.0476190476190476
148,30,54,3.6,4,1,10,0.2657142857142857,11,21,48,0.0114911811865322,-0.0317800740885163
149,30,33,2.2,2,1,20,0.1,12,20,29,-0.0725000000000006,-0.0116279069767441
150,30,38,2.533333333333333,4,1,9,0.0611111111111111,13,20,35,0.1196911196911182,-0.0199386503067484
151,30,43,2.8666666666666667,3,1,6,0.1401587301587301,12,18,35,0.0414012738853502,0.0096969696969696
152,30,35,2.333333333333333,3,1,9,0.1055555555555555,11,19,32,-0.2962962962962952,-0.0099188458070333
153,30,37,2.466666666666667,3,1,11,0.1531746031746031,10,16,32,-0.1502033701336436,-0.0024630541871921
154,30,41,2.7333333333333334,3,1,8,0.0987301587301587,12,17,33,0.0486526946107783,-0.0266886326194398
155,30,68,4.533333333333333,7,1,7,0.1974194324194323,12,22,53,0.1856816292601818,-0.0817064352856109
156,30,42,2.8,3,1,9,0.1666666666666666,12,22,34,0.3463576158940395,-0.0044052863436123
157,30,37,2.466666666666667,3,1,12,0.1177777777777777,13,22,31,0.1501766784452294,-0.031570315703157
158,30,34,2.2666666666666666,2,1,13,0.1,13,21,32,0.0555555555555547,-0.0361904761904762
159,30,44,2.933333333333333,3,1,11,0.1784126984126984,14,20,36,0.1976017986510101,-0.0289389067524115
160,30,37,2.466666666666667,3,1,18,0.1555555555555555,11,20,32,-0.1880128433820913,-0.0527196652719665
161,30,46,3.066666666666667,4,1,16,0.2133333333333333,12,21,37,0.1342403628117909,-0.008087659796504
162,30,39,2.6,3,1,8,0.1311111111111111,12,21,35,0.1748110831234255,-0.0437613019891501
163,30,34,2.2666666666666666,3,1,12,0.0222222222222222,14,21,29,0.1052631578947367,-0.0426449448969813
164,30,40,2.6666666666666665,3,1,15,0.1988888888888889,13,20,34,0.0419161676646701,-0.0519031141868512
165,30,39,2.6,3,1,9,0.0777777777777777,14,22,36,0.1356615177971775,-0.0544391669711362
166,30,40,2.6666666666666665,3,1,7,0.1026984126984127,13,21,36,0.1461100569259958,-0.0590631364562118
167,30,34,2.2666666666666666,2,1,17,0.0877777777777777,12,19,28,0.1355932203389827,0.0063321967851924
168,30,33,2.2,2,1,11,0.0,10,18,29,-0.2723627390499692,-0.029106029106029
169,30,35,2.333333333333333,2,1,11,0.11,11,21,29,0.0571742715777896,-0.0256410256410256
170,30,44,2.933333333333333,4,1,8,0.2155555555555555,11,18,34,-0.0697445972495097,-0.0267501422879909
171,30,49,3.2666666666666666,4,1,7,0.2926984126984127,12,21,37,-0.1598627787307027,-0.0191818812110007
172,30,35,2.333333333333333,2,1,11,0.0655555555555555,12,18,32,-0.2909174734900887,-0.0389610389610389
173,30,37,2.466666666666667,3,1,14,0.1388888888888888,13,20,33,-0.0763636363636382,-0.0173877881116053
174,30,66,4.4,6,1,6,0.2838095238095237,10,19,53,0.2686648501362391,-0.0849772382397572
175,30,41,2.7333333333333334,3,1,9,0.1766666666666666,12,20,34,-0.0014367816091948,0.009467841984982
176,30,59,3.933333333333333,5,1,7,0.3122619047619047,12,19,45,-0.0549899399422112,-0.044079794079794
177,30,45,3.0,3,1,8,0.2071428571428571,12,19,38,0.0740149944169728,-0.0491257285595337
178,30,32,2.1333333333333333,3,1,11,0.0,12,18,27,-0.2197309417040358,-0.0275229357798165
179,30,35,2.333333333333333,3,1,11,0.0222222222222222,13,21,30,0.103483606557378,-0.0908281389136242
180,30,46,3.066666666666667,4,1,7,0.1455555555555555,13,21,38,-0.095238095238095,-0.0634408602150537
181,30,36,2.4,3,1,16,0.1444444444444444,12,21,33,0.2492179353493228,-0.0008424599831507
182,30,45,3.0,4,1,8,0.1977777777777777,11,20,37,-0.0814124570868076,-0.0585339168490153
183,30,38,2.533333333333333,3,1,14,0.1822222222222222,11,17,30,0.0080918820151387,-0.0466717674062739
184,30,45,3.0,3,1,11,0.2368253968253968,11,19,34,0.0349175557710957,-0.0648023662274805
185,30,36,2.4,3,1,11,0.05,12,21,30,-0.0810810810810815,-0.0755441741357234
186,30,46,3.066666666666667,3,1,11,0.4387301587301587,12,20,36,0.2595210051040423,0.017196456487754
187,30,34,2.2666666666666666,2,1,16,0.2,12,19,29,-0.2331606217616577,-0.0047664442326024
188,30,40,2.6666666666666665,3,1,14,0.2611111111111111,12,22,34,0.0435033131662347,-0.0868787987129067
189,30,57,3.8,5,1,6,0.2468518518518518,11,18,47,0.0527434206941639,-0.0627118644067796
190,30,54,3.6,5,1,6,0.286005291005291,13,22,45,0.1897366644159351,-0.0824980724749421
191,30,38,2.533333333333333,3,1,9,0.0322222222222222,12,20,35,0.3176206509539837,-0.0498848810437451
192,30,35,2.333333333333333,3,1,10,0.0531746031746031,11,18,30,-0.1811894882434309,-0.0748560460652591
193,30,37,2.466666666666667,3,1,16,0.1577777777777777,13,19,32,0.0549169859514676,-0.0511363636363636
194,30,46,3.066666666666667,4,1,7,0.2295238095238095,11,17,39,-0.124784429662479,-0.0591700133868808
195,30,35,2.333333333333333,2,1,16,0.0888888888888888,12,20,30,0.1561423650975872,-0.046195652173913
196,30,33,2.2,2,1,17,0.1222222222222222,13,22,29,0.0020161290322583,-0.0076335877862595
197,30,40,2.6666666666666665,3,1,15,0.1722222222222222,14,22,33,0.2571959145775299,-0.0375043813529618
198,30,39,2.6,3,1,9,0.1111111111111111,13,22,31,0.300672430355427,-0.0182767624020887
199,30,55,3.6666666666666665,4,1,7,0.3381746031746032,13,25,44,0.0330971387568386,-0.0738625897955424
200,30,37,2.466666666666667,2,1,13,0.2522222222222222,13,20,31,-0.2601184600197436,-0.062782109150595
201,30,43,2.8666666666666667,4,1,9,0.1241269841269841,11,19,36,0.1685800604229603,-0.078853046594982
202,30,43,2.8666666666666667,4,1,7,0.1081746031746031,12,21,34,0.0507206714103264,-0.0512820512820512
203,30,42,2.8,3,1,11,0.1966666666666666,11,18,36,0.1701142327878979,-0.0259943626683369
204,30,48,3.2,4,1,12,0.2311111111111111,11,20,39,0.2428487345497352,-0.0827933765298776
205,30,48,3.2,5,1,8,0.2477777777777777,11,21,38,0.0233016081391552,-0.0158730158730158
206,30,39,2.6,3,1,9,0.062037037037037,12,19,35,-0.0997360744547855,-0.054054054054054
207,30,32,2.1333333333333333,2,1,24,0.1777777777777777,12,20,27,-0.009009009009009,-0.0497539639147074
208,30,40,2.6666666666666665,4,1,7,0.1044444444444444,13,21,34,0.1789215686274523,-0.0418094585332419
209,30,38,2.533333333333333,2,1,14,0.2488888888888888,12,21,32,-0.1271186440677968,-0.0857142857142857
210,30,45,3.0,4,1,8,0.1063492063492063,13,21,38,0.0790012279983635,-0.0770943501252435
211,30,38,2.533333333333333,3,1,10,0.0838095238095238,12,20,34,-0.1161814843954891,-0.0484824595979503
212,30,36,2.4,3,1,14,0.1155555555555555,11,19,29,-0.0097389949357231,-0.0579345088161209
213,30,34,2.2666666666666666,3,1,14,0.0,10,19,31,-0.1525423728813564,-0.0614947965941343
214,30,33,2.2,2,1,15,0.0555555555555555,13,20,30,-0.2097759674134416,-0.0174717368961973
215,30,37,2.466666666666667,3,1,14,0.12,11,18,31,0.2712121212121208,-0.0575745202123315
216,30,41,2.7333333333333334,3,1,7,0.1625396825396825,9,16,33,-0.0354509803921566,-0.054054054054054
217,30,31,2.066666666666667,2,1,23,0.0555555555555555,11,18,25,-0.2916666666666658,0.0130756111426947
218,30,37,2.466666666666667,3,1,18,0.1055555555555555,14,21,34,0.0133333333333318,0.0020433183489987
219,30,40,2.6666666666666665,4,1,17,0.2355555555555555,12,19,31,0.3093922651933692,-0.1020840692334864
220,30,53,3.533333333333333,4,1,8,0.2879365079365079,11,22,40,0.1103650860260174,-0.0013776815587482
221,30,41,2.7333333333333334,3,1,9,0.1777777777777777,13,20,33,0.01323706377858,0.0026298487836949
222,30,36,2.4,2,1,13,0.1233333333333333,13,21,32,0.1363636363636359,-0.0750853242320819
223,30,37,2.466666666666667,3,1,11,0.1211111111111111,12,20,31,0.025184037194885,-0.0161550888529886
224,30,43,2.8666666666666667,3,1,12,0.3011111111111111,13,20,34,0.1922462030375697,-0.026865671641791
225,30,33,2.2,2,1,13,0.0555555555555555,13,22,29,-0.1292775665399226,-0.033855482566953
226,30,34,2.2666666666666666,3,1,12,0.1055555555555555,11,21,31,-0.2121212121212113,-0.0972947318462268
227,30,49,3.2666666666666666,4,1,8,0.2611904761904762,11,20,42,0.0172482952266346,0.0026035502958579
228,30,35,2.333333333333333,2,1,12,0.1122222222222222,13,21,31,0.0549999999999988,-0.013116236996834
229,30,35,2.333333333333333,3,1,11,0.1088888888888889,11,19,30,-0.323943661971832,-0.0759493670886076
230,30,34,2.2666666666666666,2,1,13,0.1055555555555555,11,20,30,-0.0663449939686372,-0.0095785440613026
231,30,36,2.4,2,1,10,0.0688888888888888,12,21,32,0.1527531083481343,-0.055627425614489
232,30,33,2.2,2,1,23,0.1388888888888889,12,19,29,0.0037735849056594,0.0040241448692152
233,30,34,2.2666666666666666,3,1,9,0.1199999999999999,11,20,30,-0.1662938105891131,-0.0877363063499757
234,30,49,3.2666666666666666,3,1,8,0.2661111111111111,12,20,39,0.0693988290732543,-0.0564799625029294
235,30,38,2.533333333333333,3,1,9,0.1255555555555556,14,23,33,-0.0819444444444461,-0.0110224249334853
236,30,39,2.6,3,1,18,0.2711111111111111,12,23,33,0.2731182795698936,-0.0100719424460431
237,30,43,2.8666666666666667,4,1,12,0.2175925925925925,13,21,36,0.11909169443416,-0.0462287104622871
238,30,43,2.8666666666666667,4,1,13,0.2355555555555555,13,21,35,0.2931751976695798,0.0069887572166514
239,30,46,3.066666666666667,3,1,7,0.3059259259259259,13,21,37,0.0022328548644347,-0.0271132376395534
240,30,51,3.4,5,1,9,0.2429629629629629,12,20,41,0.0801603206412823,-0.0303030303030303
241,30,39,2.6,2,1,9,0.0966666666666666,11,18,35,-0.0575642245480496,-0.0645518258945039
242,30,40,2.6666666666666665,3,1,7,0.2077777777777777,12,18,32,0.0058479532163734,-0.0425240054869684
243,30,38,2.533333333333333,3,1,15,0.1844444444444444,14,21,32,0.0823863636363638,-0.0031055900621118
244,30,47,3.1333333333333333,4,1,13,0.295079365079365,12,19,36,0.2525860737995975,-0.0366760707873813
245,30,59,3.933333333333333,5,1,5,0.297010582010582,11,19,43,-0.0100184806925396,0.0178125520226402
246,30,34,2.2666666666666666,2,1,12,0.05,13,22,30,-0.2800734618916439,-0.063019052271617
247,30,33,2.2,2,1,17,0.0822222222222222,11,17,29,-0.2663230240549826,-0.075356415478615
248,30,35,2.333333333333333,2,1,10,0.1555555555555555,11,18,32,-0.0311447811447816,-0.043831902394939
249,30,39,2.6,3,1,12,0.1466666666666666,13,22,32,0.5128690386071159,-0.0696499458679177
250,30,43,2.8666666666666667,4,1,7,0.1431746031746031,12,20,38,0.1795171339563864,-0.055688622754491
251,30,44,2.933333333333333,4,1,7,0.1281216931216931,11,17,37,-0.0869908015768724,-0.0848623853211009
252,30,44,2.933333333333333,3,1,10,0.317936507936508,13,22,34,0.1314156796390296,-0.088659793814433
253,30,41,2.7333333333333334,4,1,17,0.0457142857142857,13,21,39,-0.0089890951959921,-0.0019815059445178
254,30,39,2.6,3,1,10,0.1555555555555555,13,20,33,-1.5192525600133794e-15,-0.0376940133037693
255,30,40,2.6666666666666665,3,1,9,0.1844444444444444,14,22,34,0.1417218543046351,-0.032258064516129
256,30,32,2.1333333333333333,3,1,17,0.0,11,19,29,-0.3798767967145791,-0.1040431266846361
257,30,36,2.4,3,1,11,0.1144444444444444,12,19,31,0.1999999999999999,0.0154389060432289
258,30,40,2.6666666666666665,4,1,14,0.0811111111111111,12,20,33,0.3006622516556292,-0.0256410256410256
259,30,48,3.2,5,1,6,0.208095238095238,13,22,39,0.1039823008849561,-0.1241766284459624
260,30,33,2.2,2,1,17,0.1,12,21,28,0.0037735849056602,0.0103412616339193
261,30,38,2.533333333333333,3,1,9,0.05,11,19,33,0.0894134477825469,-0.0238645111624326
262,30,37,2.466666666666667,3,1,8,0.0,13,22,32,-0.0871327254305987,-0.0562805872756933
263,30,37,2.466666666666667,4,1,15,0.1533333333333333,13,21,31,0.6156509695290842,-0.0494327390599676
264,30,60,4.0,6,1,7,0.2359475709475709,13,21,47,0.1142300194931775,-0.0807394533101595
265,30,48,3.2,3,1,10,0.2603703703703703,13,18,39,0.0388888888888886,-0.0454985479186834
266,30,36,2.4,2,1,15,0.1488888888888889,12,21,30,-0.1505154639175265,-0.0783055198973042
267,30,37,2.466666666666667,3,1,17,0.2144444444444444,12,19,29,0.0639147802929425,-0.108502024291498
268,30,37,2.466666666666667,3,1,20,0.05,14,24,35,0.1956521739130425,0.0727566693613581
269,30,45,3.0,4,1,8,0.1579629629629629,12,22,40,0.018456375838926,-0.0705394190871369
270,30,36,2.4,3,1,12,0.0944444444444444,14,22,30,0.0990615224191873,-0.0171232876712328
271,30,36,2.4,3,1,11,0.1555555555555555,13,22,30,0.1499999999999996,-0.1053304904051172
272,30,38,2.533333333333333,3,1,8,0.0923809523809524,11,19,32,-0.038819026790596,0.0226032735775526
273,30,34,2.2666666666666666,2,1,12,0.2055555555555555,11,18,28,-0.402432575356954,-0.0090952608903781
274,30,36,2.4,3,1,12,0.1411111111111111,12,21,32,0.0761828388131508,-0.0718843045512548
275,30,38,2.533333333333333,3,1,13,0.1644444444444444,13,21,31,-0.0482758620689672,-0.0692015209125475
276,30,36,2.4,2,1,11,0.1444444444444444,11,19,32,-0.2252252252252258,-0.0250215703192407
277,30,52,3.466666666666667,4,1,6,0.1911904761904761,14,22,45,-0.0551812640359322,-0.0408858603066439
278,30,37,2.466666666666667,3,1,21,0.1622222222222222,12,20,30,0.107868020304568,-0.0392399834779017
279,30,39,2.6,3,1,9,0.0455555555555555,12,20,37,-0.2129186602870801,-0.0743022834360275
280,30,39,2.6,3,1,20,0.2077777777777777,11,20,33,0.3807596513075968,0.004739336492891
281,30,38,2.533333333333333,3,1,10,0.1933333333333333,12,20,32,-0.2873831775700933,-0.1056661562021439
282,30,37,2.466666666666667,3,1,12,0.1333333333333333,11,17,33,-0.1570360299116238,-0.019036046982584
283,30,32,2.1333333333333333,2,1,11,0.0,12,20,28,-0.2322503008423586,-0.0480349344978165
284,30,35,2.333333333333333,2,1,12,0.0555555555555555,11,20,30,-0.1538461538461537,-0.043360433604336
285,30,38,2.533333333333333,3,1,8,0.1033333333333333,11,18,34,-0.1775210084033608,-0.0338126700349786
286,30,34,2.2666666666666666,3,1,20,0.0222222222222222,13,22,28,0.3333333333333331,-0.090566037735849
287,30,35,2.333333333333333,3,1,19,0.0922222222222222,12,21,28,0.3666844065992557,-0.0740072202166065
288,30,39,2.6,4,1,10,0.0533333333333333,10,18,34,0.0865580448065179,-0.0411255411255411
289,30,35,2.333333333333333,2,1,13,0.1322222222222222,10,14,31,-0.3503858245212927,-0.0634495084897229
290,30,46,3.066666666666667,4,1,8,0.1146031746031745,13,21,39,0.2484558677027298,-0.0120481927710843
291,30,34,2.2666666666666666,2,1,13,0.0944444444444444,13,23,30,0.1797346200241255,-0.1030534351145038
292,30,41,2.7333333333333334,3,1,9,0.1699999999999999,11,18,36,-0.0218844984802455,-0.021639344262295
293,30,41,2.7333333333333334,4,1,8,0.1347619047619047,13,20,34,-0.1197671815536156,0.0286278381046396
294,30,36,2.4,3,1,11,0.1688888888888889,12,21,30,-0.1509769094138556,-0.0259067357512953
295,30,45,3.0,4,1,8,0.1969841269841269,13,23,35,0.0203193033381715,-0.0634789777411376
296,30,36,2.4,3,1,14,0.1611111111111111,12,20,30,0.043844856661045,0.0162254483347566
297,30,44,2.933333333333333,3,1,10,0.1487301587301587,12,20,37,-0.098039215686274,-0.1019219569015725
298,30,31,2.066666666666667,2,1,16,0.05,12,20,28,-0.1200466200466192,0.0306890561667631
299,30,35,2.333333333333333,3,1,12,0.05,13,21,29,-0.1561561561561582,-0.1171910624715002
300,30,40,2.6666666666666665,3,1,12,0.1677777777777777,12,22,33,0.1169977924944813,-0.0766045548654244
301,30,33,2.2,3,1,16,0.0811111111111111,9,16,30,-0.3019323671497594,-0.0830769230769231
302,30,35,2.333333333333333,3,1,11,0.0744444444444444,12,19,30,-0.0439560439560443,-0.0317825886688162
303,30,34,2.2666666666666666,2,1,19,0.1277777777777777,12,19,28,-0.4123606889564328,-0.0573372206025267
304,30,45,3.0,3,1,9,0.3238095238095237,12,22,35,-0.0679690022602517,-0.0729491910303719
305,30,39,2.6,3,1,13,0.1911111111111111,11,20,33,0.3229166666666673,-0.0893054024255788
306,30,40,2.6666666666666665,3,1,9,0.1236507936507936,12,20,35,-0.0304942166140914,-0.0621942697414395
307,30,32,2.1333333333333333,2,1,20,0.0277777777777777,13,22,30,0.2772073921971252,-0.008695652173913
308,30,37,2.466666666666667,3,1,17,0.0944444444444444,12,21,33,0.2586206896551722,-0.0904625460499386
309,30,36,2.4,2,1,13,0.1555555555555555,13,21,32,-0.3018450184501853,-0.0197424892703862
310,30,40,2.6666666666666665,3,1,11,0.1625396825396825,12,22,30,0.0266666666666664,-0.0013908205841446
311,30,41,2.7333333333333334,3,1,7,0.1844444444444444,12,20,33,-0.0535976505139493,-0.0461236506378803
312,30,34,2.2666666666666666,2,1,13,0.0688888888888888,12,20,30,-0.2424691358024699,-0.0446471435429668
313,30,41,2.7333333333333334,3,1,12,0.14,12,20,37,-0.1312861593235427,-0.0635538261997406
314,30,46,3.066666666666667,3,1,11,0.348015873015873,13,22,33,-0.0269336021892552,-0.0070367474589522
315,30,41,2.7333333333333334,3,1,14,0.2822222222222222,13,22,36,0.1632653061224498,-0.0365934797072521
316,30,43,2.8666666666666667,3,1,7,0.1291269841269841,11,18,38,-0.1474534919182686,-0.0598136459272618
317,30,36,2.4,3,1,16,0.1179365079365079,11,18,30,0.0679943100995727,-0.0352941176470588
318,30,42,2.8,3,1,8,0.1558730158730158,12,22,35,0.1136536994660575,-0.0408921933085501
319,30,57,3.8,6,1,6,0.3208513708513709,13,26,44,0.0315928194899559,-0.0140986908358509
320,30,37,2.466666666666667,3,1,14,0.1655555555555555,12,22,31,0.0336769759450174,-0.0610405571487095
321,30,42,2.8,3,1,7,0.2033333333333333,11,19,37,-0.363295880149812,-0.0752419606618795
322,30,37,2.466666666666667,3,1,9,0.1644444444444444,12,21,31,-0.388520971302428,-0.0935960591133005
323,30,40,2.6666666666666665,3,1,10,0.0844444444444444,13,20,34,0.1532258064516118,-0.0062893081761006
324,30,37,2.466666666666667,3,1,14,0.2244444444444444,14,20,31,0.1494252873563216,-0.0597381342062193
325,30,51,3.4,5,1,6,0.2523544973544973,11,18,42,0.1103129810159057,-0.1072514112027789
326,30,34,2.2666666666666666,2,1,12,0.0,13,23,29,0.0997536945812803,-0.0893203883495146
327,30,50,3.333333333333333,5,1,9,0.1946825396825397,13,22,38,0.3721340388007053,-0.0720802919708029
328,30,39,2.6,3,1,15,0.2177777777777777,13,21,32,0.0232131948686622,-0.02
329,30,34,2.2666666666666666,2,1,21,0.1444444444444444,13,20,30,0.3333333333333337,0.0889952153110048
330,30,36,2.4,2,1,10,0.1188888888888888,12,20,31,-0.2318840579710146,-0.0668924640135478
331,30,47,3.1333333333333333,5,1,7,0.1485185185185185,13,24,37,-0.1018211087634568,-0.042864346949067
332,30,40,2.6666666666666665,3,1,12,0.1122222222222222,13,21,35,0.1563786008230461,0.0381312263826863
333,30,47,3.1333333333333333,4,1,10,0.2243650793650794,12,21,35,0.1966988963765999,-0.1022176905429518
334,30,41,2.7333333333333334,4,1,8,0.1122222222222222,12,20,33,0.3827956989247311,-0.0533596837944664
335,30,51,3.4,6,1,12,0.3418253968253968,13,20,38,0.5020627062706268,-0.0816044260027662
336,30,44,2.933333333333333,4,1,8,0.1166666666666666,12,20,39,0.2180595581171933,0.0496205487448919
337,30,43,2.8666666666666667,3,1,7,0.1503968253968254,12,21,36,0.1648507816200854,-0.0815950920245398
338,30,33,2.2,3,1,20,0.0,13,22,32,0.3279022403258632,-0.0206185567010309
339,30,50,3.333333333333333,4,1,8,0.2322222222222222,14,22,40,0.0397263877926846,-0.0912265386294194
340,30,35,2.333333333333333,3,1,9,0.0466666666666666,14,21,30,-0.0577777777777786,-0.0547945205479451
341,30,35,2.333333333333333,3,1,13,0.0833333333333333,11,18,29,-0.0863697705802972,-0.046195652173913
342,30,44,2.933333333333333,4,1,10,0.0477777777777777,14,23,42,0.1055179090029034,-0.0861079219288174
343,30,35,2.333333333333333,2,1,10,0.1677777777777778,13,20,32,-0.1956980177140457,-0.0389610389610389
344,30,40,2.6666666666666665,3,1,11,0.1166666666666666,13,23,33,0.2324561403508773,-0.0048848569434752
345,30,34,2.2666666666666666,3,1,14,0.0777777777777777,12,20,29,0.1695402298850565,0.0004899559039686
346,30,42,2.8,4,1,10,0.0933333333333333,13,20,35,0.1352442470730719,0.0076628352490421
347,30,39,2.6,3,1,14,0.1722222222222222,12,20,33,0.0854978354978343,0.0331753554502369
348,30,40,2.6666666666666665,4,1,12,0.1966666666666666,11,19,33,0.2108281715989901,-0.0360518025901295
349,30,36,2.4,3,1,18,0.1555555555555555,13,21,29,0.5102040816326538,-0.0909090909090909
350,30,37,2.466666666666667,3,1,16,0.1233333333333333,12,19,35,-0.0824468085106386,-0.0789793438639125
351,30,49,3.2666666666666666,4,1,7,0.2633333333333333,12,20,37,-0.2212990936555892,-0.0027285129604365
352,30,53,3.533333333333333,4,1,7,0.3066402116402116,11,19,40,0.0440046002057986,-0.099197808648014
353,30,46,3.066666666666667,3,1,12,0.2055555555555555,12,22,37,0.3305164319248829,-0.1
354,30,36,2.4,3,1,19,0.2255555555555555,14,20,29,0.1521323997453835,-0.0366492146596858
355,30,36,2.4,3,1,10,0.1266666666666666,13,21,30,-0.0273224043715853,-0.0127877237851662
356,30,45,3.0,4,1,8,0.1566666666666666,12,18,37,0.0706985565272362,0.0425531914893616
357,30,69,4.6,6,1,7,0.3684778184778185,11,21,50,-0.1184853014449426,-0.0794027020621
358,30,44,2.933333333333333,4,1,10,0.0885714285714285,13,22,39,0.1454802259887012,-0.0250436808386721
359,30,34,2.2666666666666666,2,1,9,0.146031746031746,11,19,31,-0.3647469458987784,-0.0957031249999999
360,30,41,2.7333333333333334,5,1,11,0.0922222222222222,13,21,35,0.5521350546176759,-0.0373013298734998
361,30,40,2.6666666666666665,3,1,11,0.1566666666666666,12,19,34,-0.0392020412897242,-0.0407876230661041
362,30,40,2.6666666666666665,3,1,12,0.2258730158730158,12,21,33,-0.052631578947368,-0.0400562192550948
363,30,35,2.333333333333333,3,1,13,0.0277777777777777,12,22,34,-0.0200364298724946,-0.0250354274917335
364,30,38,2.533333333333333,3,1,17,0.1344444444444444,13,22,33,0.2271186440677977,-0.0815384615384615
365,30,44,2.933333333333333,4,1,7,0.077063492063492,12,20,38,0.0493318346446859,-0.0541928123217341
366,30,40,2.6666666666666665,3,1,14,0.1399999999999999,12,21,35,0.2275862068965518,-0.0154373927958833
367,30,31,2.066666666666667,2,1,21,0.0777777777777777,13,20,27,-0.1630591630591621,0.0417859187178019
368,30,44,2.933333333333333,4,1,8,0.1646031746031745,12,19,38,0.2376899696048628,-0.0457971014492753
369,30,35,2.333333333333333,3,1,9,0.0,12,20,29,-0.1144986449864503,-0.0581768208886852
370,30,39,2.6,3,1,13,0.2088888888888888,13,21,30,0.1913606911447093,-0.0544391669711362
371,30,43,2.8666666666666667,3,1,11,0.2566666666666666,12,20,34,0.1256354393609285,-0.0772991139627253
372,30,44,2.933333333333333,3,1,7,0.3180952380952381,12,20,37,-0.2784711388455532,-0.0440677966101694
373,30,39,2.6,4,1,8,0.0677777777777777,13,24,32,-0.0396253602305455,-0.0418772563176895
374,30,38,2.533333333333333,3,1,17,0.1877777777777778,11,20,34,0.0144557823129244,-0.0629370629370629
375,30,34,2.2666666666666666,3,1,18,0.0777777777777777,12,20,29,0.0489510489510481,0.0285714285714285
376,30,74,4.933333333333334,6,1,5,0.4006907906907905,12,20,53,-0.150873323832014,-0.0795040116703136
377,30,36,2.4,3,1,13,0.1392857142857143,13,20,31,0.0346283783783783,-0.0497427101200686
378,30,33,2.2,2,1,22,0.1555555555555555,12,21,29,-0.0900900900900893,-0.0460122699386503
379,30,46,3.066666666666667,3,1,7,0.2652380952380952,13,22,37,0.076458961822532,-0.0697674418604651
380,30,40,2.6666666666666665,3,1,9,0.1967460317460317,9,18,34,-0.3015030946065429,-0.0705244122965641
381,30,46,3.066666666666667,4,1,9,0.2073015873015873,13,20,35,0.273420479302832,-0.0232798758406621
382,30,49,3.2666666666666666,5,1,8,0.0598412698412698,13,22,41,0.241045498547918,-0.036787689348401
383,30,34,2.2666666666666666,2,1,13,0.1388888888888889,10,17,29,-0.3164983164983195,-0.0635071090047393
384,30,33,2.2,2,1,20,0.1777777777777777,12,18,25,0.0510204081632662,0.054140127388535
385,30,45,3.0,4,1,9,0.2344444444444444,12,23,36,0.3146359583952456,0.0082644628099173
386,30,41,2.7333333333333334,4,1,18,0.0752380952380952,11,19,34,0.2664978902953594,-0.0578895137280847
387,30,44,2.933333333333333,4,1,7,0.0655555555555555,14,23,39,-0.1003482114593217,0.0674124227259346
388,30,59,3.933333333333333,6,1,9,0.2642039442039442,12,23,44,0.3848971541279226,-0.0232856913441464
389,30,38,2.533333333333333,3,1,12,0.1777777777777777,12,19,32,0.2269170579029716,0.0532276330690826
390,30,43,2.8666666666666667,4,1,9,0.1677777777777777,13,21,35,0.1672847136382357,-0.0676913981673071
391,30,35,2.333333333333333,2,1,19,0.2611111111111111,12,20,28,-0.0729927007299255,-0.0049349484073575
392,30,41,2.7333333333333334,3,1,8,0.1558730158730158,12,19,33,0.0218551885218556,-0.0744827586206896
393,30,39,2.6,3,1,9,0.16,11,20,33,0.0135501355013539,-0.0625920471281295
394,30,35,2.333333333333333,3,1,11,0.0488888888888888,12,19,32,-0.1620185922974774,-0.0158730158730158
395,30,50,3.333333333333333,4,1,10,0.309100529100529,12,20,41,-0.0664372131831455,-0.0267857142857142
396,30,59,3.933333333333333,5,1,6,0.3735978835978837,11,20,45,0.2093802345058625,-0.0059514235161653
397,30,32,2.1333333333333333,2,1,16,0.1055555555555555,11,21,28,0.063063063063063,-0.0620985010706638
398,30,40,2.6666666666666665,4,1,12,0.1011111111111111,12,21,34,0.15204678362573,-0.0071942446043165
399,30,42,2.8,4,1,10,0.2844444444444444,13,23,34,0.2907488986784131,-0.0759137769447048
400,30,44,2.933333333333333,4,1,13,0.2546031746031746,11,17,35,0.0991509175568339,-0.0120759056929269
401,30,54,3.6,5,1,7,0.2022486772486772,12,21,41,0.1535584644153559,-0.0746268656716418
402,30,45,3.0,4,1,14,0.1784126984126984,13,23,35,0.4994944388270982,-0.0679611650485436
403,30,53,3.533333333333333,5,1,7,0.2315079365079365,12,24,40,0.0005689669186378,-0.04929716887745
404,30,44,2.933333333333333,3,1,8,0.1988888888888889,13,21,38,0.0697885883155263,-0.0964937699217617
405,30,37,2.466666666666667,3,1,9,0.1022222222222222,9,16,32,0.1012705530642756,0.0057003257328989
406,30,49,3.2666666666666666,4,1,7,0.2486243386243386,10,19,40,0.1408156959678665,-0.0569068379990821
407,30,45,3.0,3,1,7,0.1722222222222222,11,17,37,0.0073529411764714,-0.0849453322119428
408,30,39,2.6,3,1,9,0.1466666666666666,11,21,34,-0.1282832127902555,-0.0716672855551429
409,30,39,2.6,3,1,12,0.1840740740740741,11,18,32,0.0358202395341173,-0.0192159877017678
410,30,33,2.2,3,1,13,0.1222222222222222,13,20,29,-0.1640211640211671,-0.0892212480660134
411,30,46,3.066666666666667,4,1,8,0.2504761904761904,13,19,37,-0.047982690594374,-0.042149631190727
412,30,33,2.2,3,1,13,0.0511111111111111,12,22,30,0.0456062291434934,-0.0071210579857578
413,30,35,2.333333333333333,3,1,12,0.0722222222222222,12,21,30,0.2139479905437347,-0.0596330275229357
414,30,38,2.533333333333333,3,1,9,0.0966666666666666,10,18,33,-0.1562734785875281,-0.0089808668488871
415,30,38,2.533333333333333,3,1,19,0.1933333333333333,14,23,32,0.009961685823755,-0.0571870170015455
416,30,52,3.466666666666667,4,1,7,0.2703703703703703,12,18,41,0.1193225558121629,-0.1073253833049403
417,30,48,3.2,4,1,7,0.2103968253968254,12,20,41,0.1516731855714905,-0.0271041369472182
418,30,37,2.466666666666667,3,1,14,0.1122222222222222,14,22,31,0.1726065688329828,-0.026938775510204
419,30,42,2.8,4,1,7,0.0744444444444444,15,24,38,0.0117647058823522,-0.0456431535269709
420,30,58,3.8666666666666663,5,1,6,0.3041967291967291,10,17,44,-0.1083121252642028,-0.0520658380920389
421,30,52,3.466666666666667,4,1,6,0.2372222222222222,13,21,41,0.1490987623556774,0.0297244521588196
422,30,40,2.6666666666666665,3,1,9,0.2155555555555555,12,20,33,0.0825688073394502,-0.0625655365256903
423,30,38,2.533333333333333,3,1,12,0.11,13,22,31,0.0995260663507103,-0.0203298810893747
424,30,35,2.333333333333333,2,1,15,0.1833333333333333,12,20,30,-0.509803921568627,-0.0903426791277258
425,30,39,2.6,2,1,10,0.26,13,21,33,-0.2142564522736589,-0.0774263904034896
426,30,46,3.066666666666667,5,1,7,0.0866666666666666,13,22,40,0.1892310672089869,-0.0268402870050491
427,30,31,2.066666666666667,2,1,13,0.0,13,19,26,-0.2348008385744218,0.0494037478705281
428,30,37,2.466666666666667,3,1,7,0.0,12,20,32,-0.0735245631388068,-0.0895705521472392
429,30,56,3.733333333333333,6,1,13,0.1863227513227513,11,20,44,0.3073240987842592,-0.0949164592961251
430,30,44,2.933333333333333,4,1,9,0.0957936507936508,11,20,33,0.0086580086580082,-0.0232558139534883
431,30,38,2.533333333333333,3,1,11,0.1544444444444444,9,17,31,0.0256410256410259,-0.065835605765485
432,30,34,2.2666666666666666,2,1,12,0.1944444444444444,12,19,28,-0.1687500000000009,-0.0675547098001903
433,30,38,2.533333333333333,2,1,16,0.2388888888888889,12,19,30,0.0995260663507107,-0.0203298810893747
434,30,44,2.933333333333333,3,1,7,0.2625925925925926,10,17,36,-0.1335125448028668,-0.0256410256410256
435,30,45,3.0,3,1,9,0.3477777777777778,12,21,36,0.1191709844559585,-0.1203319502074688
436,30,35,2.333333333333333,2,1,22,0.1444444444444444,13,20,31,0.0898345153664286,-0.0308329498389323
437,30,44,2.933333333333333,3,1,11,0.3877777777777778,12,21,36,0.0119047619047627,-0.0320366132723112
438,30,36,2.4,3,1,21,0.2511111111111111,13,22,29,0.3259574468085104,0.0221819827976459
439,30,32,2.1333333333333333,2,1,18,0.1,13,21,28,-0.3927125506072874,-0.0570058604155567
440,30,41,2.7333333333333334,3,1,10,0.2455555555555555,11,18,35,0.127418463239358,0.0250990752972258
441,30,36,2.4,3,1,15,0.0533333333333333,12,22,31,0.1727941176470583,-0.0462351387054161
442,30,33,2.2,2,1,15,0.0555555555555555,14,23,30,0.2728813559322022,-0.0535530381050463
443,30,38,2.533333333333333,3,1,10,0.1477777777777777,13,22,34,0.1857142857142862,-0.0608763086467622
444,30,35,2.333333333333333,3,1,12,0.123015873015873,13,19,31,0.0931372549019606,0.0136363636363636
445,30,35,2.333333333333333,3,1,20,0.1455555555555555,14,21,31,0.2022792022792015,-0.0419485791610284
446,30,38,2.533333333333333,3,1,13,0.1568253968253968,11,19,33,-0.058074781225139,-0.065835605765485
447,30,43,2.8666666666666667,3,1,7,0.0344444444444444,14,23,36,0.1087325857968054,-0.0151331719128329
448,30,39,2.6,3,1,7,0.0955555555555555,12,20,33,-0.0754358161648181,-0.0837401426962073
449,30,46,3.066666666666667,4,1,8,0.1226984126984127,11,19,38,0.1849832734481478,-0.0287539936102236
450,30,32,2.1333333333333333,2,1,11,0.0,13,21,27,-0.0135746606334841,0.0005385029617662
451,30,37,2.466666666666667,3,1,9,0.05,12,18,32,-0.1235602094240846,-0.0084168336673346
452,30,33,2.2,2,1,12,0.0,13,21,29,-0.0492845786963409,-0.0830769230769231
453,30,41,2.7333333333333334,3,1,11,0.0555555555555555,10,18,37,0.1917562724014332,-0.0390130043347782
454,30,39,2.6,3,1,18,0.22,12,18,32,0.0682593856655286,-0.0787552823665002
455,30,54,3.6,6,1,7,0.209047619047619,11,20,46,0.1709579401887087,-0.0204396451986116
456,30,44,2.933333333333333,5,1,8,0.09,13,22,39,0.4368600682593853,-0.0376761576071325
457,30,35,2.333333333333333,3,1,11,0.0811111111111111,13,20,29,0.1977077363896841,-0.0663082437275985
458,30,38,2.533333333333333,3,1,9,0.1355555555555555,11,20,32,-0.0499796830556683,-0.0551368504561681
459,30,35,2.333333333333333,2,1,16,0.1011111111111111,14,24,32,0.1463414634146342,-0.0107126222636236
460,30,34,2.2666666666666666,2,1,14,0.1599999999999999,13,19,28,-0.2065154159395003,-0.0014727540500736
461,30,41,2.7333333333333334,3,1,7,0.0838095238095238,12,18,34,0.0532556688163093,-0.0575396825396825
462,30,44,2.933333333333333,5,1,7,0.094047619047619,11,18,37,-0.0106837606837608,-0.003706871970345
463,30,45,3.0,3,1,11,0.1369841269841269,12,21,38,-0.0416306788737255,-0.0594032302217355
464,30,45,3.0,4,1,9,0.1177777777777777,13,22,43,0.1973633191159363,-0.0296921819667665
465,30,40,2.6666666666666665,3,1,7,0.18,12,20,32,-0.2596944770857821,-0.0818505338078292
466,30,34,2.2666666666666666,2,1,11,0.1111111111111111,13,21,29,0.0769230769230767,-0.0154142581888246
467,30,42,2.8,3,1,9,0.1595238095238095,12,21,34,0.3055825714841468,-0.049671977507029
468,30,35,2.333333333333333,3,1,11,0.1033333333333333,12,21,31,0.1549295774647888,-0.0606060606060605
469,30,44,2.933333333333333,3,1,7,0.3011111111111111,12,20,35,-0.0468235889648204,-0.0839301059868232
470,30,37,2.466666666666667,4,1,8,0.0644444444444444,13,18,32,0.1465773809523816,-0.0452845866223514
471,30,51,3.4,4,1,7,0.2512962962962962,12,21,37,0.0301575105647321,-0.0816542948038176
472,30,33,2.2,2,1,13,0.1255555555555555,13,21,29,-0.3123181377303583,-0.0517928286852589
473,30,47,3.1333333333333333,4,1,7,0.1617460317460317,12,22,37,0.308970807585767,-0.0235934664246823
474,30,35,2.333333333333333,3,1,23,0.2266666666666666,12,21,27,0.0851602023608777,-0.0499999999999999
475,30,38,2.533333333333333,2,1,12,0.16,12,22,32,-0.2682926829268279,-0.0342146189735614
476,30,38,2.533333333333333,3,1,12,0.16,13,21,33,0.1303482587064669,-0.0354223433242506
477,30,41,2.7333333333333334,3,1,17,0.2122222222222221,12,20,35,0.4028579280021989,-0.0288233299423533
478,30,42,2.8,4,1,10,0.0931746031746031,13,22,36,0.1658391261171792,-0.0408921933085502
479,30,41,2.7333333333333334,2,1,10,0.2788888888888889,13,22,34,0.11532738095238,-0.0516368545393181
480,30,37,2.466666666666667,2,1,10,0.1333333333333333,11,19,33,-0.0659966499162481,-0.0716009654062751
481,30,38,2.533333333333333,3,1,10,0.0711111111111111,12,19,31,0.1275510204081632,-0.0749235474006116
482,30,39,2.6,3,1,10,0.1714285714285714,12,22,33,0.0510335917312664,0.0079941860465116
483,30,40,2.6666666666666665,3,1,9,0.1634920634920635,13,21,33,0.0055248618784532,-0.0288494960027807
484,30,38,2.533333333333333,2,1,11,0.1744444444444444,13,23,30,0.1463266545233744,-0.0410958904109589
485,30,32,2.1333333333333333,2,1,19,0.1033333333333333,13,21,28,-0.2556053811659193,-0.0811989100817438
486,30,32,2.1333333333333333,2,1,16,0.0444444444444444,12,20,28,-0.4,0.0066518847006651
487,30,33,2.2,2,1,17,0.0,13,22,29,-0.0492845786963409,-0.0169491525423729
488,30,34,2.2666666666666666,2,1,12,0.0555555555555555,11,19,30,-0.2176308539944901,-0.085955847815876
489,30,36,2.4,3,1,15,0.0722222222222222,13,20,31,0.1366006256517201,-0.0276538804638715
490,30,33,2.2,2,1,17,0.0555555555555555,9,17,29,-0.0917602996254681,-0.075904228222109
491,30,32,2.1333333333333333,2,1,26,0.0944444444444444,12,18,27,0.2315608919382504,0.0143014301430143
492,30,39,2.6,2,1,12,0.1959259259259259,13,22,34,-0.0850077279752704,-0.0719710669077757
493,30,37,2.466666666666667,4,1,18,0.0977777777777777,13,23,31,0.475487300649733,0.0176991150442477
494,30,39,2.6,3,1,9,0.1033333333333333,11,20,32,-0.0672748004560998,-0.1197582168492633
495,30,34,2.2666666666666666,2,1,16,0.1277777777777777,12,22,32,0.0729991204925243,0.0314341846758349
496,30,36,2.4,3,1,13,0.1533333333333333,13,18,30,-0.0884353741496594,0.0098839707778255
497,30,39,2.6,3,1,9,0.2677777777777778,11,18,32,-0.0345122646891039,0.033879781420765
498,30,41,2.7333333333333334,3,1,13,0.146031746031746,12,20,35,0.1888738586405141,-0.0839391936549901
499,30,34,2.2666666666666666,2,1,12,0.1777777777777777,12,19,28,-0.0372881355932212,-0.0134615384615384
500,30,44,2.933333333333333,4,1,7,0.1555555555555555,12,22,38,0.1700598802395211,0.0156020017662643
501,30,32,2.1333333333333333,2,1,24,0.0,13,19,30,-0.0118577075098814,-0.0372771474878444
502,30,36,2.4,3,1,13,0.1666666666666666,12,20,31,-0.0886339937434827,-0.0955198647506339
503,30,49,3.2666666666666666,4,1,6,0.2744444444444444,11,20,37,-0.2063041644297871,-0.0598251265531522
504,30,34,2.2666666666666666,2,1,10,0.0977777777777777,11,20,27,-0.1724137931034483,-0.0783277270543008
505,30,36,2.4,2,1,11,0.05,12,20,32,-0.1428571428571428,-0.0648107872988255
506,30,44,2.933333333333333,4,1,7,0.2199999999999999,11,21,37,-0.2252816020025007,-0.0253422662394407
507,30,40,2.6666666666666665,3,1,9,0.1644444444444444,12,23,34,0.1638160395286963,-0.0267379679144385
508,30,35,2.333333333333333,2,1,15,0.1355555555555555,11,18,32,0.0153452685421997,-0.0419485791610284
509,30,42,2.8,3,1,8,0.1866666666666666,13,21,34,0.1522002422285016,-0.0579345088161209
510,30,39,2.6,4,1,21,0.2107936507936507,12,17,33,0.3133581004684219,-0.0003664345914254
511,30,31,2.066666666666667,2,1,21,0.0722222222222222,12,20,27,0.004587155963304,-0.0895691609977324
512,30,33,2.2,2,1,13,0.1066666666666666,12,22,29,-0.062305295950156,-0.0380517503805175
513,30,42,2.8,3,1,10,0.1461111111111111,12,21,35,0.218228498074454,-0.0867781634585043
514,30,37,2.466666666666667,3,1,8,0.1038095238095238,12,18,32,-0.0973039215686277,-0.0575745202123315
515,30,36,2.4,2,1,9,0.1066666666666666,11,19,32,-0.0266666666666671,-0.1076923076923076
516,30,37,2.466666666666667,3,1,9,0.0,13,20,35,-0.132313231323133,-0.0198621807863802
517,30,42,2.8,4,1,9,0.1533333333333333,13,23,37,0.3684210526315798,-0.0344174297442374
518,30,41,2.7333333333333334,4,1,8,0.1503174603174603,10,17,34,-0.0180732358950177,-0.0359042553191489
519,30,46,3.066666666666667,4,1,8,0.2301587301587301,12,19,36,0.0855661192739843,0.0086727989487516
520,30,32,2.1333333333333333,2,1,19,0.0333333333333333,12,19,28,-0.227621483375959,-0.0372771474878444
521,30,37,2.466666666666667,2,1,12,0.1955555555555555,13,21,28,-0.0709617180205415,-0.0076091309571485
522,30,36,2.4,2,1,10,0.1044444444444444,10,19,30,-0.2539682539682553,-0.0172185430463576
523,30,38,2.533333333333333,3,1,11,0.1455555555555555,12,21,33,0.0309119010819165,-0.040281579976535
524,30,43,2.8666666666666667,3,1,7,0.11,13,21,35,0.0991779368867665,-0.0174504584442472
525,30,31,2.066666666666667,2,1,16,0.0466666666666666,9,15,30,-0.4981933152664852,-0.0526932084309133
526,30,39,2.6,3,1,11,0.161111111111111,12,22,33,0.1926192619261933,-0.0789952675646159
527,30,36,2.4,3,1,13,0.2222222222222222,13,21,29,0.2307692307692317,-0.0597402597402597
528,30,44,2.933333333333333,3,1,6,0.1811111111111111,14,22,36,0.111677823823186,-0.0737797956867196
529,30,38,2.533333333333333,3,1,10,0.0934920634920634,12,19,33,0.2008319852091522,-0.0278207109737248
530,30,45,3.0,4,1,7,0.186984126984127,13,22,37,0.1884774976061277,-0.0766721044045676
531,30,37,2.466666666666667,3,1,10,0.0255555555555555,12,20,33,-0.1376659678546475,-0.0626246509772636
532,30,41,2.7333333333333334,3,1,17,0.1311111111111111,12,21,36,0.1857000993048662,-0.0502463054187192
533,30,31,2.066666666666667,2,1,22,0.0,11,19,26,-0.4297693920335397,-0.0387059503177354
534,30,36,2.4,2,1,12,0.1933333333333333,12,21,32,-0.1073137388926862,-0.0852713178294573
535,30,39,2.6,3,1,13,0.2133333333333333,12,20,34,0.2884834663626008,-0.0853704400150432
536,30,32,2.1333333333333333,2,1,12,0.0933333333333333,10,16,29,-0.4576271186440678,-0.1179039301310043
537,30,39,2.6,3,1,10,0.1433333333333333,12,21,32,-0.0228050171037637,-0.1110299488677866
538,30,45,3.0,4,1,18,0.1671428571428571,12,18,35,0.5018626929217671,-0.0246679316888045
539,30,34,2.2666666666666666,2,1,16,0.0555555555555555,10,17,32,-0.3013221990257481,-0.0640586797066014
540,30,37,2.466666666666667,3,1,9,0.1344444444444444,11,19,30,-0.0294936004451873,0.1033925686591276
541,30,53,3.533333333333333,4,1,8,0.2501058201058201,11,19,46,-0.2024717166748646,-0.0340434003583516
542,30,44,2.933333333333333,4,1,9,0.1853968253968253,12,23,33,0.1111111111111105,-0.033167009098914
543,30,33,2.2,2,1,16,0.0,11,19,29,-0.0081466395112021,-0.0682852807283763
544,30,51,3.4,4,1,7,0.2307142857142857,11,19,40,0.1483992467043311,-0.0702355460385439
545,30,35,2.333333333333333,3,1,17,0.1699999999999999,11,19,32,-0.2149187592319061,-0.046669687358405
546,30,35,2.333333333333333,3,1,17,0.1511111111111111,13,21,29,0.0851602023608768,-0.0813266696955929
547,30,48,3.2,4,1,7,0.18,12,20,39,0.1219512195121954,-0.0105263157894736
548,30,43,2.8666666666666667,3,1,8,0.2225396825396825,12,19,35,-0.0479817212490478,-0.0555385087450138
549,30,39,2.6,3,1,8,0.2466666666666666,11,19,34,-0.0875160875160872,-0.0192377495462794
550,30,35,2.333333333333333,3,1,15,0.1311111111111111,12,19,32,-0.2469497315763796,-0.0615808823529411
551,30,41,2.7333333333333334,3,1,10,0.1298412698412698,13,21,36,-0.0663326175137198,-0.0663554518172724
552,30,35,2.333333333333333,3,1,12,0.0611111111111111,12,20,33,-0.2878787878787887,-0.0701438848920863
553,30,42,2.8,3,1,9,0.2377777777777777,13,21,35,-0.0266159695817492,-0.0202429149797571
554,30,35,2.333333333333333,3,1,11,0.0,12,19,33,-0.1170212765957458,-0.0504774897680764
555,30,38,2.533333333333333,4,1,12,0.0488888888888888,13,22,33,0.2637853949329357,-0.0559629486684677
556,30,36,2.4,2,1,17,0.2777777777777777,12,22,31,-0.1525423728813555,-0.0848041325871717
557,30,37,2.466666666666667,3,1,12,0.1577777777777777,13,21,31,0.1093749999999992,0.0061050061050061
558,30,34,2.2666666666666666,3,1,17,0.1166666666666666,12,21,31,0.2889733840304196,0.0422535211267605
559,30,37,2.466666666666667,3,1,9,0.1622222222222222,12,20,32,0.0133333333333329,-0.0303030303030303
560,30,40,2.6666666666666665,4,1,11,0.1955555555555555,13,23,31,0.3771289537712894,-0.0555555555555555
561,30,42,2.8,3,2,8,0.1199999999999999,13,19,36,-0.0154320987654316,-0.0803011292346298
562,30,32,2.1333333333333333,2,1,16,0.05,13,19,28,0.063063063063063,-0.0434782608695652
563,30,32,2.1333333333333333,2,1,15,0.0,14,20,29,-0.0948191593352883,-0.0125477359519912
564,30,43,2.8666666666666667,3,1,10,0.0888888888888888,12,21,38,0.2989941033645497,-0.0708568040320189
565,30,36,2.4,3,1,11,0.1177777777777777,13,22,30,0.3259574468085108,-0.070518266779949
566,30,39,2.6,3,1,8,0.1233333333333333,12,22,32,0.2030323005932773,-0.072463768115942
567,30,32,2.1333333333333333,2,1,23,0.1666666666666666,11,19,28,-0.3333333333333333,0.0180821917808219
568,30,43,2.8666666666666667,3,1,6,0.1249206349206349,11,20,35,0.0803834808259592,-0.0775656324582338
569,30,39,2.6,3,1,11,0.1222222222222222,13,20,30,-0.1255411255411259,0.0036496350364963
570,30,46,3.066666666666667,4,1,15,0.1438095238095238,13,21,39,0.5292147376256048,-0.0544412607449856
571,30,33,2.2,2,1,16,0.1111111111111111,12,20,28,-0.1282051282051311,-0.0185185185185185
572,30,51,3.4,4,1,10,0.3844444444444445,13,21,41,-0.0049261083743839,-0.0410376355517754
573,30,38,2.533333333333333,3,1,7,0.0611111111111111,12,19,31,-0.0089702188733418,-0.0931112793338379
574,30,35,2.333333333333333,3,1,16,0.1277777777777778,11,18,32,-0.3395061728395065,-0.0284664830119375
575,30,74,4.933333333333334,6,1,6,0.3283862433862434,13,21,54,0.2450678868802034,-0.0638857952819682
576,30,33,2.2,2,1,21,0.2,12,20,28,-0.17457627118644,0.0229709035222052
577,30,37,2.466666666666667,3,1,13,0.1144444444444444,13,18,31,0.3432835820895518,-0.0219333874898456
578,30,32,2.1333333333333333,2,1,17,0.0333333333333333,13,20,30,-0.128747795414462,-0.0423452768729641
579,30,40,2.6666666666666665,3,1,14,0.2166666666666666,14,22,32,0.2810457516339867,-0.0482758620689655
580,30,39,2.6,2,1,10,0.2025396825396825,12,17,32,-0.2479999999999994,0.002632568634825
581,30,43,2.8666666666666667,4,1,10,0.2423809523809524,11,19,35,0.0477565954169071,-0.0720583764062025
582,30,61,4.066666666666666,7,1,13,0.4833597883597884,12,21,43,0.7091047527450522,0.0256489018583934
583,30,49,3.2666666666666666,4,1,10,0.2652380952380952,11,20,41,0.137495848555297,-0.0138725605454972
584,30,38,2.533333333333333,2,1,11,0.0977777777777777,12,20,34,0.129541864139021,-0.0074074074074073
585,30,31,2.066666666666667,2,1,14,0.07,13,20,29,-0.0863579474342934,-0.0471753057658706
586,30,33,2.2,2,1,17,0.2144444444444444,12,18,28,-0.2338709677419362,-0.0055865921787709
587,30,39,2.6,3,1,9,0.0304761904761904,12,19,32,0.1702127659574468,-0.0184983677910772
588,30,29,1.9333333333333331,1,1,26,0.0,13,22,27,-0.2083333333333396,-0.0607446113651208
589,30,46,3.066666666666667,5,1,17,0.2474603174603174,13,21,37,0.5679012345678995,-0.0168421052631579
590,30,38,2.533333333333333,2,1,10,0.1455555555555555,12,19,32,-0.2017310252995997,-0.1027450980392157
591,30,43,2.8666666666666667,3,1,9,0.3244444444444445,11,19,37,-0.119218296637652,-0.0730837789661319
592,30,45,3.0,4,1,9,0.2644444444444444,10,19,39,-0.0916442048517515,-0.0252237591537835
593,30,56,3.733333333333333,4,1,6,0.1892063492063492,11,20,49,-0.0328215809453418,-0.0769230769230769
594,30,49,3.2666666666666666,5,1,8,0.0817460317460317,11,21,41,0.1296296296296296,-0.0813793103448276
595,30,39,2.6,3,1,13,0.1666666666666666,13,21,33,-0.2753164556962039,0.0025575447570332
596,30,37,2.466666666666667,3,1,12,0.1111111111111111,12,22,31,0.0133333333333323,-0.0991569650742674
597,30,34,2.2666666666666666,3,1,12,0.05,12,19,30,0.1794871794871791,-0.0139490139490139
598,30,39,2.6,3,1,10,0.1222222222222222,11,21,33,0.3330618892508147,-0.0289483327226089
599,30,45,3.0,4,1,9,0.0833333333333333,11,21,40,0.0861159929701228,-0.0188679245283018
600,30,31,2.066666666666667,2,1,10,0.0,11,21,27,-0.1376146788990822,-0.0210107893242475
601,30,53,3.533333333333333,6,1,6,0.1209523809523809,10,19,46,-0.0315828130738153,-0.0436005625879043
602,30,33,2.2,3,1,20,0.0611111111111111,13,21,28,0.2528301886792438,-0.1134969325153374
603,30,34,2.2666666666666666,3,1,20,0.1452380952380952,11,18,30,-0.0468540829986619,-0.0062052505966587
604,30,34,2.2666666666666666,2,1,13,0.1888888888888888,11,18,29,-0.3446327683615825,-0.0356972870061875
605,30,33,2.2,2,1,15,0.1055555555555555,12,20,28,-0.1891891891891883,-0.0116279069767441
606,30,37,2.466666666666667,3,1,12,0.05,13,20,31,0.0611940298507457,-0.0973947895791583
607,30,35,2.333333333333333,3,1,16,0.1333333333333333,11,18,32,-0.2420785804816237,0.0122894856622667
608,30,46,3.066666666666667,4,1,7,0.1899999999999999,12,21,40,0.2199864345466875,-0.0817873007577737
609,30,39,2.6,3,1,13,0.1182539682539682,12,19,35,0.0083790811904061,-0.1047335072679835
610,30,50,3.333333333333333,4,1,7,0.3119047619047619,12,22,39,-0.0392960097102112,0.0502035278154681
611,30,37,2.466666666666667,2,1,9,0.1711111111111111,12,19,33,-0.2576028622540251,-0.028197793216183
612,30,33,2.2,2,1,13,0.1222222222222222,13,20,26,-0.2374999999999981,-0.0726256983240223
613,30,37,2.466666666666667,4,1,10,0.0388888888888888,13,22,33,0.2254428341384861,-0.0654051830522418
614,30,47,3.1333333333333333,4,1,8,0.2044444444444444,13,21,38,0.1007220216606491,-0.1092141601807682
615,30,43,2.8666666666666667,4,1,13,0.2077777777777777,14,23,34,0.4923119165293799,-0.0484608351112465
616,30,35,2.333333333333333,3,1,16,0.1011111111111111,12,23,31,0.1736111111111114,-0.0358744394618834
617,30,50,3.333333333333333,4,1,7,0.3577777777777777,11,20,40,0.0857623747226684,-0.051939513477975
618,30,39,2.6,3,1,9,0.2455555555555555,13,22,32,0.2541724617524347,-0.0977777777777778
619,30,37,2.466666666666667,2,1,12,0.1911111111111111,12,20,32,-0.2365535248041782,-0.0059976009596161
620,30,43,2.8666666666666667,3,1,11,0.1592063492063492,13,20,35,0.1248448746587234,-0.0582232893157263
621,30,34,2.2666666666666666,2,1,12,0.0555555555555555,13,19,32,-0.0518962075848292,-0.0656219392752203
622,30,43,2.8666666666666667,3,1,10,0.2822222222222222,11,18,31,0.0080352514256094,-0.0671912832929782
623,30,38,2.533333333333333,2,1,13,0.2633333333333333,12,21,32,0.0307692307692307,-0.0422857142857142
624,30,39,2.6,3,1,10,0.1255555555555555,12,19,30,0.4049191528125714,-0.0770348837209302
625,30,41,2.7333333333333334,3,1,10,0.1477777777777777,12,19,33,0.1691995947315094,-0.0926049300466356
626,30,40,2.6666666666666665,3,1,10,0.0611111111111111,11,20,34,0.1447368421052629,-0.0706932052161976
627,30,46,3.066666666666667,3,1,10,0.2147619047619047,11,18,39,0.0776942355889724,0.0450696531002458
628,30,44,2.933333333333333,3,1,7,0.243015873015873,12,21,35,0.1341365461847391,-0.0273348519362186
629,30,39,2.6,3,1,9,0.0677777777777777,13,21,33,0.3135109419600379,0.0076335877862595
630,30,30,2.0,2,1,18,0.0,11,19,25,-0.4423076923076934,-0.0156739811912225
631,30,41,2.7333333333333334,3,1,9,0.1341269841269841,13,20,35,0.251321480057666,-0.027027027027027
632,30,39,2.6,3,1,10,0.1477777777777777,12,22,32,0.070100143061517,-0.0192377495462795
633,30,38,2.533333333333333,3,1,15,0.1077777777777777,12,20,34,0.063138905592303,0.0141167493323158
634,30,36,2.4,3,1,21,0.2055555555555555,12,18,31,0.2704402515723267,0.021656050955414
635,30,32,2.1333333333333333,2,1,19,0.1277777777777778,11,20,29,-0.2416225749559082,0.0699677072120559
636,30,46,3.066666666666667,5,1,8,0.1966666666666666,11,19,39,0.1060521932259855,0.0034346103038308
637,30,36,2.4,2,1,17,0.19,11,19,30,-0.0257352941176484,-0.0063119927862939
638,30,42,2.8,4,1,12,0.199047619047619,11,18,34,0.2129148792052375,-0.047314578005115
639,30,53,3.533333333333333,5,1,9,0.1648629148629149,12,19,43,-0.0042149216103365,-0.082534389328887
640,30,39,2.6,3,1,9,0.1436507936507936,11,20,34,-0.0561224489795918,0.0285714285714285
641,30,39,2.6,3,1,12,0.1363492063492063,13,23,31,0.1661705006765897,0.0036496350364963
642,30,40,2.6666666666666665,3,1,12,0.1333333333333333,12,23,33,0.2108843537414965,-0.00418410041841
643,30,39,2.6,3,1,11,0.142063492063492,12,23,32,0.1778503562945371,-0.0716672855551429
644,30,35,2.333333333333333,3,1,12,0.0453703703703703,12,19,33,-0.1790132657624087,-0.0279944928866452
645,30,36,2.4,3,1,11,0.06,13,20,29,0.3602187286397803,-0.0564695420186749
646,30,38,2.533333333333333,3,1,19,0.2711111111111111,13,20,33,0.043253712072305,-0.0497237569060773
647,30,37,2.466666666666667,3,1,7,0.1699999999999999,12,20,31,-0.0189556509299001,-0.0528455284552845
648,30,55,3.6666666666666665,6,1,6,0.1407407407407407,12,19,43,0.0649370905687844,0.0319031903190318
649,30,33,2.2,2,1,11,0.0777777777777777,13,21,29,-0.0356633380884453,0.0362537764350453
650,30,36,2.4,2,1,12,0.0255555555555555,13,22,34,-0.0110638297872353,-0.0386084005091217
651,30,33,2.2,2,1,18,0.1755555555555555,12,19,29,-0.416815742397139,-0.057586379569354
652,30,42,2.8,3,1,7,0.2325396825396825,11,18,36,-0.06712172923777,-0.0473815461346633
653,30,39,2.6,3,1,10,0.1614285714285714,12,20,32,-0.1285831285831279,-0.0481522956326987
654,30,40,2.6666666666666665,3,1,10,0.2134920634920634,12,21,32,-0.1462217860647696,-0.00647016534867
655,30,35,2.333333333333333,3,1,12,0.0811111111111111,11,18,31,-0.0937499999999999,-0.0340196956132497
656,30,42,2.8,4,1,10,0.1344444444444444,13,21,36,0.2606635071090047,-0.0034580320653882
657,30,42,2.8,3,1,16,0.2211111111111111,11,19,35,0.1829405162738497,0.0603389830508474
658,30,46,3.066666666666667,3,1,11,0.2595238095238095,11,20,37,0.2245785753126698,0.0078905839032088
659,30,35,2.333333333333333,3,1,11,0.0511111111111111,13,20,32,0.1666666666666661,-0.0971786833855799
660,30,44,2.933333333333333,3,1,10,0.2028571428571428,12,18,36,0.0721997300944671,-0.0716149608582197
661,30,39,2.6,3,1,10,0.0938095238095238,13,22,33,0.0487804878048768,-0.0581395348837209
662,30,40,2.6666666666666665,3,1,10,0.1159259259259259,12,19,32,-0.0163243812532915,-0.1068834313386371
663,30,40,2.6666666666666665,3,1,12,0.2,12,23,30,0.1470588235294112,-0.0526315789473684
664,30,39,2.6,3,1,10,0.1828571428571428,14,22,35,0.1681167555430812,0.013759761993306
665,30,41,2.7333333333333334,4,1,8,0.1374603174603174,15,22,33,0.2642326732673267,-0.0617529880478087
666,30,61,4.066666666666666,5,1,9,0.2786507936507936,12,20,45,0.4539900544636508,-0.0416417016177351
667,30,50,3.333333333333333,5,1,8,0.2073015873015873,13,20,40,0.1205942120383995,-0.0255241567912488
668,30,52,3.466666666666667,5,1,9,0.1455555555555555,11,21,46,0.0695825049701783,-0.0250513347022587
669,30,33,2.2,3,1,14,0.0844444444444444,11,19,28,0.011976047904192,0.0278800631246712
670,30,38,2.533333333333333,3,1,12,0.1111111111111111,12,20,31,0.2400000000000009,-0.0575404287326062
671,30,35,2.333333333333333,3,1,15,0.0266666666666666,10,16,32,-0.0015467904098998,-0.072072072072072
672,30,31,2.066666666666667,2,1,22,0.0,12,19,28,-0.550000000000002,0.0278745644599303
673,30,47,3.1333333333333333,3,1,11,0.2455555555555555,13,21,37,-0.1279999999999995,-0.0716232961586121
674,30,46,3.066666666666667,3,1,9,0.3376479076479076,10,17,36,-0.1773308957952472,-0.0744160782183596
675,30,36,2.4,2,1,13,0.1588888888888888,14,20,31,0.1337437045327357,0.0025974025974025
676,30,41,2.7333333333333334,3,1,8,0.149047619047619,13,17,33,0.1044310380694814,-0.0815688996876085
677,30,35,2.333333333333333,2,1,13,0.1288888888888889,12,21,31,-0.0304942166140907,0.1139240506329114
678,30,56,3.733333333333333,7,1,20,0.2514021164021163,14,23,41,0.6190883190883198,-0.0390337826010852
679,30,51,3.4,4,1,7,0.1574098124098124,12,20,40,0.0340757587640184,-0.0766910814304179
680,30,38,2.533333333333333,3,1,16,0.1966666666666666,13,23,32,0.1324200913242007,-0.079048349961627
681,30,36,2.4,3,1,10,0.1,11,17,32,-0.1755102040816326,-0.0788893785808726
682,30,31,2.066666666666667,2,1,21,0.0733333333333333,11,21,26,-0.3816155988857939,-0.0595167943429581
683,30,32,2.1333333333333333,2,1,17,0.0977777777777777,10,18,28,-0.1569052783803326,-0.0615302300695559
684,30,37,2.466666666666667,2,1,10,0.1311111111111111,12,18,34,0.135706340378197,-0.0567115463076295
685,30,41,2.7333333333333334,3,1,12,0.3134920634920635,12,20,32,0.0959018098606201,0.0029576076240552
686,30,42,2.8,3,1,13,0.2817460317460317,10,20,35,-0.1484690930098203,-0.0572687224669603
687,30,47,3.1333333333333333,4,1,10,0.2528571428571428,11,20,35,0.166714326565628,-0.0807298175456135
688,30,50,3.333333333333333,5,1,15,0.3254761904761905,12,21,37,0.5356037151702789,-0.0786516853932584
689,30,36,2.4,3,1,10,0.1333333333333333,11,18,29,-0.2429473684210537,-0.0228153250107619
690,30,43,2.8666666666666667,3,1,9,0.1579365079365079,12,19,38,0.0899470899470904,-0.0528515974917885
691,30,67,4.466666666666667,6,1,7,0.3851607651607651,13,22,50,-0.0524702591904363,-0.1104514533085961
692,30,37,2.466666666666667,3,1,14,0.0777777777777777,13,22,32,0.0314136125654441,-0.0217573221757322
693,30,34,2.2666666666666666,3,1,10,0.0,15,20,30,0.1337579617834392,0.034090909090909
694,30,34,2.2666666666666666,2,1,18,0.1055555555555555,12,20,31,-0.2680652680652676,-0.0915958451369216
695,30,35,2.333333333333333,3,1,16,0.05,11,18,30,0.0144596651445965,-0.0793650793650793
696,30,37,2.466666666666667,2,1,15,0.1025396825396825,12,20,31,0.1418376449598569,-0.0763636363636363
697,30,38,2.533333333333333,3,1,9,0.1311111111111111,11,20,31,-0.1090442591404753,0.008695652173913
698,30,53,3.533333333333333,4,1,5,0.2759523809523809,10,19,41,0.0665683916517959,-0.0285021224984839
699,30,39,2.6,3,1,9,0.0909523809523809,11,19,34,-0.0338409475465318,-0.0111111111111111
700,30,37,2.466666666666667,2,1,13,0.361111111111111,12,21,28,0.1716417910447759,-0.1184640522875817
701,30,35,2.333333333333333,3,1,11,0.1333333333333333,13,24,29,-0.0729927007299282,-0.0076473234367971
702,30,41,2.7333333333333334,5,1,9,0.048095238095238,13,19,34,0.2371079213184463,-0.1247908999665439
703,30,42,2.8,4,1,9,0.1352380952380952,11,19,35,0.0913969478450446,0.0412175015852885
704,30,37,2.466666666666667,3,1,9,0.0611111111111111,12,21,32,0.0731313131313128,-0.1000401767778224
705,30,37,2.466666666666667,3,1,8,0.1033333333333333,12,21,33,-0.1775544388609733,-0.0145409223099293
706,30,55,3.6666666666666665,4,1,6,0.29,12,21,41,0.0029942542688353,-0.0413959532207165
707,30,36,2.4,2,1,13,0.1222222222222222,12,20,32,-0.0055865921787711,-0.0778443113772455
708,30,35,2.333333333333333,3,1,17,0.0,11,20,32,-0.1989459815546776,-0.0704355885078776
709,30,32,2.1333333333333333,2,1,13,0.0333333333333333,11,18,29,0.0909090909090909,-0.0979524073049252
710,30,33,2.2,2,1,14,0.0,12,20,29,-0.0083333333333332,-0.0401626842907981
711,30,54,3.6,5,1,6,0.2301851851851852,12,21,43,0.2501197126895456,-0.0676487691413064
712,30,42,2.8,3,1,10,0.1987301587301587,12,19,35,0.035010940919037,-0.0218340611353711
713,30,79,5.266666666666667,6,1,5,0.4413001813001813,12,21,56,-0.0118034027565544,-0.0835238262704413
714,30,35,2.333333333333333,3,1,12,0.0444444444444444,14,18,31,-0.0399590163934435,0.0269058295964125
715,30,42,2.8,4,1,7,0.1034920634920634,11,20,33,0.0500183891136437,-0.0483619344773791
716,30,42,2.8,4,1,7,0.11,11,19,35,0.0223642172523963,-0.0539523212045169
717,30,33,2.2,2,1,13,0.1333333333333333,12,20,29,-0.3361581920903955,-0.0952890792291221
718,30,53,3.533333333333333,6,1,6,0.128015873015873,12,20,41,-0.0681657297522383,-0.0262793914246196
719,30,40,2.6666666666666665,3,1,11,0.1666666666666666,13,20,32,0.2700236566407561,-0.0986628117094326
720,30,34,2.2666666666666666,2,1,15,0.1555555555555555,13,20,30,-0.2284382284382291,-0.1406018746916625
721,30,30,2.0,2,1,22,0.0555555555555555,10,17,26,-0.5846994535519126,-0.0674846625766871
722,30,34,2.2666666666666666,2,1,12,0.0677777777777777,10,17,30,-0.1786666666666676,-0.063019052271617
723,30,38,2.533333333333333,3,1,9,0.0877777777777777,12,21,32,-0.1906005221932129,-0.0604651162790697
724,30,40,2.6666666666666665,3,1,8,0.1788888888888889,14,20,35,-0.0946408209806169,-0.0324380885943494
725,30,46,3.066666666666667,3,1,8,0.2175396825396825,11,20,37,0.0170729088371094,-0.0560262366766876
726,30,34,2.2666666666666666,3,1,13,0.0933333333333333,13,22,28,0.4158075601374569,-0.0680628272251309
727,30,34,2.2666666666666666,3,1,10,0.0,11,18,33,-0.0976594027441488,-0.0809248554913294
728,30,40,2.6666666666666665,3,1,8,0.2076190476190476,11,20,33,-0.0185185185185189,-0.0932695592757089
729,30,36,2.4,2,1,9,0.1922222222222222,12,19,30,-0.2105263157894756,-0.0632911392405063
730,30,33,2.2,2,1,12,0.0,13,21,31,0.0934065934065933,-0.096004151530877
731,30,43,2.8666666666666667,3,1,14,0.33,13,21,34,0.1519961519961523,-0.0721282279608192
732,30,39,2.6,3,1,13,0.2188888888888888,12,20,31,-0.0438972162740902,-0.0022026431718061
733,30,45,3.0,4,1,6,0.2727513227513228,12,22,34,-0.0683760683760683,-0.0855263157894736
734,30,35,2.333333333333333,3,1,13,0.0787037037037037,10,16,32,-0.1629663192871166,-0.0533515731874144
735,30,34,2.2666666666666666,2,1,13,0.1444444444444444,12,20,29,-0.3438735177865621,-0.0893203883495145
736,30,38,2.533333333333333,2,1,8,0.0898412698412698,11,18,31,0.0291146761734998,-0.021897810218978
737,30,37,2.466666666666667,3,1,8,0.0477777777777777,10,19,30,0.0704132231404957,-0.0985567010309278
738,30,35,2.333333333333333,2,1,13,0.1588888888888888,12,20,31,-0.1777076761303892,-0.0725552050473186
739,30,37,2.466666666666667,3,1,10,0.0,13,21,32,-0.0054347826086966,-0.0798540737738143
740,30,47,3.1333333333333333,4,1,9,0.1833333333333333,12,19,39,0.3744397663995656,-0.0186491935483871
741,30,30,2.0,2,1,18,0.0,11,16,27,-0.2962962962962971,-0.1349306431273644
742,30,31,2.066666666666667,2,1,22,0.0555555555555555,12,19,25,-0.1698113207547166,-0.0751445086705202
743,30,33,2.2,3,1,17,0.0444444444444444,12,18,27,-0.230846774193549,-0.0433452320244773
744,30,46,3.066666666666667,4,1,10,0.1765079365079365,12,21,38,0.2107538503107262,-0.0663856691253951
745,30,38,2.533333333333333,3,1,9,0.0988888888888888,13,20,31,0.162032598274209,-0.1172147001934236
746,30,29,1.9333333333333331,1,1,26,0.0,11,20,27,-0.4572864321608032,-0.0141223940820443
747,30,32,2.1333333333333333,2,1,24,0.1666666666666666,12,22,26,-0.3793103448275862,0.0159253157605711
748,30,37,2.466666666666667,3,1,15,0.221111111111111,12,22,31,0.0393634840871026,-0.1198364008179959
749,30,35,2.333333333333333,3,1,9,0.1055555555555555,13,18,31,-0.176470588235296,-0.0237659963436928
750,30,44,2.933333333333333,4,1,8,0.1771428571428571,11,18,37,-0.0972853617352901,-0.0803858520900321
751,30,35,2.333333333333333,3,1,11,0.0422222222222222,11,17,29,0.1079812206572769,-0.0644007155635062
752,30,37,2.466666666666667,3,1,9,0.0744444444444444,12,20,30,-0.0326487625065824,0.0077204388459975
753,30,38,2.533333333333333,4,1,15,0.0999999999999999,11,21,31,0.121951219512196,-0.0346168805912096
754,30,36,2.4,3,1,18,0.1944444444444444,12,18,31,-0.1329661683713603,-0.0377278507842305
755,30,53,3.533333333333333,5,1,7,0.2319047619047618,12,22,39,0.1667013744273217,-0.0410528383421724
756,30,35,2.333333333333333,2,1,12,0.1933333333333333,11,18,29,-0.1636828644501271,0.0100364963503649
757,30,34,2.2666666666666666,2,1,19,0.1333333333333333,12,21,30,-0.3979441997063149,0.0662089259440902
758,30,43,2.8666666666666667,3,1,10,0.1519047619047619,12,20,36,0.0322384428223847,-0.024724456359845
759,30,33,2.2,2,1,20,0.05,12,22,31,-0.2703941338221797,-0.0422822210901681
760,30,35,2.333333333333333,3,1,15,0.1,12,20,33,0.0388257575757573,-0.0744920993227991
761,30,55,3.6666666666666665,5,1,5,0.296031746031746,11,18,41,0.1509292565947239,-0.043605181536216
762,30,40,2.6666666666666665,3,1,9,0.1491269841269841,11,17,35,-0.0822510822510826,-0.0704225352112676
763,30,40,2.6666666666666665,3,1,14,0.1171428571428571,13,22,35,0.0796019900497513,-0.0714285714285714
764,30,37,2.466666666666667,3,1,15,0.1511111111111111,12,20,31,0.1963652482269498,0.0166112956810631
765,30,40,2.6666666666666665,3,1,13,0.2111111111111111,14,21,31,0.2687074829931969,-0.0450326572705397
766,30,47,3.1333333333333333,4,1,7,0.1431986531986532,13,20,37,-0.0674682698730796,-0.036144578313253
767,30,33,2.2,2,1,9,0.0,11,19,30,-0.3280839895013127,0.0343087790110999
768,30,39,2.6,3,1,10,0.1579365079365079,11,19,35,-0.1021026072329685,-0.03731067602512
769,30,55,3.6666666666666665,5,1,8,0.3377248677248677,13,23,38,0.2365513928914504,-0.0732695139911634
770,30,33,2.2,2,1,13,0.1111111111111111,11,20,28,-0.010204081632653,-0.0920372285418821
771,30,31,2.066666666666667,2,1,22,0.0,12,20,28,-0.2324159021406712,-0.029045643153527
772,30,43,2.8666666666666667,3,1,7,0.1561904761904762,11,20,34,0.0271493212669675,0.0266136433159988
773,30,34,2.2666666666666666,3,1,12,0.0,13,21,30,0.0784123910939025,-0.0677134445534838
774,30,32,2.1333333333333333,2,1,13,0.0555555555555555,12,19,30,0.0495049504950495,-0.0533484676503972
775,30,35,2.333333333333333,3,1,12,0.1577777777777777,13,20,31,0.0715109573241059,-0.0379981464318813
776,30,47,3.1333333333333333,4,1,8,0.0701587301587301,13,22,38,0.0608348134991109,-0.01101152368758
777,30,34,2.2666666666666666,2,1,18,0.0811111111111111,13,20,31,0.0945821854912761,-0.081967213114754
778,30,38,2.533333333333333,3,1,10,0.0933333333333333,11,17,32,-0.0091122103618846,0.0180109631949882
779,30,36,2.4,3,1,13,0.0944444444444444,12,20,32,-0.0785854616895883,-0.1157985363753766
780,30,33,2.2,2,1,15,0.0,12,22,29,-0.026666666666667,-0.024024024024024
781,30,37,2.466666666666667,4,1,8,0.0622222222222222,12,21,30,-8.215650382226152e-16,0.0485275819162173
782,30,43,2.8666666666666667,4,1,9,0.1046031746031746,13,22,38,0.1398578277401226,-0.0535987748851454
783,30,30,2.0,2,1,12,0.0,12,20,26,-0.3676470588235307,-0.0351201478743068
784,30,34,2.2666666666666666,2,1,13,0.1111111111111111,14,21,28,0.1282051282051282,-0.0416467209191
785,30,38,2.533333333333333,3,1,17,0.2355555555555555,13,23,33,-9.526429824202963e-16,-0.0769819992340099
786,30,34,2.2666666666666666,3,1,11,0.0277777777777777,11,19,28,-0.4253773057574068,-0.1289062499999999
787,30,32,2.1333333333333333,2,1,14,0.0477777777777777,13,20,29,-0.1976608187134503,-0.0503282275711159
788,30,39,2.6,3,1,10,0.2180952380952381,12,18,31,-0.1791875347801899,-0.0517492711370262
789,30,54,3.6,5,1,8,0.2187037037037036,11,20,45,0.080412913406535,-0.0481366459627329
790,30,33,2.2,3,1,15,0.0777777777777777,11,21,31,0.0031796502384756,-0.0143442622950819
791,30,44,2.933333333333333,4,1,11,0.1558730158730158,12,22,39,0.0727546412443549,0.0092879256965944
792,30,53,3.533333333333333,4,1,11,0.2853968253968253,11,20,44,0.0290023952871108,-0.0097241516173843
793,30,36,2.4,2,1,14,0.1355555555555555,13,22,29,0.1056842105263147,-0.1119691119691119
794,30,37,2.466666666666667,3,1,13,0.0955555555555555,12,19,32,-0.2192648922686942,-0.0238993710691823
795,30,31,2.066666666666667,2,1,21,0.0,12,21,30,-0.0134615384615411,-0.0204313280363223
796,30,37,2.466666666666667,3,1,12,0.0811111111111111,12,20,32,0.1633165829145734,0.0089285714285714
797,30,37,2.466666666666667,3,1,11,0.0722222222222222,10,17,35,-0.2440708495947159,0.0617586912065439
798,30,38,2.533333333333333,3,1,8,0.0477777777777777,12,20,34,0.2198067632850227,-0.072463768115942
799,30,34,2.2666666666666666,2,1,12,0.0277777777777777,13,20,29,-0.1023302938196553,-0.0836653386454183
800,30,40,2.6666666666666665,3,1,11,0.1533333333333333,12,22,34,0.2229038854805717,-0.0890052356020942
801,30,57,3.8,6,1,17,0.2327777777777778,13,22,43,0.5499875342807273,-0.0143056524773202
802,30,42,2.8,3,1,10,0.2700000000000001,12,22,35,0.0116136919315414,-0.1132849479331019
803,30,46,3.066666666666667,4,1,9,0.181031746031746,11,19,36,0.3494949494949496,-0.07756376887038
804,30,41,2.7333333333333334,3,1,14,0.2457142857142857,12,19,34,0.0728869374313938,-0.0256747860434496
805,30,38,2.533333333333333,3,1,11,0.0277777777777777,13,21,35,-0.0681818181818201,-0.0190979276716781
806,30,33,2.2,2,1,10,0.0444444444444444,12,20,29,-0.3064516129032267,-0.0465116279069767
807,30,33,2.2,2,1,22,0.1388888888888888,11,19,29,-0.0312499999999996,-0.0269709543568464
808,30,45,3.0,3,1,8,0.2944444444444444,13,19,37,0.0075757575757577,-0.0810055865921787
809,30,54,3.6,6,1,14,0.2440476190476189,12,21,44,0.3835011048367298,-0.078575466365178
810,30,37,2.466666666666667,4,1,9,0.1544444444444444,10,18,31,-0.3282838763228885,-0.0562805872756933
811,30,44,2.933333333333333,5,1,11,0.1689682539682539,13,21,39,0.0975452196382425,0.0208273894436519
812,30,39,2.6,3,1,9,0.1381481481481481,12,19,34,-0.1409873929361948,-0.0529004013133892
813,30,34,2.2666666666666666,2,1,12,0.02,12,21,30,0.012106537530266,-0.073170731707317
814,30,35,2.333333333333333,3,1,9,0.0,12,19,31,-0.0849598163031009,-0.0552763819095477
815,30,44,2.933333333333333,3,1,10,0.2322222222222222,11,21,34,0.2150333016175073,-0.0491421924978191
816,30,35,2.333333333333333,2,1,8,0.1722222222222222,13,21,30,-0.2267525035765386,-0.0428893905191873
817,30,38,2.533333333333333,3,1,12,0.1022222222222222,12,21,34,-0.0999999999999999,-0.0997262416894798
818,30,37,2.466666666666667,3,1,12,0.0355555555555555,12,17,34,0.0294592413236478,-0.0364145658263305
819,30,51,3.4,5,1,7,0.2126455026455026,12,19,42,-0.0130684788290645,-0.0765171503957783
820,30,37,2.466666666666667,3,1,13,0.1311111111111111,13,22,32,0.081885856079404,-0.013290374546919
821,30,32,2.1333333333333333,2,1,22,0.0777777777777777,12,22,26,0.2270531400966183,0.0032223415682062
822,30,32,2.1333333333333333,2,1,21,0.1277777777777777,13,19,28,-0.3514328808446455,-0.0289389067524115
823,30,34,2.2666666666666666,2,1,12,0.0888888888888888,13,21,29,0.0769230769230768,-0.0435643564356435
824,30,37,2.466666666666667,3,1,12,0.1288888888888889,12,19,32,-0.3155555555555563,-0.0592445328031809
825,30,35,2.333333333333333,3,1,16,0.0933333333333333,12,20,32,0.2323509252912955,-0.0004466279589102
826,30,39,2.6,3,1,8,0.0866666666666666,13,21,32,0.0708613317043359,-0.0155515370705244
827,30,47,3.1333333333333333,5,1,6,0.14,10,19,41,0.0360851505711322,-0.0695028444224585
828,30,39,2.6,3,1,9,0.0566666666666666,12,19,30,-0.0476431829700958,-0.0700778642936596
829,30,41,2.7333333333333334,3,1,7,0.1191269841269841,12,20,33,0.034157832744405,-0.0488684814693342
830,30,33,2.2,2,1,12,0.0455555555555555,13,20,29,0.1072144288577162,0.039156626506024
831,30,48,3.2,5,1,9,0.1238888888888889,13,24,39,0.3240731870868856,-0.0447400241837968
832,30,45,3.0,4,1,8,0.1507407407407407,11,22,38,0.0479760119940025,-0.0476448294531672
833,30,35,2.333333333333333,3,1,16,0.0588888888888888,12,21,31,0.0325203252032525,-0.0528714676390155
834,30,38,2.533333333333333,4,1,13,0.0911111111111111,13,20,29,0.4794520547945201,0.0152439024390243
835,30,37,2.466666666666667,3,1,13,0.1788888888888888,11,19,31,0.0033670033670037,-0.1098500202675314
836,30,48,3.2,4,1,11,0.3122222222222222,12,20,36,0.0823529411764709,-0.0999512432959531
837,30,34,2.2666666666666666,2,1,14,0.0222222222222222,11,18,29,0.1052631578947366,-0.0677134445534838
838,30,33,2.2,3,1,11,0.0,11,20,32,-0.293393057110864,-0.0714285714285714
839,30,31,2.066666666666667,2,1,13,0.0,13,19,29,-0.049910873440286,0.0616996507566938
840,30,36,2.4,3,1,9,0.0944444444444444,13,23,29,-0.0960187353629992,-0.0210571551353674
841,30,40,2.6666666666666665,4,1,7,0.0632539682539682,10,17,34,-0.0386558571260718,0.0650109569028487
842,30,36,2.4,2,1,8,0.0938095238095238,13,18,33,-0.0109051254089417,-0.0214961306964746
843,30,40,2.6666666666666665,3,1,10,0.2177777777777777,12,21,34,0.1615956727518594,-0.0426206410707995
844,30,42,2.8,3,1,10,0.1966666666666666,11,20,36,0.035993740219091,-0.0596923076923077
845,30,48,3.2,4,1,14,0.2683333333333333,11,18,35,0.3434187879336893,-0.0541895440439245
846,30,42,2.8,3,1,9,0.1787301587301587,11,19,33,0.072202904479443,-0.0980392156862745
847,30,37,2.466666666666667,4,1,19,0.1777777777777777,10,20,30,0.2177974434611601,-0.0824867939861845
848,30,45,3.0,4,1,8,0.2022222222222222,13,21,35,0.1944670463791699,-0.0397635679742074
849,30,50,3.333333333333333,4,1,9,0.2561904761904762,13,21,37,0.2018046156515704,-0.0589013898080741
850,30,35,2.333333333333333,3,1,13,0.0444444444444444,14,22,31,0.1545893719806777,-0.0774105930285196
851,30,37,2.466666666666667,3,1,18,0.1155555555555555,13,21,32,0.0593220338983051,-0.031570315703157
852,30,39,2.6,3,1,10,0.1255555555555555,13,20,29,0.380759651307596,-0.0396149574231766
853,30,33,2.2,2,1,13,0.1,11,17,29,-0.2306182531894013,-0.009688934217236
854,30,39,2.6,3,1,11,0.1111111111111111,12,21,34,-0.0319066147859919,0.0561056105610561
855,30,39,2.6,3,1,13,0.1944444444444444,13,22,33,0.0360925853275798,0.0296377607025246
856,30,34,2.2666666666666666,2,1,7,0.02,10,15,31,-0.1270018621973939,-0.0095785440613027
857,30,37,2.466666666666667,3,1,10,0.1477777777777777,12,18,29,-0.0903732809430264,-0.0053519967064635
858,30,33,2.2,2,1,7,0.0,11,17,31,-0.188408037094281,-0.0955734406438631
859,30,37,2.466666666666667,3,1,10,0.1333333333333333,13,18,30,0.0285071267816938,-0.0785425101214574
860,30,56,3.733333333333333,5,1,7,0.2204761904761904,13,20,42,0.0894308943089436,-0.0485779897544603
861,30,36,2.4,3,1,15,0.0933333333333333,12,21,31,0.3357933579335773,0.0616854908774978
862,30,55,3.6666666666666665,5,1,9,0.3221067821067821,11,17,42,0.0975336322869951,-0.0905349794238682
863,30,54,3.6,5,1,7,0.2595502645502645,11,19,43,-0.0598666262503787,-0.0384615384615384
864,30,37,2.466666666666667,3,1,9,0.0677777777777777,11,20,35,-0.3604040404040405,-0.0614754098360655
865,30,38,2.533333333333333,3,1,12,0.1833333333333333,12,18,31,0.0869925434962715,-0.1180797522260936
866,30,45,3.0,3,1,10,0.29,12,21,35,0.0337986774430559,-0.0268948655256723
867,30,41,2.7333333333333334,3,1,11,0.2811111111111111,12,21,35,0.2058343057176196,-0.0444061962134251
868,30,34,2.2666666666666666,2,1,20,0.1555555555555555,13,22,27,0.0626566416040097,-0.0047664442326024
869,30,42,2.8,3,1,9,0.2498412698412698,12,19,34,-0.0339869281045761,-0.0971647021344377
870,30,47,3.1333333333333333,4,1,9,0.1647619047619047,10,19,39,0.1885268727373983,-0.1413071557737019
871,30,43,2.8666666666666667,3,1,12,0.2588888888888889,11,22,34,0.1437461107654021,-0.0345864661654135
872,30,39,2.6,3,1,12,0.1755555555555555,13,20,32,0.198172472872644,-0.0889052167523879
873,30,31,2.066666666666667,2,1,23,0.0,12,19,28,-0.3148450244698197,-0.0429234338747099
874,30,32,2.1333333333333333,2,1,10,0.040079365079365,11,19,28,-0.2167016561698157,-0.1160762942779291
875,30,40,2.6666666666666665,3,1,14,0.1388888888888889,13,20,35,0.2387166938553548,-0.0732714138286894
876,30,37,2.466666666666667,3,1,11,0.0555555555555555,11,20,33,0.1238615664845168,0.005295315682281
877,30,41,2.7333333333333334,4,1,8,0.1035714285714285,9,16,33,-0.0571012381646032,-0.0348721355031551
878,30,34,2.2666666666666666,2,1,20,0.0555555555555555,13,22,30,-0.024482109227872,-0.1056910569105691
879,30,36,2.4,2,1,11,0.1533333333333333,14,23,32,0.2369077306733159,0.0219106047326906
880,30,39,2.6,3,1,11,0.1333333333333333,12,18,33,0.0096892749749415,-0.0837401426962072
881,30,39,2.6,3,1,9,0.1333333333333333,12,21,33,-0.0386346586646672,-0.0460311707140268
882,30,42,2.8,3,1,10,0.2433333333333333,12,20,34,0.0543046357615899,0.0012515644555694
883,30,42,2.8,3,1,12,0.1403968253968254,12,21,35,0.0914874665988037,-0.0823381521055939
884,30,42,2.8,3,1,10,0.1688888888888889,12,22,37,0.1459694989106754,-0.0114232787897499
885,30,32,2.1333333333333333,2,1,17,0.0555555555555555,12,21,28,-0.009009009009009,0.0370768404083825
886,30,38,2.533333333333333,3,1,11,0.0455555555555555,13,21,33,0.0099616858237539,-0.0383301707779886
887,30,35,2.333333333333333,2,1,11,0.0722222222222222,12,21,30,0.0127727514635445,0.0580046403712297
888,30,41,2.7333333333333334,3,1,13,0.1788888888888888,13,23,34,0.1939231456657743,-0.0147157190635451
889,30,43,2.8666666666666667,4,1,8,0.1049206349206349,13,22,35,0.2144057118857618,-0.0304147465437788
890,30,30,2.0,2,1,25,0.0,13,20,26,-0.2053571428571445,-0.008717310087173
891,30,33,2.2,2,1,12,0.1466666666666666,10,18,28,-0.2348877374784109,-0.0661803022407504
892,30,50,3.333333333333333,4,1,8,0.2562698412698412,11,20,41,-0.0645710746361101,-0.0167992926613616
893,30,36,2.4,2,1,16,0.1266666666666666,12,21,31,0.1372940589116311,-0.0425625274243089
894,30,34,2.2666666666666666,2,1,8,0.1015873015873015,11,16,29,-0.2680412371134029,-0.0640113798008534
895,30,54,3.6,4,1,7,0.3238095238095238,12,22,42,-0.001907404196289,-0.0586200269075533
896,30,43,2.8666666666666667,4,1,13,0.1666666666666666,12,22,34,0.3527121723332476,0.0285374554102259
897,30,36,2.4,3,1,15,0.0833333333333333,12,21,28,0.1916167664670668,-0.0846256092157731
898,30,41,2.7333333333333334,3,1,8,0.1307936507936508,12,21,33,0.215508559919436,0.0146862483311081
899,30,45,3.0,4,1,6,0.0887301587301587,9,16,39,-0.393112291628504,0.0212071778140293
900,30,39,2.6,2,1,15,0.2334920634920635,11,21,34,-0.1274207128824024,-0.0782102582757366
901,30,59,3.933333333333333,4,1,7,0.2912602212602212,13,21,43,-0.0043207330047552,-0.0945146329761714
902,30,45,3.0,3,1,7,0.2307936507936507,13,19,35,0.1666666666666666,-0.024390243902439
903,30,42,2.8,3,1,8,0.13,12,21,35,0.0717529518619438,-0.1125827814569536
904,30,38,2.533333333333333,3,1,9,0.0969841269841269,12,21,31,-0.0591954022988512,-0.0094876660341555
905,30,35,2.333333333333333,3,1,10,0.0522222222222222,13,21,32,0.2650918635170603,-0.011743450767841
906,30,47,3.1333333333333333,5,1,8,0.163030303030303,11,19,39,-0.1132941608520014,-0.1106083459024635
907,30,39,2.6,3,1,12,0.1333333333333333,12,24,34,0.0894941634241258,0.0224843346848507
908,30,34,2.2666666666666666,3,1,12,0.0,12,19,31,0.0256410256410255,-0.0563106796116504
909,30,37,2.466666666666667,3,1,12,0.2066666666666666,13,23,32,0.1826677994902291,-0.014516129032258
910,30,47,3.1333333333333333,3,1,9,0.2520634920634921,13,21,38,0.0233766233766241,-0.0542514345331246
911,30,36,2.4,3,1,9,0.05,11,18,30,-0.2401574803149611,-0.0806174957118353
912,30,42,2.8,4,1,12,0.1877777777777778,12,22,34,0.3316582914572867,-0.027027027027027
913,30,39,2.6,3,1,15,0.0777777777777777,12,21,36,0.048780487804877,-0.0610294117647058
914,30,43,2.8666666666666667,4,1,10,0.1488888888888889,11,19,36,0.2992304210049792,-0.0597658656808379
915,30,32,2.1333333333333333,2,1,12,0.1126984126984127,12,19,28,-0.2935323383084577,-0.0344827586206896
916,30,35,2.333333333333333,2,1,12,0.0422222222222222,12,20,28,0.1937669376693764,-0.01024208566108
917,30,34,2.2666666666666666,3,1,16,0.1144444444444444,13,23,29,0.0014684287812035,-0.0356972870061875
918,30,40,2.6666666666666665,3,1,10,0.0644444444444444,12,18,32,0.2884990253411307,-0.0920546027301365
919,30,48,3.2,4,1,6,0.2781481481481481,11,19,40,-0.1226295828065745,-0.0927585371760716
920,30,38,2.533333333333333,4,1,13,0.05,12,19,36,0.0676241771394359,-0.0683890577507598
921,30,32,2.1333333333333333,2,1,20,0.0333333333333333,12,19,28,0.0495049504950495,-0.0317033852767329
922,30,32,2.1333333333333333,2,1,23,0.1111111111111111,13,20,29,-0.0118577075098814,-0.0010787486515641
923,30,39,2.6,3,1,10,0.1844444444444444,11,18,30,0.0880655936835712,0.0090744101633393
924,30,40,2.6666666666666665,3,1,10,0.2334920634920635,11,18,33,-0.0240000000000006,-0.0732714138286894
925,30,35,2.333333333333333,3,1,13,0.0544444444444444,11,17,31,0.1030064070970917,-0.0340196956132497
926,30,37,2.466666666666667,3,1,8,0.12,12,20,31,-0.058242329693188,-0.0693641618497109
927,30,34,2.2666666666666666,3,1,12,0.0611111111111111,11,19,29,-0.3446327683615818,-0.0675547098001903
928,30,32,2.1333333333333333,2,1,13,0.05,12,19,25,0.1282051282051282,-0.0649490069779924
929,30,38,2.533333333333333,4,1,15,0.0411111111111111,11,18,34,0.1321799307958475,-0.0087220326128175
930,30,33,2.2,2,1,12,0.0953703703703703,10,15,29,-0.4130332864510079,0.0329670329670329
931,30,38,2.533333333333333,3,1,13,0.1565079365079364,11,18,31,-0.0857142857142852,0.0337703615415176
932,30,42,2.8,5,1,10,0.0933333333333333,11,21,37,0.1291413116970915,0.0232558139534883
933,30,35,2.333333333333333,3,1,19,0.1388888888888889,12,20,30,0.0437158469945337,-0.0543130990415335
934,30,39,2.6,3,1,9,0.2479629629629629,12,18,32,-0.1184791071892033,-0.0772676371780515
935,30,34,2.2666666666666666,2,1,12,0.0466666666666666,11,19,31,-0.2509545296771956,-0.0193423597678916
936,30,39,2.6,3,1,8,0.1533333333333333,12,20,33,-0.230107526881721,0.0662177328843995
937,30,34,2.2666666666666666,2,1,16,0.0555555555555555,13,20,33,0.093333333333335,-0.0213178294573643
938,30,36,2.4,3,1,17,0.2333333333333333,11,19,32,-0.5154185022026442,-0.076043956043956
939,30,33,2.2,2,1,15,0.1655555555555555,10,17,30,-0.433243967828417,0.0143999999999999
940,30,43,2.8666666666666667,4,1,9,0.1895238095238095,11,19,37,0.0676798378926044,-0.0702222222222222
941,30,38,2.533333333333333,3,1,10,0.2055555555555555,12,20,32,0.3008658008657979,-0.0852836176120587
942,30,48,3.2,4,1,8,0.2047619047619047,11,20,39,0.1901840490797545,-0.036468330134357
943,30,42,2.8,3,1,10,0.2077777777777778,12,23,37,0.1958974358974349,-0.0321361058601133
944,30,32,2.1333333333333333,2,1,11,0.0,12,18,29,-0.3514328808446455,-0.0278372591006423
945,30,42,2.8,3,1,12,0.1485714285714285,12,21,36,0.1232876712328766,-0.0554123711340206
946,30,33,2.2,2,1,15,0.05,11,18,27,-0.3925417075564277,-0.0770015298317185
947,30,47,3.1333333333333333,3,1,6,0.1452380952380952,10,17,42,-0.3042429117233056,-0.0332250811891081
948,30,40,2.6666666666666665,4,1,10,0.0574603174603174,12,22,37,0.2245012644001122,0.0455531453362255
949,30,33,2.2,2,1,19,0.0833333333333333,13,18,31,0.3279022403258664,-0.0396341463414634
950,30,37,2.466666666666667,3,1,9,0.1822222222222222,10,16,33,-0.2437853107344637,-0.0311475409836065
951,30,37,2.466666666666667,3,1,9,0.0644444444444444,13,21,32,-0.0746268656716422,-0.0277777777777778
952,30,33,2.2,2,1,21,0.1055555555555555,13,21,30,0.0090090090090101,-0.0137711864406779
953,30,31,2.066666666666667,2,1,15,0.0,12,21,30,-0.4307692307692286,-0.0634648370497427
954,30,42,2.8,4,1,9,0.1811111111111111,12,22,38,-0.0276486420357231,-0.1031390134529147
955,30,36,2.4,3,1,15,0.0911111111111111,13,21,32,0.1670951156812335,-0.0359712230215827
956,30,43,2.8666666666666667,4,1,10,0.07,13,20,40,0.1662477558348292,-0.1052631578947368
957,30,37,2.466666666666667,3,1,10,0.0477777777777777,12,20,27,0.1503703703703697,-0.0519902518277823
958,30,36,2.4,2,1,19,0.1666666666666666,13,23,30,0.2491767288693744,-0.0619469026548672
959,30,32,2.1333333333333333,3,1,11,0.0,12,21,29,-0.2424242424242424,-0.0112866817155756
960,30,39,2.6,3,1,9,0.1577777777777777,12,18,32,0.1374900079936055,-0.1108545034642032
961,30,44,2.933333333333333,4,1,9,0.2230158730158729,13,21,34,0.1652482269503546,-0.0864197530864197
962,30,42,2.8,4,1,12,0.2866666666666665,12,21,34,0.1304821574502866,-0.0693825588796944
963,30,38,2.533333333333333,3,1,14,0.2268253968253968,11,19,32,0.0673271785633867,-0.0753346080305927
964,30,35,2.333333333333333,3,1,15,0.0966666666666666,11,20,29,0.187349879903923,-0.0735227785295444
965,30,33,2.2,2,1,19,0.1055555555555555,11,18,31,-0.3611365719523352,-0.021671826625387
966,30,57,3.8,5,1,7,0.3441654641654642,12,19,44,-0.0077495229565012,-0.0557365803464242
967,30,46,3.066666666666667,4,1,11,0.3577777777777777,13,23,35,0.3367546432062565,-0.0072096128170894
968,30,35,2.333333333333333,3,1,13,0.0444444444444444,13,23,29,0.0200000000000004,-0.1161731207289293
969,30,44,2.933333333333333,3,1,15,0.1576190476190476,13,20,36,0.1699440447641886,-0.0811428571428571
970,30,36,2.4,3,1,9,0.1,11,20,31,-0.024911032028468,-0.0928013876843018
971,30,37,2.466666666666667,3,1,14,0.2455555555555555,12,18,28,-0.0931818181818189,-0.0157448526443278
972,30,51,3.4,4,1,9,0.2615873015873016,14,22,40,0.3663905841325202,-0.0414805360561582
973,30,37,2.466666666666667,3,1,8,0.0844444444444444,12,19,32,-0.1530328324986097,0.0149253731343283
974,30,31,2.066666666666667,2,1,19,0.0955555555555555,11,18,27,-0.2030685920577618,-0.0291929021179164
975,30,39,2.6,3,1,9,0.1822222222222222,14,21,32,0.4256532066508314,-0.0525164113785558
976,30,38,2.533333333333333,3,1,14,0.1,12,20,32,0.016742770167425,0.0545746388443017
977,30,35,2.333333333333333,2,1,18,0.2,12,19,29,-0.1116803278688525,-0.0326329906124273
978,30,31,2.066666666666667,2,1,20,0.0722222222222222,13,21,28,-0.2199074074074056,-0.1096997690531177
979,30,65,4.333333333333333,7,1,8,0.2392881192881192,12,22,45,0.2702644126571303,-0.0911475409836066
980,30,33,2.2,2,1,20,0.0,12,19,31,0.0090090090090095,-0.0972292191435768
981,30,34,2.2666666666666666,2,1,11,0.1677777777777777,13,22,30,-0.0927456382001835,-0.0298154283009938
982,30,39,2.6,3,1,11,0.1722222222222222,10,19,31,-0.1322087092977665,-0.0743022834360275
983,30,33,2.2,2,1,22,0.1444444444444444,12,21,30,-0.155,-0.1157786885245901
984,30,34,2.2666666666666666,3,1,11,0.05,12,19,30,0.0156815440289512,-0.0312796208530805
985,30,37,2.466666666666667,3,1,13,0.0255555555555555,10,17,32,-0.2542372881355935,-0.1035872632003225
986,30,35,2.333333333333333,3,1,12,0.07,13,21,29,0.1742770167427695,-0.0809546092653252
987,30,36,2.4,2,1,13,0.1033333333333333,11,19,31,0.0375556970082745,-0.1081658828559213
988,30,42,2.8,5,1,9,0.1111111111111111,14,24,36,0.2766581165261993,-0.0526315789473684
989,30,41,2.7333333333333334,4,1,7,0.0944444444444444,11,20,32,-0.1130396083667106,-0.0796576695194206
990,30,42,2.8,3,1,11,0.1788888888888888,12,21,34,0.2668103448275857,-0.0954198473282443
991,30,34,2.2666666666666666,3,1,9,0.1,13,23,28,-0.3534378769601937,-0.086682808716707
992,30,42,2.8,4,1,16,0.2544444444444445,12,21,35,0.2655150351887396,-0.1124031007751938
993,30,35,2.333333333333333,2,1,10,0.1111111111111111,10,17,33,-0.3789473684210532,-0.0828025477707006
994,30,37,2.466666666666667,3,1,10,0.0644444444444444,12,20,31,0.1881419234360403,-0.0166527893422148
995,30,39,2.6,3,1,11,0.1255555555555555,12,23,33,0.0998389694041873,-0.0567557671182717
996,30,44,2.933333333333333,3,1,9,0.1285714285714286,12,20,38,0.1632786885245902,-0.076529160739687
997,30,33,2.2,2,1,13,0.07,13,22,30,-0.1092436974789913,-0.0688259109311741
998,30,48,3.2,4,1,7,0.2215873015873015,11,18,39,0.1362229102167177,-0.0666666666666666
999,30,36,2.4,3,1,15,0.0422222222222222,12,21,31,0.0066889632107023,0.0383455407152089
1000,30,30,2.0,2,1,24,0.0555555555555555,12,20,26,-0.3888888888888901,0.0085679314565483
1,50,66,2.64,3,1,12,0.0527142857142857,20,31,57,-0.0763765541740665,-0.00323947171692
2,50,67,2.68,3,1,10,0.1475238095238095,22,36,54,0.0452416542102638,-0.0177630773000122
3,50,66,2.64,3,1,9,0.1985714285714285,19,32,52,-0.0804842762506675,-0.0408010012515644
4,50,69,2.76,4,1,12,0.1413333333333333,18,30,57,0.067567567567567,-0.0428211586901763
5,50,95,3.8,6,1,8,0.2503852813852813,20,36,73,0.1075906539824066,-0.0489595340654007
6,50,70,2.8,3,1,13,0.2068571428571428,21,32,60,0.1431516557144692,-0.0330948121645796
7,50,79,3.16,4,1,8,0.1699480519480519,20,33,64,0.1414971485024024,0.0527243872332921
8,50,64,2.56,4,1,13,0.1582857142857142,19,32,54,0.0319327731092436,-0.0201269755504525
9,50,76,3.04,4,1,9,0.1867272727272727,22,38,60,0.0896670472197788,0.0371436798157212
10,50,99,3.96,7,1,10,0.2845425685425686,20,36,74,0.0463219583664005,0.0060467769537935
11,50,62,2.48,3,1,18,0.0746666666666666,19,30,54,-0.0143405372651987,0.0150354609929077
12,50,71,2.84,5,1,13,0.0897142857142857,21,33,59,0.2178923909582938,-0.050364407701512
13,50,68,2.72,3,1,11,0.132,19,32,58,0.0862429783015747,-0.0241204847629132
14,50,75,3.0,5,1,12,0.1929523809523809,21,37,61,0.254821741671536,-0.0501750291715285
15,50,66,2.64,3,1,18,0.114,19,32,58,0.0236996977890886,-0.0411919368974583
16,50,98,3.92,8,1,9,0.1829191919191919,21,36,83,0.3127236295978245,-0.0318125212272161
17,50,67,2.68,3,1,16,0.1722222222222222,21,33,57,-0.1353927625772285,0.0018621973929236
18,50,70,2.8,5,1,10,0.0939047619047619,20,35,56,0.0489848290437012,-0.0088691796008869
19,50,82,3.28,6,1,9,0.2822380952380952,20,33,64,0.2073839892437952,-0.0246673158065563
20,50,76,3.04,5,1,12,0.249047619047619,20,37,60,0.4359515407283446,-0.0151703081767006
21,50,78,3.12,5,1,11,0.1278571428571428,20,35,62,0.2308660624370597,-0.0588235294117647
22,50,75,3.0,4,1,11,0.2047619047619047,19,33,63,0.0127309807799263,-0.0544815465729349
23,50,59,2.36,4,1,15,0.0613333333333333,21,34,50,0.2662589194699282,-0.0110609129147842
24,50,71,2.84,3,1,10,0.1358888888888888,22,37,59,-0.1565324110230946,-0.0279697268838433
25,50,75,3.0,4,1,9,0.1760476190476189,21,34,61,0.0556621880998079,-0.0303792569659442
26,50,91,3.64,6,1,7,0.2684444444444445,18,30,70,-0.0283300874133791,-0.0118472433648818
27,50,63,2.52,4,1,12,0.06,19,32,56,-0.218518518518518,-0.0277892990460389
28,50,67,2.68,3,1,14,0.0853333333333333,18,31,54,0.1786645800730309,-0.0087621868443786
29,50,61,2.44,3,1,18,0.1506666666666666,18,32,52,-0.167820773930753,0.0037804324814758
30,50,76,3.04,4,1,8,0.3023809523809524,19,35,58,-0.0443708609271527,-0.0282012195121951
31,50,72,2.88,3,1,13,0.1875714285714285,19,33,59,0.0549391069012175,-0.0336746542805869
32,50,85,3.4,7,1,12,0.1288730158730158,20,35,68,0.3139495308017695,-0.0839671199201045
33,50,94,3.76,5,1,7,0.3253694083694083,20,36,73,-0.016368157637948,-0.0585323598564534
34,50,70,2.8,5,1,16,0.0473333333333333,24,40,63,0.2900075131480102,-0.0664276912736641
35,50,90,3.6,6,1,8,0.192063492063492,18,32,68,0.0354011042546286,-0.0203117619272555
36,50,85,3.4,5,1,9,0.1808571428571428,18,34,68,0.1266552815028415,-0.0041650889814464
37,50,75,3.0,5,1,11,0.1397619047619047,20,34,59,0.0863831364864146,-0.0326772035295258
38,50,64,2.56,3,1,17,0.1821428571428571,21,34,55,-0.1130434782608695,-0.0082777036048064
39,50,70,2.8,4,1,9,0.1044444444444444,17,29,54,0.1646276024898049,0.0186546071226681
40,50,72,2.88,5,1,10,0.127031746031746,18,29,60,0.2257848285107806,-0.0282425663433869
41,50,77,3.08,4,1,7,0.2045295815295815,20,31,62,-0.0155567887532374,0.0158377327035287
42,50,62,2.48,3,1,16,0.1691428571428571,20,33,51,0.0234375000000003,-0.0323126851982503
43,50,67,2.68,3,1,11,0.0433333333333333,21,35,59,0.0419239519012021,-0.0231487092473639
44,50,78,3.12,4,1,9,0.1183492063492063,22,34,69,-0.0586674919315623,-0.0204301075268817
45,50,54,2.16,2,1,19,0.0619999999999999,21,32,46,-0.2230769230769207,0.0556279069767441
46,50,69,2.76,4,1,12,0.1088571428571428,19,32,57,0.0658263305322131,0.03485254691689
47,50,71,2.84,5,1,9,0.108095238095238,23,40,60,-0.0262126408623219,-0.0451499505657475
48,50,89,3.56,7,1,12,0.192936507936508,20,35,70,0.4509985349680006,-0.0488007763759878
49,50,80,3.2,5,1,9,0.1213751803751803,20,33,64,0.2451463343958274,-0.066297386186602
50,50,95,3.8,5,1,9,0.1962368742368742,20,36,75,0.1232091935180912,0.0179982974583485
51,50,72,2.88,5,1,14,0.1830952380952381,19,34,57,0.3558155540261534,0.006146878032999
52,50,74,2.96,4,1,9,0.1990476190476191,19,34,59,0.0538720538720534,-0.0295140614130974
53,50,69,2.76,4,1,14,0.1785714285714285,20,35,55,0.3272818961169939,-0.065821325648415
54,50,77,3.08,5,1,12,0.1781904761904762,21,35,59,0.3130695214426814,-0.0748461750390302
55,50,63,2.52,4,1,14,0.0541904761904761,21,32,56,0.076332324877822,-0.048107583529738
56,50,78,3.12,4,1,8,0.2253015873015872,21,33,65,0.1460997656511551,-0.0262233035955663
57,50,70,2.8,3,1,15,0.2534444444444444,18,31,62,-0.1164212281189222,-0.0610789121711992
58,50,62,2.48,3,1,12,0.1112222222222222,21,35,55,-0.0228772547294318,-0.024793388429752
59,50,91,3.64,5,1,11,0.2445873015873015,23,36,70,0.2415758591785418,-0.01845313436813
60,50,70,2.8,5,1,11,0.1508571428571428,18,30,55,-0.1068426034185188,-0.0518174787316318
61,50,59,2.36,3,1,14,0.1319999999999999,21,32,47,-0.0589743589743581,-0.0685402029664324
62,50,63,2.52,3,1,18,0.1146666666666666,19,36,55,0.1183206106870229,-0.0270793036750483
63,50,73,2.92,5,1,9,0.1233650793650793,21,32,58,-0.0369977737729252,-0.0438296549580354
64,50,78,3.12,4,1,14,0.2790476190476191,20,33,60,0.2556531360210213,0.0090744101633393
65,50,84,3.36,6,1,8,0.0988412698412698,19,31,66,-0.0685449957947856,-0.021595072893116
66,50,81,3.24,5,1,7,0.147004329004329,21,33,68,0.0623041884235082,-0.0541095890410958
67,50,69,2.76,5,1,14,0.0286666666666666,20,35,57,0.1613921553152859,-0.0331720801658604
68,50,70,2.8,4,1,15,0.2546666666666666,20,33,58,0.2431409649952707,-0.0104374861203642
69,50,57,2.28,2,1,22,0.0714285714285714,20,34,53,-0.0555555555555552,0.0184028364004727
70,50,66,2.64,4,1,10,0.1391428571428571,19,33,58,0.021033434650456,-0.0228721409823772
71,50,68,2.72,4,1,13,0.1707619047619047,18,33,56,0.3255340793489322,-0.0483870967741935
72,50,68,2.72,3,1,17,0.0804444444444444,19,31,58,0.11765071087105,-0.0135833633850222
73,50,70,2.8,5,1,14,0.1061428571428571,22,32,58,0.281972937581842,-0.0462911321807027
74,50,82,3.28,5,1,8,0.1752380952380952,19,32,64,0.1876511922589563,-0.0036387694343367
75,50,63,2.52,3,1,13,0.1333333333333333,20,33,54,-0.0866752910737391,-0.048834628190899
76,50,67,2.68,3,1,22,0.1606666666666666,19,33,58,-0.0630518763796909,-0.06966618287373
77,50,72,2.88,5,1,12,0.122,21,34,60,0.1229675356886953,-0.0451246449984222
78,50,77,3.08,5,1,11,0.1135238095238095,20,33,63,0.1653412856196153,-0.0503225806451613
79,50,91,3.64,7,1,8,0.1525873015873015,20,36,71,0.301615413513659,-0.0118472433648818
80,50,86,3.44,6,1,7,0.1223943833943833,19,31,71,0.0561237216263408,-0.0065930809689606
81,50,75,3.0,3,1,11,0.2657460317460318,21,33,60,0.028393966282165,-0.0497667185069984
82,50,86,3.44,7,1,9,0.1476969696969697,18,31,68,0.1301828527809582,-0.0366129275274973
83,50,78,3.12,5,1,9,0.0629523809523809,20,35,70,-0.0497624971725861,-0.02299676607977
84,50,72,2.88,5,1,12,0.0908571428571428,19,34,62,0.1393939393939387,0.0065851364063969
85,50,71,2.84,3,1,11,0.0952222222222222,18,30,61,-0.0927148791138568,0.0339076045210139
86,50,60,2.4,4,1,11,0.0406666666666666,19,34,53,0.2118432026688907,-0.070110701107011
87,50,59,2.36,3,1,16,0.078,17,29,54,-0.2288312869486129,-0.0140038192234245
88,50,68,2.72,4,1,13,0.1591428571428571,20,35,54,0.2554991539763114,0.0266014553262555
89,50,68,2.72,3,1,17,0.258,23,36,55,0.0743099787685765,-0.0311574458002606
90,50,83,3.32,5,1,11,0.1473679653679653,21,35,65,0.1483715512151532,-0.0297268992185611
91,50,71,2.84,4,1,11,0.1186666666666666,19,35,59,0.1844938980617377,-0.0252707581227436
92,50,63,2.52,3,1,15,0.1033333333333333,23,36,57,0.3257328990228,-0.0117038649972781
93,50,84,3.36,6,1,13,0.2884415584415584,22,37,66,0.2579069581231477,-0.0353381699040486
94,50,89,3.56,6,1,6,0.1633347763347763,20,37,70,0.1727891156462586,-0.0122754698661488
95,50,65,2.6,3,1,19,0.2373333333333333,22,37,53,0.3067693675011104,-0.0472972972972973
96,50,88,3.52,5,1,9,0.2187142857142857,22,39,74,0.2029654497132462,-0.0551558752997602
97,50,65,2.6,3,1,15,0.2106666666666667,19,33,57,-0.0574369189907041,-0.0023929805902685
98,50,68,2.72,3,1,19,0.1493333333333333,20,34,53,0.2702507481168091,-0.001811375437749
99,50,64,2.56,3,1,14,0.1086666666666666,19,33,55,-0.2891626435824871,-0.038850452368281
100,50,76,3.04,4,1,11,0.1219047619047619,22,37,67,0.0496934494998387,-0.0390202221589291
101,50,71,2.84,6,1,9,0.0766666666666666,21,38,56,0.3134790175981425,-0.0135178976965502
102,50,72,2.88,6,1,8,0.092,22,36,60,0.1394072447859483,-0.0763238235603747
103,50,78,3.12,6,1,13,0.1913968253968254,19,33,63,0.501390820584145,-0.0473598258029395
104,50,65,2.6,3,1,15,0.236,20,33,55,0.1109422492401215,-0.0430956386696001
105,50,86,3.44,6,1,9,0.2519890109890109,22,35,67,0.1251903364048786,-0.0526944320047768
106,50,131,5.24,10,1,9,0.2616338398443661,20,35,91,0.1976742154190255,-0.0443280079719695
107,50,62,2.48,3,1,12,0.1348095238095238,20,35,52,0.1656501113370127,-0.0299298295861377
108,50,63,2.52,3,1,10,0.1206349206349206,19,32,55,-0.0935791939455818,-0.0397469398982258
109,50,93,3.72,7,1,7,0.1528398268398268,21,37,74,0.1211996713229254,-0.0467277900727158
110,50,87,3.48,5,1,10,0.1806666666666666,22,35,76,0.1697528913606776,-0.0394871047646801
111,50,69,2.76,5,1,10,0.1056190476190476,20,33,59,-0.0038863976083721,0.0063871791894088
112,50,80,3.2,6,1,12,0.1921269841269841,21,37,65,0.2588035177879919,0.0087764584408879
113,50,59,2.36,3,1,19,0.0166666666666666,21,36,50,0.1522988505747123,-0.0260869565217391
114,50,72,2.88,4,1,11,0.1163809523809523,18,29,61,0.1500273629896017,0.0031948881789137
115,50,76,3.04,5,1,14,0.1672380952380952,20,32,62,0.3077470468238534,-0.0206235011990407
116,50,69,2.76,4,1,12,0.1446666666666666,21,34,56,0.1821273964131107,-0.0224589025237323
117,50,88,3.52,6,1,7,0.195010101010101,20,33,70,0.0391052330802511,-0.0539656012812478
118,50,61,2.44,4,1,26,0.0585714285714285,21,35,51,0.2523376295173103,-0.0436578171091445
119,50,76,3.04,5,1,10,0.1911428571428571,20,34,63,0.1498165634209424,-0.0380915736821854
120,50,72,2.88,4,1,14,0.152,20,36,60,0.0695825049701786,-0.0163278204993152
121,50,69,2.76,3,1,16,0.186,21,37,58,0.2263081745840351,-0.0303239145416953
122,50,83,3.32,5,1,15,0.2198138528138528,20,35,62,0.3636346079567398,-0.0375
123,50,65,2.6,4,1,15,0.143,18,33,55,0.0895275850677239,0.0269205515430072
124,50,61,2.44,4,1,13,0.0886666666666666,19,33,54,0.0411924119241189,-0.0226470588235293
125,50,64,2.56,3,1,17,0.1053333333333333,19,35,58,0.1756826378155589,-0.0077395249532959
126,50,64,2.56,3,1,11,0.2253333333333333,23,36,52,0.0267639902676399,0.068714632174616
127,50,81,3.24,4,1,10,0.1775714285714286,22,37,66,0.031827263486277,-0.0127531882970742
128,50,74,2.96,5,1,8,0.1301428571428571,21,34,62,0.1655058043117744,-0.04578025477707
129,50,73,2.92,4,1,13,0.1799999999999999,20,35,58,-0.069184814029678,-0.0101750101750101
130,50,67,2.68,5,1,11,0.0749047619047619,19,30,58,0.1014720519671017,-0.0869249394673123
131,50,71,2.84,5,1,8,0.0925714285714285,20,32,60,0.1356003358522254,-0.0371643394199785
132,50,73,2.92,5,1,12,0.102095238095238,23,35,63,0.3933185221755947,0.0230029276453366
133,50,85,3.4,7,1,8,0.1539047619047619,19,32,66,0.1240317808583489,-0.0146569960713206
134,50,72,2.88,4,1,14,0.1648888888888889,19,33,60,0.087947882736156,-0.0438071225969114
135,50,79,3.16,5,1,10,0.1198253968253968,21,34,70,0.1534609143304794,-0.0216120460584588
136,50,72,2.88,4,1,9,0.163047619047619,23,37,59,0.0599999999999998,-0.0495405091370022
137,50,57,2.28,3,1,18,0.0333333333333333,18,31,52,-0.321384145651928,-0.0596586107824911
138,50,96,3.84,6,1,8,0.1996666666666666,18,31,74,0.1246200607902731,-0.0132827324478178
139,50,74,2.96,5,1,10,0.1588571428571428,20,33,59,0.0071657264826952,-0.0310985460420032
140,50,61,2.44,3,1,17,0.03,21,34,56,0.0821194173203135,-0.0435039079781743
141,50,63,2.52,3,1,16,0.042,21,35,58,0.1998412383409393,-0.0371793112909864
142,50,80,3.2,5,1,10,0.2874285714285713,21,36,63,0.3058679863744453,-0.005947323704333
143,50,56,2.24,2,1,19,0.03,21,33,51,0.0946882217090093,-0.0310925829425047
144,50,89,3.56,5,1,9,0.3263362193362193,20,31,67,0.2459203252341421,-0.0112935633617404
145,50,62,2.48,3,1,11,0.0768571428571428,19,30,51,0.1059691482226688,0.0122332859174964
146,50,80,3.2,5,1,15,0.2486984126984127,21,34,62,0.333745874587459,0.0141206675224646
147,50,81,3.24,5,1,11,0.2048571428571428,22,35,67,0.0210025757875967,-8.342370901811213e-05
148,50,69,2.76,5,1,12,0.0578095238095238,19,33,61,0.2908714051299773,0.0004598758335249
149,50,75,3.0,5,1,10,0.1116666666666666,20,32,60,0.1187428353076042,0.0009794319294808
150,50,73,2.92,4,1,9,0.116,22,34,62,-0.040363462458154,-0.0169456284437051
151,50,75,3.0,5,1,14,0.0957777777777777,19,32,58,0.3548650858544562,-0.0309278350515464
152,50,108,4.32,8,1,8,0.265982683982684,20,33,77,0.286473317865429,-0.0252210330386226
153,50,74,2.96,4,1,14,0.1708888888888889,19,32,59,0.3286697999781395,-0.0511153346003801
154,50,78,3.12,5,1,10,0.1525238095238095,19,36,63,0.2453183520599253,-0.0263157894736842
155,50,66,2.64,4,1,14,0.1466666666666666,20,33,55,0.004051977085372,-0.0218274111675127
156,50,89,3.56,5,1,9,0.1882337662337661,20,31,75,0.2414218654487159,-0.0771370939695346
157,50,72,2.88,5,1,13,0.1696825396825396,21,35,58,0.1567914438502681,-0.0424635332252836
158,50,66,2.64,4,1,12,0.1183982683982684,17,29,57,-0.1822241745369358,-0.0053313023610053
159,50,72,2.88,4,1,8,0.1212380952380952,19,34,60,0.1456628477905075,-0.010790990047145
160,50,68,2.72,3,1,12,0.0985714285714285,19,31,62,-0.0851912696550107,-0.0430678466076696
161,50,67,2.68,4,1,12,0.1137777777777777,19,31,60,-0.0410293760621511,0.0028059045992436
162,50,63,2.52,3,1,15,0.2113333333333333,19,34,51,-0.1082665903890155,-0.0713688318929467
163,50,70,2.8,5,1,24,0.1989523809523809,20,34,55,0.4574769912116806,-0.0084610107477703
164,50,58,2.32,3,1,16,0.0646666666666666,20,33,52,0.0546332629037129,-0.0073978771309102
165,50,59,2.36,3,1,15,0.0733333333333333,21,35,54,0.0401301518438174,-0.0742692860565405
166,50,95,3.8,8,1,7,0.115013431013431,19,33,74,0.1785777307217216,-0.0337449565961608
167,50,69,2.76,4,1,10,0.062,20,33,63,-0.2309217046580771,-0.028080229226361
168,50,84,3.36,6,1,7,0.1979047619047619,18,35,70,0.0367822175178617,-0.0776053215077605
169,50,74,2.96,5,1,8,0.0773333333333333,20,36,64,0.2362385321100913,-0.0488072661942309
170,50,72,2.88,4,1,19,0.282031746031746,20,34,58,0.304856641310708,-0.0293395924463885
171,50,65,2.6,5,1,11,0.0868571428571428,19,31,56,0.0173708920187791,-0.0089450144698763
172,50,81,3.24,4,1,9,0.271021645021645,19,33,64,-0.1444444444444448,-0.0190388325085968
173,50,63,2.52,4,1,9,0.0919047619047619,20,34,53,0.1208997188378626,0.0103348491112029
174,50,73,2.92,5,1,15,0.1149047619047619,20,35,66,0.208348479340846,-0.0261498708010336
175,50,64,2.56,3,1,14,0.1001904761904762,19,32,53,0.0886870725417647,-0.0767792762718654
176,50,75,3.0,4,1,11,0.2463333333333333,21,38,62,0.0511354613307923,-0.0685406237966885
177,50,66,2.64,4,1,11,0.1186666666666666,18,32,56,0.0510624801776077,0.0269445856634468
178,50,80,3.2,6,1,11,0.1576031746031746,22,36,66,0.2293991494311356,-0.0100665415458112
179,50,64,2.56,4,1,11,0.08,20,36,58,0.1583333333333333,0.0044253721335657
180,50,58,2.32,3,1,21,0.1506666666666666,18,33,49,0.0435594275046659,-0.0823680823680823
181,50,76,3.04,3,1,13,0.2397619047619047,20,32,61,0.0230962257387207,-0.0171536286522148
182,50,63,2.52,3,1,13,0.1071428571428571,19,32,51,0.0992670346574965,-0.0226991333058192
183,50,59,2.36,3,1,11,0.0466666666666666,22,33,50,-0.0220732048058106,0.0403503284329058
184,50,68,2.72,4,1,10,0.095047619047619,19,31,59,0.0735694822888284,-0.0095440084835631
185,50,62,2.48,3,1,14,0.1273333333333333,21,36,54,0.1698984302862424,-0.0779535413994585
186,50,98,3.92,6,1,9,0.241985014985015,17,30,79,0.0538335301605802,-0.0395802440971826
187,50,60,2.4,4,1,20,0.046,20,31,53,0.2599514109512224,-0.007018614586512
188,50,59,2.36,2,1,19,0.0893333333333333,20,36,52,-0.0050851767098899,-0.0439236380568058
189,50,82,3.28,5,1,9,0.2614920634920635,19,31,63,0.2250891740399312,-0.0048371493066752
190,50,76,3.04,4,1,9,0.2639047619047618,21,33,62,0.0176899063475535,-0.0487712665406427
191,50,75,3.0,5,1,11,0.2236825396825396,17,31,61,0.0527815809326881,-0.0241992167888342
192,50,81,3.24,7,1,9,0.1464473304473304,18,32,63,0.1289679977865906,-0.0216093500378373
193,50,63,2.52,3,1,19,0.09,20,34,57,0.1732541790345266,-0.0751445086705202
194,50,73,2.92,5,1,9,0.0991904761904761,21,35,64,0.0479793914023506,-0.0222593792454801
195,50,98,3.92,6,1,10,0.2803809523809524,22,38,74,0.4850948509485088,-0.0485458994934836
196,50,68,2.72,4,1,14,0.1213809523809523,18,32,59,0.1075760588586201,0.0003556609365737
197,50,70,2.8,4,1,15,0.2059047619047619,20,32,55,0.128743679502139,-0.0644628099173553
198,50,68,2.72,3,1,14,0.1818571428571428,22,36,56,0.0935146304072513,0.0123809523809524
199,50,73,2.92,5,1,16,0.1472380952380952,19,32,61,0.379878776747176,-0.0747367344852264
200,50,72,2.88,4,1,11,0.1765714285714286,20,35,60,0.0843330026156763,-0.0536585365853658
201,50,70,2.8,5,1,13,0.1201111111111111,18,31,58,0.1498474536493781,0.0165031222123104
202,50,63,2.52,3,1,14,0.0644761904761904,21,35,57,0.1890732265446228,0.009925558312655
203,50,82,3.28,4,1,12,0.233047619047619,18,30,66,0.0523986449568345,-0.0038878319133096
204,50,78,3.12,4,1,9,0.1528253968253968,21,34,66,0.2011117879987819,-0.0178762960314622
205,50,82,3.28,5,1,8,0.2309393939393939,19,34,63,-0.0036043044211071,-0.008659059642308
206,50,82,3.28,4,1,9,0.1981855921855921,19,33,63,-0.0351362523450667,-0.0065466448445172
207,50,73,2.92,5,1,11,0.1969523809523809,21,35,58,0.3266666666666672,-0.0336283185840707
208,50,86,3.44,6,1,11,0.2073073593073592,21,38,66,0.1310081148564298,0.0248140784920108
209,50,88,3.52,7,1,8,0.1829206349206349,19,35,68,0.1827886710239643,-0.0684738105322603
210,50,60,2.4,3,1,13,0.0486666666666666,21,35,53,-0.0420284821118447,-0.0527935970447898
211,50,67,2.68,4,1,14,0.1446666666666667,20,35,53,0.1552890528905296,-0.028258221680877
212,50,66,2.64,4,1,15,0.1353333333333333,22,36,54,0.5975220211015393,-0.0347144456886897
213,50,78,3.12,5,1,9,0.129007215007215,21,35,60,0.3051326536579664,-0.0419712970484701
214,50,73,2.92,5,1,13,0.0781904761904762,20,34,67,0.4463243873978985,-0.0896651808852492
215,50,78,3.12,7,1,8,0.0820952380952381,21,35,66,0.1405635133008021,-0.0659953245819097
216,50,78,3.12,4,1,8,0.2013968253968253,19,32,63,0.0084520482584691,-0.0195165622202327
217,50,70,2.8,4,1,14,0.1553333333333333,19,30,55,0.3310746242724352,-0.0533408197641774
218,50,64,2.56,3,1,11,0.1395555555555555,20,36,54,0.0646468956688713,-0.0571351204982399
219,50,66,2.64,4,1,13,0.1580952380952381,22,37,53,0.3928682170542632,-0.0422358691565359
220,50,66,2.64,4,1,13,0.158,20,35,56,0.0483460559796435,-0.0925507900677201
221,50,74,2.96,4,1,17,0.1949206349206349,18,31,60,-0.027468299374352,-0.0423583861555488
222,50,85,3.4,5,1,9,0.2042857142857142,21,33,66,0.2352644412679742,-0.0409736921681282
223,50,94,3.76,6,1,12,0.2612871572871573,22,39,71,0.5238571696579318,0.0083772882407694
224,50,93,3.72,7,1,10,0.1649682539682539,18,33,71,0.2657389569285809,-0.0369088811995386
225,50,73,2.92,4,1,14,0.1633333333333333,20,33,60,0.294130874747021,-0.0695418902187371
226,50,75,3.0,3,1,11,0.365,18,30,57,-0.0539342887939638,-0.0377082724349605
227,50,76,3.04,5,1,9,0.1855238095238095,19,32,64,0.0755525098509508,-0.0099667774086378
228,50,77,3.08,4,1,9,0.2231645021645021,18,33,62,0.0745338347842095,-0.0111902339776195
229,50,71,2.84,5,1,9,0.1566666666666666,18,34,59,-0.0389030053447818,-0.025944170771757
230,50,71,2.84,4,1,11,0.1173333333333333,21,37,60,0.3572373105482643,-0.0034790171776473
231,50,68,2.72,3,1,9,0.132,22,33,58,-0.0239918325676366,-0.0318909306461173
232,50,63,2.52,4,1,14,0.1286666666666666,20,34,52,0.2690693655887439,-0.0523385300668151
233,50,71,2.84,4,1,12,0.0933333333333333,20,34,59,0.1676114403504252,-0.0293194850156875
234,50,70,2.8,5,1,10,0.164984126984127,19,33,63,0.0543056220413808,-0.0715474209650582
235,50,70,2.8,3,1,10,0.1179047619047619,23,34,59,0.203187250996016,-0.0260966129927817
236,50,60,2.4,4,1,17,0.054,21,37,55,0.1569421290783523,-0.0133578995854445
237,50,67,2.68,4,1,14,0.1093333333333333,21,34,56,0.1809479875446882,-0.0734312416555407
238,50,60,2.4,3,1,15,0.1093333333333333,21,34,49,0.1409090909090909,-0.0557184750733137
239,50,67,2.68,4,1,10,0.1704761904761904,20,34,55,0.0379092475588746,0.0095722767478492
240,50,89,3.56,6,1,7,0.0975887445887445,19,34,75,-0.0644393092134278,-0.0108672789735679
241,50,64,2.56,4,1,11,0.1093333333333333,21,31,52,0.0144369586140519,-0.0766517433184099
242,50,71,2.84,4,1,12,0.1339047619047619,17,32,60,0.128508912370584,-0.0294308591214022
243,50,90,3.6,6,1,10,0.1957720057720058,21,38,66,0.347167743424089,-0.0417928528164748
244,50,74,2.96,5,1,13,0.1436190476190476,21,37,60,0.2406965821229858,-0.015311195068602
245,50,77,3.08,5,1,17,0.1568888888888889,22,33,63,0.2791425289042065,-0.0353907927911102
246,50,85,3.4,4,1,9,0.1933174603174602,20,33,64,0.0723883831816212,-0.0337837837837838
247,50,61,2.44,4,1,12,0.104,21,37,54,-0.1197671815536149,-0.0625922645408916
248,50,70,2.8,4,1,12,0.1201269841269841,21,34,59,-0.1067446536282217,-0.0514516309830736
249,50,73,2.92,4,1,10,0.2713333333333333,19,32,58,-0.0897750511247439,-0.0782644373781926
250,50,102,4.08,8,1,7,0.1713967143967144,21,34,79,0.2311839788732395,-0.0160546812907327
251,50,82,3.28,5,1,8,0.1811515151515151,18,31,66,-0.0551409111301439,-0.0681032403312696
252,50,87,3.48,7,1,7,0.1547402597402597,20,35,69,-0.0556478243029372,-0.0343049487932392
253,50,73,2.92,3,1,14,0.2005714285714286,19,30,58,-0.0738697609536495,-0.0389851485148514
254,50,72,2.88,4,1,9,0.160095238095238,22,36,58,0.168227121715493,-0.004438807863031
255,50,55,2.2,3,1,37,0.07,20,32,47,-0.0956175298804774,-0.0358565737051792
256,50,67,2.68,5,1,9,0.0799999999999999,22,35,61,-0.089430894308941,0.0279289082335872
257,50,70,2.8,5,1,9,0.1447619047619047,20,33,58,0.1434034416826002,-0.0419485791610284
258,50,76,3.04,5,1,10,0.2029157509157509,20,34,61,0.1306850263191448,-0.0242004365568947
259,50,62,2.48,3,1,27,0.172,21,33,55,0.1673381681439699,-0.0163934426229508
260,50,61,2.44,3,1,25,0.1099999999999999,23,37,52,0.2023941068139959,-0.017120738424892
261,50,68,2.72,3,1,11,0.0579999999999999,21,34,60,0.0749403341288777,0.0108501251937522
262,50,62,2.48,3,1,13,0.1353333333333333,21,32,54,-0.1261599210266525,-0.0584720443875373
263,50,70,2.8,3,1,14,0.1646666666666666,22,39,57,0.252244165170556,-0.0626486915146708
264,50,76,3.04,5,1,9,0.1151428571428571,20,34,59,0.1107565483313393,-0.0365319045299561
265,50,90,3.6,7,1,12,0.1834920634920634,21,38,70,0.3427294738292559,0.0495130983404196
266,50,66,2.64,4,1,11,0.1306666666666666,21,35,57,0.0391659622428841,-0.0565366535383051
267,50,69,2.76,4,1,8,0.1236666666666666,18,31,57,-0.1415877068093669,0.0329695577254451
268,50,66,2.64,3,1,16,0.1109523809523809,20,32,54,-0.1497304023226874,-0.0267046927663987
269,50,84,3.36,5,1,9,0.1866984126984127,20,35,65,0.0986899563318774,-0.0401671697237056
270,50,70,2.8,4,1,12,0.0886666666666666,20,34,57,0.3100275988960449,-0.0163055617601072
271,50,62,2.48,3,1,15,0.114,20,30,53,0.0952883263009836,0.0157335223245925
272,50,69,2.76,4,1,11,0.1406666666666667,20,35,62,-0.1454183266932274,-0.0303239145416954
273,50,67,2.68,4,1,11,0.1633333333333333,20,31,56,0.1039358043561336,0.0008846202451661
274,50,77,3.08,6,1,13,0.1324126984126984,21,35,60,0.1535924852603178,-0.0516795865633074
275,50,72,2.88,5,1,16,0.115047619047619,21,35,58,0.2322729696108049,0.0173228346456692
276,50,71,2.84,4,1,11,0.1137777777777777,21,35,59,0.2415029451578678,-0.0244862264975951
277,50,68,2.72,5,1,8,0.0326666666666666,18,30,58,-0.0153886280646844,0.0308788598574821
278,50,71,2.84,4,1,21,0.2169047619047618,20,34,60,0.2713835145695049,-0.062459336369551
279,50,69,2.76,5,1,9,0.0713333333333333,21,38,58,0.1538806639748752,-0.0010362694300518
280,50,66,2.64,4,1,13,0.0819999999999999,21,35,57,0.1527777777777792,-0.0143777887952404
281,50,72,2.88,4,1,10,0.1699047619047618,21,33,60,-0.1121995328159141,-0.0246389124893797
282,50,71,2.84,3,1,13,0.2212380952380952,18,33,60,-0.1103570374741818,-0.0175895765472312
283,50,60,2.4,4,1,14,0.0613333333333333,21,35,53,-0.1785444472425092,-0.0135746606334841
284,50,79,3.16,5,1,15,0.2386666666666666,20,34,61,0.565040650406503,-0.0802945301542776
285,50,68,2.72,3,1,23,0.2248484848484848,20,34,58,0.0235972356500876,0.0150777632672444
286,50,68,2.72,5,1,10,0.012,20,37,59,0.1945137157107243,0.008959503046231
287,50,85,3.4,5,1,8,0.352937062937063,19,34,67,-0.0053449051411636,-0.03228285933897
288,50,72,2.88,4,1,10,0.1656190476190476,19,33,60,0.2015276145710922,0.0406091370558375
289,50,78,3.12,4,1,9,0.1653174603174603,20,35,63,0.2466097438473138,0.0007217610970768
290,50,69,2.76,4,1,15,0.1666666666666666,20,33,57,0.2683088478957254,-0.0321849501359927
291,50,102,4.08,7,1,8,0.2949010989010989,21,35,80,0.0214673271998108,-0.0386856333000892
292,50,77,3.08,4,1,14,0.1663593073593073,20,33,68,0.0687437373290144,0.0020964360587001
293,50,82,3.28,6,1,9,0.1999206349206349,19,33,67,0.2177255153165109,-0.0478374836173001
294,50,59,2.36,3,1,12,0.084095238095238,17,32,49,-0.0551750380517504,-0.0715309861398757
295,50,61,2.44,3,1,13,0.0536190476190476,18,30,53,0.0628711593080292,-0.080123948649845
296,50,58,2.32,3,1,22,0.0333333333333333,18,30,51,-0.1691498685363727,-0.0131004366812227
297,50,67,2.68,4,1,10,0.1366666666666666,19,34,58,-0.0133569043409939,0.0113133300541072
298,50,75,3.0,6,1,11,0.1464761904761904,21,35,60,0.260752688172044,-0.0160634797754983
299,50,70,2.8,5,1,8,0.072095238095238,21,34,60,-0.0848064792461641,0.0118754201209948
300,50,66,2.64,4,1,16,0.0493333333333333,23,38,59,0.2651475919212852,-0.0768072289156626
301,50,92,3.68,8,1,7,0.1435555555555555,22,34,75,0.0611996721918206,-0.0090322580645161
302,50,75,3.0,5,1,7,0.1648571428571428,20,32,64,-0.0122921185827918,-0.0498687664041994
303,50,68,2.72,4,1,10,0.0724285714285714,20,31,56,0.0624861018456748,0.0037807183364839
304,50,82,3.28,6,1,9,0.1513296703296703,20,31,64,-0.0477902387558127,-0.0744964814365445
305,50,81,3.24,5,1,14,0.2395238095238095,20,35,63,0.6027992031465491,-0.0281797410510281
306,50,86,3.44,6,1,8,0.2112380952380952,21,36,69,-0.0671094023068858,-0.0379746835443038
307,50,59,2.36,3,1,21,0.0673333333333333,21,34,52,0.0247933884297527,-0.0696564885496183
308,50,83,3.32,5,1,7,0.1419047619047619,22,35,71,-0.0086903387874266,-0.0079897730904442
309,50,88,3.52,6,1,8,0.1288095238095238,20,35,70,0.0823939737159085,-0.0476932889235348
310,50,63,2.52,3,1,17,0.1653333333333333,22,36,52,0.1480824650853473,-0.0641601961585615
311,50,78,3.12,6,1,8,0.0991269841269841,21,35,64,-0.0259687563400284,-0.0778894472361809
312,50,65,2.6,3,1,17,0.1113333333333333,21,38,57,0.1081081081081077,0.0323844345782188
313,50,111,4.44,7,1,5,0.2215763125763125,21,39,84,-0.0189106160666662,-0.0207580018749163
314,50,76,3.04,5,1,9,0.1391428571428571,21,35,63,0.2899195137051829,-0.0591828942344406
315,50,66,2.64,3,1,12,0.2153333333333333,20,35,55,-0.1865168539325831,-0.0137227747702379
316,50,72,2.88,5,1,11,0.1976190476190476,23,38,58,0.3925558312655086,-0.0296529968454258
317,50,79,3.16,4,1,8,0.1872673992673992,21,35,66,0.1265407607258106,-0.0151381798979052
318,50,59,2.36,3,1,13,0.0646666666666666,19,35,52,0.0215588723051431,0.0444585582724674
319,50,61,2.44,3,1,15,0.0466666666666666,20,34,53,-0.22,0.0010235414534288
320,50,68,2.72,4,1,10,0.0615238095238095,21,36,56,0.2710464201416212,-0.0676039835969536
321,50,66,2.64,4,1,16,0.1546666666666666,19,32,57,0.0233258088788561,0.015299026425591
322,50,77,3.08,5,1,16,0.2107142857142857,21,33,64,0.4674139884324128,-0.0462724935732647
323,50,71,2.84,3,1,12,0.1964761904761904,22,33,59,-0.0228614614330924,-0.0051181531090057
324,50,71,2.84,5,1,11,0.1213015873015872,21,34,59,0.0334464161447461,-0.0307963044434667
325,50,67,2.68,4,1,10,0.1184761904761904,22,38,58,0.0945945945945951,-0.0125533211456428
326,50,73,2.92,5,1,8,0.178,20,32,56,0.0340441932168555,-0.0442423623173597
327,50,77,3.08,5,1,10,0.1789682539682539,21,34,66,0.1258066081218765,0.0036968576709796
328,50,64,2.56,3,1,13,0.1398095238095238,18,32,54,0.1399776035834266,-0.0424867653047373
329,50,73,2.92,4,1,13,0.1588571428571428,21,36,60,0.142599798241821,-0.0749766670123405
330,50,73,2.92,4,1,15,0.0540952380952381,20,35,67,0.1386995280545364,-0.005757762697923
331,50,80,3.2,6,1,9,0.1576825396825396,21,34,63,0.1259691873930117,-0.0442046641141663
332,50,70,2.8,4,1,10,0.2015238095238095,19,35,54,0.208088366292535,0.0247191011235954
333,50,83,3.32,5,1,13,0.1964529914529914,21,34,64,0.3319815323184427,0.0272645885895662
334,50,80,3.2,4,1,10,0.1895584415584416,18,31,66,0.1502131895232578,-0.044932079414838
335,50,87,3.48,6,1,12,0.253095238095238,19,32,68,0.3707102571455882,-0.0442801727292688
336,50,72,2.88,5,1,10,0.13,20,34,62,0.1186440677966096,-0.0571578395385422
337,50,59,2.36,3,1,14,0.012,20,33,55,-0.3290715372907152,-0.037109375
338,50,68,2.72,3,1,11,0.1415714285714285,19,32,61,-0.3621661357510411,-0.0719049351279253
339,50,102,4.08,9,1,8,0.1587232767232767,21,35,78,0.275227316080626,-0.0288262462175506
340,50,75,3.0,6,1,13,0.1463650793650793,19,29,58,0.238649985016481,-0.0656142081894425
341,50,90,3.6,7,1,13,0.1121111111111111,22,37,69,0.3205447631179628,-0.0087097427587603
342,50,73,2.92,5,1,13,0.0972380952380952,22,34,63,0.2352380952380953,-0.0512365647500782
343,50,73,2.92,5,1,10,0.0602857142857142,19,31,61,0.1176225408469492,-0.0261498708010335
344,50,65,2.6,3,1,15,0.1786666666666666,19,31,58,-0.2270493922937688,-0.0230758970254768
345,50,73,2.92,4,1,9,0.1518730158730158,21,35,60,0.0832207296717273,-0.0296402289452166
346,50,76,3.04,4,1,19,0.2366666666666666,19,34,61,0.0393545495293586,-0.0422693969566034
347,50,63,2.52,3,1,12,0.1132380952380952,22,36,54,-0.0638041249547707,-0.0533649157029399
348,50,78,3.12,4,1,9,0.1282857142857143,20,35,63,0.1428158287945248,0.0206278026905829
349,50,69,2.76,5,1,11,0.1088571428571428,20,34,58,0.2586339217191098,-0.0440165061898212
350,50,65,2.6,3,1,14,0.1453333333333333,18,29,56,-0.1928838951310867,-0.0566334556895647
351,50,58,2.32,3,1,15,0.04,19,32,51,0.0685224839400427,0.0438015193146921
352,50,76,3.04,4,1,10,0.0915238095238095,19,31,65,0.1677725805866783,-0.0508221225710014
353,50,64,2.56,3,1,14,0.074,21,33,58,-0.1581769436997319,-0.0618142895370618
354,50,78,3.12,5,1,10,0.1054761904761904,22,39,65,0.3907319641916797,-0.0801186943620178
355,50,81,3.24,4,1,9,0.2325454545454544,22,39,69,0.1706652126499458,-0.0230162027420024
356,50,69,2.76,3,1,20,0.2587301587301587,19,33,56,-0.0691901476313456,0.0003505082369435
357,50,90,3.6,7,1,9,0.2292380952380952,19,35,70,0.2015931927220053,-0.0364914630063608
358,50,76,3.04,5,1,10,0.1228412698412698,18,33,63,-0.1181465057921697,-0.0314441364809328
359,50,71,2.84,5,1,14,0.0813333333333333,22,36,60,0.2548278757346772,-0.0192495921696574
360,50,63,2.52,4,1,11,0.0694285714285714,20,33,54,-0.108488541756072,-0.0210135970333745
361,50,89,3.56,6,1,9,0.2187460317460317,20,35,67,0.1785818927629654,0.0041076487252124
362,50,74,2.96,4,1,9,0.1818412698412698,21,37,56,0.1806426635694926,-0.0582977455556659
363,50,66,2.64,3,1,15,0.1289523809523809,22,38,57,-0.0397662304662675,-0.0237762237762237
364,50,64,2.56,4,1,10,0.188,22,35,53,-0.1820330969267139,-0.0237270061316982
365,50,73,2.92,3,1,12,0.2397142857142857,21,35,61,0.2139973082099592,-0.0296618958722256
366,50,107,4.28,9,1,9,0.1638946608946609,19,37,83,0.3810987415295263,-0.041210528876563
367,50,75,3.0,4,1,13,0.1668888888888888,19,33,62,0.1606963112084792,-0.0577864838393731
368,50,65,2.6,4,1,12,0.0968571428571428,21,34,53,0.0878349818243298,-0.0490585372101959
369,50,62,2.48,3,1,14,0.1181428571428571,20,32,53,-0.0736585365853664,-0.0467878094147946
370,50,77,3.08,5,1,9,0.0995396825396825,18,31,65,-0.0078014184397166,-0.0084190832553788
371,50,67,2.68,3,1,12,0.1825714285714286,17,29,54,-0.257729681978798,-0.0340004822763443
372,50,70,2.8,3,1,9,0.0782857142857142,19,32,59,-0.1601642710472285,-0.0247747747747747
373,50,95,3.8,6,1,8,0.220095238095238,18,31,76,0.0969636424181883,-0.0165426480536252
374,50,73,2.92,6,1,15,0.0966666666666666,22,36,61,0.3008634378721714,0.0066987649152187
375,50,76,3.04,6,1,9,0.1092857142857142,21,35,61,0.0928381962864714,-0.0037735849056604
376,50,62,2.48,4,1,18,0.1189523809523809,19,33,51,0.3640127987954077,0.0113076253986662
377,50,64,2.56,3,1,20,0.0993333333333333,20,32,54,0.1685989663360804,-0.042456608811749
378,50,74,2.96,5,1,10,0.0953333333333333,20,36,60,0.0143442622950822,0.0583889173935351
379,50,76,3.04,6,1,16,0.105015873015873,23,37,65,0.3409402099497943,0.0066314271984622
380,50,79,3.16,5,1,8,0.1214126984126984,18,31,63,0.0437418892916274,-0.021224561097039
381,50,67,2.68,4,1,14,0.0733333333333333,20,32,60,0.0364746525267134,-0.0419147126716073
382,50,75,3.0,4,1,13,0.1841904761904762,20,33,63,0.2225557947207429,-0.0536585365853658
383,50,73,2.92,4,1,11,0.1312380952380952,20,35,61,-0.0299918741227753,-0.017630176301763
384,50,63,2.52,4,1,11,0.0773333333333333,22,38,55,0.1315789473684196,0.0152128401953942
385,50,73,2.92,5,1,17,0.1699047619047619,20,33,58,0.3616744186046511,-0.0318549626139506
386,50,72,2.88,3,1,14,0.1594761904761904,20,33,62,0.1963825768416233,-0.0131261157198361
387,50,72,2.88,4,1,14,0.1239783549783549,19,30,63,-0.0298850574712646,-0.0200888137026855
388,50,62,2.48,3,1,14,0.16,20,35,53,0.0201557489693083,-0.0622501427755568
389,50,98,3.92,8,1,9,0.1582655122655122,20,36,76,0.2238621224995014,-0.0589114316914765
390,50,87,3.48,5,1,9,0.1879285714285714,21,35,72,-0.0247102558495516,0.001251011847818
391,50,81,3.24,7,1,8,0.1192698412698412,19,35,69,0.0397350993377485,-0.0153769012201236
392,50,63,2.52,3,1,11,0.1132380952380952,20,33,53,-0.0860786397449528,0.0282330257540283
393,50,67,2.68,4,1,12,0.1307142857142857,21,35,54,0.067678684376977,-0.0440710981251521
394,50,77,3.08,4,1,10,0.1025714285714285,22,36,67,0.1916347275454087,-0.0323859881031064
395,50,78,3.12,4,1,9,0.1966190476190475,19,33,66,-0.0063769835384846,-0.0210176991150442
396,50,73,2.92,4,1,9,0.2091428571428571,19,33,59,-0.1431367751406895,-0.0349291144442161
397,50,77,3.08,5,1,16,0.2114285714285714,22,35,61,0.2382629107981208,-0.0256073539067629
398,50,60,2.4,3,1,10,0.0,18,33,51,-0.2182741116751267,0.0126466554929148
399,50,68,2.72,3,1,12,0.1726666666666666,20,32,56,-0.0204526201137608,-0.0063253371524048
400,50,70,2.8,3,1,13,0.2506666666666666,20,32,59,0.0284005979073231,-0.0636126544959746
401,50,73,2.92,4,1,11,0.1367619047619047,19,32,63,0.203413542249581,-0.0153622586672202
402,50,73,2.92,6,1,13,0.1266666666666666,21,39,60,0.2390719569603226,-0.0360999691453255
403,50,68,2.72,4,1,13,0.1211904761904761,17,29,55,0.0215827338129498,0.0284576648319475
404,50,62,2.48,3,1,12,0.0983333333333333,17,30,54,-0.0590531966813088,-0.028604118993135
405,50,81,3.24,6,1,11,0.1863443223443223,19,35,66,0.0656154090379934,0.0200789716878098
406,50,63,2.52,4,1,18,0.0861904761904761,21,36,53,0.1910707975026506,-0.0663390663390663
407,50,68,2.72,3,1,16,0.19,19,33,57,0.0316768381284502,-0.0215810182425181
408,50,63,2.52,2,1,22,0.1486666666666666,19,34,53,-0.1488235294117643,-0.0897858319604612
409,50,63,2.52,3,1,20,0.1498095238095238,19,29,52,-0.2432455323113407,0.0008347245409015
410,50,68,2.72,4,1,11,0.1444761904761904,18,32,59,0.0089355426390202,0.0520370147818771
411,50,75,3.0,6,1,8,0.1955714285714285,20,38,61,0.0829007785985224,0.0052859202306583
412,50,78,3.12,6,1,11,0.1029523809523809,20,37,62,0.1848685062831967,-0.0324657901797692
413,50,81,3.24,5,1,9,0.1645079365079365,19,32,64,0.1132318193751633,-0.0183622828784119
414,50,67,2.68,4,1,11,0.171047619047619,20,31,56,0.0899898282773885,0.0178353286098216
415,50,76,3.04,5,1,8,0.1505714285714285,21,36,63,0.0159118727050178,-0.0324308810867693
416,50,63,2.52,3,1,12,0.084,20,33,53,-0.0607761385503528,-0.0057803468208092
417,50,76,3.04,4,1,23,0.218111111111111,20,34,65,0.1645545314900156,0.0213974626017799
418,50,97,3.88,7,1,8,0.2302497502497502,19,35,75,0.1199389494212914,-0.0745102611940299
419,50,78,3.12,4,1,8,0.1758412698412698,21,37,66,0.0617174841655617,-0.0213001383125864
420,50,67,2.68,5,1,30,0.0584761904761904,22,39,57,0.4594499789532756,-0.0290102389078498
421,50,73,2.92,4,1,9,0.1377835497835497,21,36,60,0.0261916381974947,-0.0466493506493506
422,50,67,2.68,3,1,14,0.1806666666666666,22,36,56,0.1329921769307689,-0.0467472232393506
423,50,70,2.8,3,1,21,0.1619047619047618,20,32,59,-0.1000777134962443,-0.0564252731163419
424,50,67,2.68,4,1,19,0.1826666666666666,22,33,55,0.0429988158673771,-0.014269760516193
425,50,62,2.48,4,1,17,0.012,20,33,57,-0.0123873873873868,-0.0569199653279398
426,50,82,3.28,6,1,9,0.2292380952380952,20,33,66,0.0470894378497838,-0.0593622240392477
427,50,73,2.92,4,1,11,0.1398412698412698,21,36,60,0.0544862518089724,-0.0699834847233691
428,50,63,2.52,4,1,15,0.2046666666666666,20,34,53,0.1466858789625367,-0.0276472214542438
429,50,61,2.44,3,1,18,0.1253333333333333,21,35,54,0.0577803203661332,-0.0078182622805723
430,50,68,2.72,4,1,10,0.1414285714285714,21,36,57,-0.0130066545674532,-0.0587402689313517
431,50,62,2.48,3,1,14,0.1073333333333333,20,32,51,-0.113023157000213,-0.0314068550121898
432,50,75,3.0,4,1,13,0.2165714285714285,20,35,59,0.1310927878092082,-0.0061156046557506
433,50,77,3.08,4,1,19,0.1032380952380952,20,33,68,0.0129688047669115,-0.0193050193050193
434,50,77,3.08,6,1,11,0.112095238095238,18,34,61,0.2338601660862575,0.0046168051708217
435,50,69,2.76,4,1,14,0.210952380952381,21,35,56,0.3587360594795543,-0.0225718194254445
436,50,68,2.72,4,1,11,0.1375238095238095,20,35,54,0.097313682450088,-0.0579915134370579
437,50,73,2.92,5,1,8,0.1436190476190476,20,32,60,0.1235325506937023,-0.029429797670141
438,50,82,3.28,6,1,10,0.101965367965368,20,35,67,0.0938135502515248,-0.0402537204196145
439,50,74,2.96,3,1,11,0.1430952380952381,18,32,61,0.0802156644853279,-0.0047923322683706
440,50,88,3.52,7,1,8,0.0695714285714285,22,35,68,0.2388882373636687,-0.010490501842926
441,50,76,3.04,5,1,9,0.1257142857142857,20,32,64,-0.1054777819817543,-0.0300235294117647
442,50,75,3.0,6,1,9,0.1134761904761904,22,35,63,0.2856032036079463,0.002794103478177
443,50,71,2.84,4,1,13,0.0913333333333333,19,33,58,-0.0234952728634293,-0.0201371503211059
444,50,73,2.92,4,1,12,0.1969999999999999,22,38,58,0.2285189156072899,-0.056353816366045
445,50,73,2.92,4,1,11,0.1362380952380952,20,33,62,0.1788881678563706,-0.0450966356478167
446,50,99,3.96,6,1,8,0.3270418470418469,19,34,73,0.0613943808532776,-0.0254545454545454
447,50,56,2.24,3,1,16,0.0433333333333333,19,32,51,-0.4025500910746797,-0.0617977528089888
448,50,66,2.64,4,1,13,0.1073333333333333,22,32,55,0.3464025869037995,-0.0174374526156179
449,50,71,2.84,3,1,9,0.1996507936507936,20,35,59,-0.0312699905926621,-0.0319991322269226
450,50,78,3.12,4,1,9,0.1857777777777778,20,35,65,0.0685235644363707,-0.0428184281842818
451,50,78,3.12,5,1,10,0.183015873015873,20,34,64,0.2866431057274664,0.017632241813602
452,50,69,2.76,4,1,15,0.2266666666666666,20,32,57,0.0123679822123404,0.027158211025078
453,50,64,2.56,3,1,21,0.1334761904761904,21,33,56,0.2313260941099045,-0.0913520097442143
454,50,86,3.44,7,1,9,0.1904126984126983,19,35,65,0.2807508202011515,-0.0293313631326191
455,50,73,2.92,4,1,10,0.1604444444444444,20,33,58,0.1920903954802262,-0.0585189021232522
456,50,73,2.92,5,1,12,0.165095238095238,20,34,61,0.3318541117736792,-0.0661318523089581
457,50,68,2.72,4,1,11,0.1473333333333333,19,31,56,-0.1772417850239514,-0.0396330706809361
458,50,77,3.08,5,1,7,0.1528888888888888,21,35,66,0.0631763976011576,-0.0258118234804329
459,50,72,2.88,4,1,18,0.1469047619047619,20,33,59,0.0793307462306755,-0.0085959885386819
460,50,65,2.6,3,1,19,0.1465714285714285,18,31,58,0.1772151898734172,-0.0369226810755178
461,50,74,2.96,5,1,15,0.1204444444444444,20,34,63,0.1999707805252204,0.0437375745526839
462,50,71,2.84,3,1,13,0.1539047619047618,22,34,57,0.2980440359127828,-0.0057952350289761
463,50,91,3.64,7,1,8,0.2146190476190476,21,33,72,0.1687880977525799,-0.0119239013933547
464,50,70,2.8,4,1,16,0.2258095238095238,19,32,58,0.1749935946707654,-0.0196078431372549
465,50,71,2.84,4,1,10,0.1859047619047619,22,37,62,0.2964744740432264,0.0098505810736026
466,50,77,3.08,6,1,8,0.1443333333333333,20,33,63,0.1300610843829392,-0.0493554327808471
467,50,74,2.96,3,1,9,0.1859740259740259,19,33,58,-0.0262048286847613,-0.0181455633100697
468,50,87,3.48,7,1,10,0.1482077922077921,19,31,68,0.0849529384514959,-0.0869533998707546
469,50,73,2.92,4,1,11,0.1253419913419913,22,34,59,0.0725877504618444,-0.039521205241977
470,50,65,2.6,4,1,22,0.1206666666666666,19,33,54,0.1560824160316116,-0.0102739726027397
471,50,68,2.72,3,1,11,0.15,17,29,55,0.0094096326758206,-0.0071705654167156
472,50,64,2.56,3,1,15,0.1166666666666667,19,32,56,0.0593624737545333,-0.0717703349282296
473,50,66,2.64,4,1,11,0.1086666666666666,22,34,52,-0.0655204948107776,-0.0413223140495867
474,50,83,3.32,4,1,11,0.2472222222222222,21,34,65,0.078768349445041,-0.0108343218663503
475,50,74,2.96,5,1,10,0.1152380952380952,21,34,60,0.2086380571270876,-0.0161550888529887
476,50,75,3.0,4,1,12,0.1511111111111111,21,34,61,0.1072949493228857,-0.0513682189150264
477,50,63,2.52,4,1,11,0.084,20,36,52,0.01192842942346,-0.0837957824639289
478,50,66,2.64,4,1,14,0.0733333333333333,20,34,53,-0.1919691969196908,0.0038988806439441
479,50,68,2.72,4,1,10,0.1028571428571428,21,36,56,-0.1303845041919634,-0.0725047080979284
480,50,74,2.96,4,1,10,0.1917142857142857,19,32,64,-0.0315563725490198,0.0620661905240921
481,50,76,3.04,5,1,14,0.2118095238095238,19,32,62,0.0478537687410151,-0.0056573017547224
482,50,62,2.48,3,1,14,0.1113333333333333,20,34,55,-0.1161003236245951,-0.0314068550121898
483,50,67,2.68,3,1,18,0.162079365079365,19,29,56,0.1358946510996472,-0.0191364082433758
484,50,71,2.84,4,1,11,0.1586666666666666,21,35,59,0.1938667232597626,0.0034549773267112
485,50,74,2.96,4,1,11,0.1726666666666667,20,34,60,0.3764799883780064,-0.0002047921359819
486,50,68,2.72,5,1,12,0.0581904761904761,22,38,58,0.2899910270005709,0.0053084817742125
487,50,126,5.04,11,1,10,0.233761268143621,20,35,88,0.1831936059443209,-0.0382156556329024
488,50,82,3.28,4,1,14,0.2356349206349205,20,37,62,0.1320564516129031,-0.027027027027027
489,50,58,2.32,3,1,19,0.0586666666666666,18,32,55,-0.2723948811700193,0.0200430677488819
490,50,64,2.56,4,1,10,0.1068095238095238,20,35,54,-0.150855365474339,-0.0260521042084168
491,50,59,2.36,2,1,17,0.1444761904761905,20,30,51,-0.0373134328358203,-0.0324530703149857
492,50,61,2.44,4,1,12,0.1092380952380952,19,33,51,-0.0162633875446249,-0.0373845477202756
493,50,68,2.72,4,1,10,0.0986666666666666,20,33,61,-0.0412637008381698,-0.0508796956728483
494,50,83,3.32,5,1,10,0.2312222222222222,17,33,64,0.1152564956695533,0.0132361100103035
495,50,78,3.12,5,1,12,0.1729999999999999,20,32,61,0.1333333333333335,-0.0276303751143641
496,50,66,2.64,4,1,15,0.1216190476190476,19,31,56,-0.1148898087034332,-0.03203026481715
497,50,78,3.12,4,1,11,0.1722380952380952,21,35,60,0.1649122807017549,-0.0090737579732279
498,50,71,2.84,4,1,9,0.1539047619047619,18,32,59,0.0916320885200555,-0.0267309377738825
499,50,97,3.88,7,1,9,0.1877324929971989,21,35,77,0.1097982149786574,-0.0331831216714461
500,50,86,3.44,7,1,8,0.1656939726939726,18,31,66,0.0848131290467338,-0.0625282507156848
501,50,63,2.52,3,1,17,0.1566666666666666,20,32,53,0.283571255746432,-0.0675047827275212
502,50,70,2.8,4,1,10,0.2168095238095238,18,32,58,-0.0188765067091199,-0.019036954087346
503,50,63,2.52,3,1,12,0.07,19,31,54,-0.0299727520435973,-0.0427586206896551
504,50,81,3.24,7,1,8,0.1787619047619047,21,36,63,0.1298653520712238,0.059935339467794
505,50,64,2.56,4,1,15,0.1202857142857142,20,33,55,0.0737884413976959,-0.0344827586206896
506,50,54,2.16,2,1,20,0.0,21,32,49,-0.2857142857142856,-0.0248624027329664
507,50,69,2.76,3,1,14,0.1766507936507936,18,29,61,0.0597700291196892,-0.0287711124053581
508,50,80,3.2,5,1,10,0.201047619047619,22,34,63,0.0869880529791213,-0.0849785407725322
509,50,74,2.96,4,1,15,0.1648571428571428,21,33,58,0.3626325088339224,-0.0734360834088848
510,50,68,2.72,6,1,9,0.0733333333333333,20,33,56,0.012978142076502,-0.0477657935285054
511,50,77,3.08,5,1,9,0.2013333333333333,20,34,64,0.1013594391244867,0.0112589559877175
512,50,56,2.24,3,1,32,0.05,22,36,49,-0.0993071593533489,-0.0059880239520958
513,50,103,4.12,8,1,8,0.2326897546897547,18,32,79,0.0751258128357372,-0.0724189474769341
514,50,71,2.84,4,1,12,0.1975238095238095,21,34,57,0.1539083013532621,-0.0425394083351328
515,50,65,2.6,4,1,13,0.1522857142857142,21,32,54,0.0952242283051832,0.0619765494137353
516,50,91,3.64,6,1,11,0.184070707070707,20,35,72,0.2722425858047311,-0.0540083289953149
517,50,54,2.16,2,1,28,0.05,19,33,49,-0.3328191284226771,-0.0125632852053253
518,50,76,3.04,4,1,10,0.1900952380952381,21,34,60,0.0605813637598475,-0.0347075743048897
519,50,70,2.8,4,1,11,0.0826666666666666,20,36,61,0.1036088474970894,-0.015625
520,50,63,2.52,3,1,21,0.05,19,33,57,0.1572835513743924,0.032393186260821
521,50,96,3.84,8,1,9,0.2544458874458875,21,36,69,0.4472448103439567,0.0020909253838341
522,50,72,2.88,4,1,11,0.2566666666666666,20,36,58,-0.0788471995649811,0.0136986301369863
523,50,73,2.92,6,1,9,0.1327619047619047,21,36,60,0.1488121265121691,0.0143207855973813
524,50,60,2.4,3,1,16,0.0166666666666666,22,37,55,0.0698449741623604,-0.0144927536231884
525,50,80,3.2,5,1,13,0.2553809523809524,22,35,62,0.5851232632841828,-0.0196278358399184
526,50,78,3.12,5,1,10,0.1901111111111111,20,36,65,0.3154345006485081,-0.0466911764705882
527,50,90,3.6,6,1,8,0.1481269841269841,21,38,74,0.39690915944214,-0.0546395966752963
528,50,97,3.88,7,1,8,0.2137460317460317,20,34,76,0.2845552441363028,-0.0358504958047292
529,50,91,3.64,8,1,17,0.3424444444444445,18,33,64,0.7950048971596482,-0.0484420005236973
530,50,91,3.64,6,1,7,0.1909841269841269,20,35,71,0.1370568199411678,-0.0477766013763896
531,50,62,2.48,4,1,10,0.0545714285714285,19,35,55,-0.1051909892262493,-0.0527805292203198
532,50,74,2.96,6,1,7,0.0716349206349206,18,33,62,0.2268886576482829,-0.0500649545318277
533,50,80,3.2,5,1,10,0.235963924963925,18,32,69,0.1149162415215308,-0.0068965517241379
534,50,83,3.32,5,1,13,0.2537777777777779,20,35,63,0.1758506167818899,-0.036434047261519
535,50,56,2.24,2,1,19,0.0753333333333333,19,34,48,-0.2780456444873038,-0.0217543859649122
536,50,61,2.44,4,1,12,0.032,20,34,55,0.017588472133927,-0.0230984257760776
537,50,76,3.04,4,1,15,0.2226233766233766,19,35,61,0.1796237533998181,-0.0019105846388995
538,50,79,3.16,5,1,9,0.1515238095238095,21,37,69,0.0226691547446266,-0.0552519732847601
539,50,78,3.12,6,1,8,0.1164285714285714,22,37,67,0.2741476864749981,-0.0677233429394812
540,50,88,3.52,5,1,13,0.195047619047619,23,38,72,0.4985256601398137,0.0069121173649315
541,50,83,3.32,6,1,8,0.0736666666666666,21,35,68,0.1062869051754078,-0.00142879822194
542,50,66,2.64,4,1,9,0.0619999999999999,21,35,56,0.1097622660596851,-0.0121935889377749
543,50,63,2.52,3,1,13,0.1326666666666666,23,34,53,0.1919698870765371,-0.0720461095100864
544,50,64,2.56,3,1,13,0.1379999999999999,19,33,55,-0.2196382428940568,0.0030884920102054
545,50,96,3.84,7,1,10,0.1877085137085136,21,37,78,0.2874376039933442,-0.0436673310382315
546,50,71,2.84,5,1,10,0.062,20,34,60,0.2752989209682111,-0.0406913148107635
547,50,79,3.16,6,1,8,0.1996507936507936,20,33,65,0.18198478878402,-0.0248800426515016
548,50,64,2.56,3,1,12,0.098,21,35,56,0.3389283408650742,-0.0244167118827997
549,50,84,3.36,5,1,12,0.1915555555555556,17,30,67,0.1976927110644996,-0.05849408836341
550,50,60,2.4,3,1,15,0.1239999999999999,20,34,55,0.1087231352718075,-0.0663398192125019
551,50,65,2.6,3,1,16,0.1399999999999999,19,32,56,-0.2942849754331522,-0.0127239678005712
552,50,87,3.48,6,1,11,0.167063492063492,18,30,69,0.2686255000304584,-0.0334637114298131
553,50,70,2.8,4,1,13,0.1953333333333333,21,33,56,0.3792753990372442,-0.0038090970199417
554,50,69,2.76,3,1,11,0.1613333333333333,21,37,58,0.2823179791976214,-0.0501556554825319
555,50,67,2.68,4,1,12,0.1694285714285714,20,35,56,0.2221236797548978,-0.0598685811633001
556,50,81,3.24,5,1,9,0.1416349206349206,20,34,66,0.3259224912143696,-0.0301204819277108
557,50,71,2.84,4,1,9,0.1027619047619047,20,33,60,0.0326411657559193,-0.0141742665641138
558,50,58,2.32,3,1,17,0.0886666666666666,22,35,51,0.0967213114754096,-0.0085301837270341
559,50,67,2.68,3,1,13,0.1336190476190476,17,31,60,-0.2275901733629111,-0.0464917632702867
560,50,68,2.72,4,1,13,0.1113333333333333,22,38,59,0.2863140218303957,0.0461718293395675
561,50,108,4.32,8,1,9,0.213036852036852,19,35,80,0.1546720835751588,-0.0447886144830473
562,50,76,3.04,6,1,10,0.0766666666666666,22,36,60,0.2897196261682245,-0.0278951817413355
563,50,90,3.6,7,1,7,0.165968253968254,22,38,75,0.1035885053454274,-0.0366302819259358
564,50,81,3.24,4,1,8,0.1849682539682539,20,32,64,0.1598091418297489,-0.0161411725349167
565,50,70,2.8,4,1,11,0.2045714285714285,21,33,58,0.1739482929465814,-0.0629401408450704
566,50,99,3.96,7,1,7,0.1856926406926406,19,33,75,0.1031902323749507,0.0017175466784863
567,50,77,3.08,5,1,21,0.2391746031746031,19,34,59,0.3192682042557935,-0.0061654550473911
568,50,70,2.8,5,1,10,0.0921904761904762,20,33,56,0.0153927813163483,-0.0123484258538213
569,50,55,2.2,2,1,27,0.0533333333333333,20,33,49,-0.2951334379905824,-0.0066391530593934
570,50,66,2.64,4,1,23,0.13,20,35,56,0.4977696142744696,-0.0281407035175879
571,50,76,3.04,4,1,10,0.1726666666666667,20,36,61,0.0238673139158562,-0.0399087799315849
572,50,77,3.08,5,1,9,0.1356666666666666,20,34,62,-0.0674795390011696,0.0167484038123438
573,50,93,3.72,6,1,7,0.2987085137085137,19,34,69,0.1364778519635291,-0.0716432865731462
574,50,63,2.52,3,1,13,0.0609047619047619,23,37,54,0.1847058823529413,-0.0075830690748655
575,50,73,2.92,3,1,10,0.1888571428571428,22,35,60,0.3311741363211954,-0.0476289517470881
576,50,71,2.84,4,1,13,0.2229523809523809,21,32,61,0.203615729743996,-0.0510503973005333
577,50,67,2.68,3,1,16,0.1994285714285714,21,34,55,0.1610099904201453,-0.0440710981251521
578,50,106,4.24,7,1,8,0.2866947496947498,19,33,78,0.2053876939074083,-0.0430123240294217
579,50,126,5.04,8,1,7,0.2204446664446664,20,35,95,0.2985808341413474,-0.0646535304913945
580,50,72,2.88,5,1,9,0.0823223443223443,17,30,62,-0.1123151266656905,-0.0045074050225369
581,50,84,3.36,5,1,8,0.1945974025974026,18,32,66,0.0718554551772058,-0.0448573427660732
582,50,84,3.36,5,1,11,0.2216031746031746,20,33,66,0.3641384751947926,-0.0026352503487831
583,50,81,3.24,5,1,11,0.1409264069264069,19,34,70,0.0958224838673155,-0.0081574299890673
584,50,57,2.28,2,1,22,0.0933333333333333,21,33,48,-0.0631067961165044,-0.0150139664804469
585,50,66,2.64,4,1,12,0.1101904761904761,22,37,59,0.2606336425695784,-0.021085464753587
586,50,72,2.88,5,1,16,0.171047619047619,18,30,59,-0.0740103270223756,0.0051020408163265
587,50,66,2.64,4,1,11,0.0896190476190476,21,36,58,-0.0131272496294713,-0.0053689599200898
588,50,75,3.0,5,1,8,0.1019365079365079,18,32,64,0.0799969897652017,0.0130624092888243
589,50,67,2.68,4,1,19,0.1668571428571428,19,30,55,0.2221429497989361,-0.0430552177085867
590,50,70,2.8,4,1,13,0.1928571428571428,21,33,58,0.1503887729945002,-0.0439621591541457
591,50,80,3.2,6,1,8,0.1228571428571428,19,31,65,-0.1088295687885011,-0.0377197473971667
592,50,105,4.2,7,1,6,0.3408629148629148,19,35,75,0.122282023681378,-0.0178544932983827
593,50,86,3.44,7,1,9,0.2184920634920634,21,35,69,0.3475739215990887,-0.0293237582286056
594,50,80,3.2,6,1,12,0.1421904761904762,19,32,63,0.2518472906403938,-0.0122253569291271
595,50,79,3.16,5,1,13,0.1696464646464646,21,31,65,0.2193771414586391,-0.0386426223683041
596,50,70,2.8,4,1,13,0.0828095238095238,21,37,63,0.1643845235587381,-0.0469068660774983
597,50,65,2.6,4,1,17,0.0816190476190476,17,31,54,-0.0029055204889293,0.0166927490871152
598,50,61,2.44,3,1,24,0.072,21,35,57,-0.092679127725856,0.0350080562472535
599,50,70,2.8,4,1,11,0.1435238095238095,19,31,56,-0.0546435799415331,0.0663501752006329
600,50,86,3.44,5,1,9,0.2039047619047618,21,35,71,0.2026934712598813,-0.0285543429511137
601,50,74,2.96,5,1,11,0.136,20,32,61,0.2581558676937018,0.0509968940987877
602,50,68,2.72,4,1,13,0.1937142857142857,19,30,56,0.2927098674521355,-0.0110927543072929
603,50,63,2.52,4,1,14,0.0733333333333333,19,33,56,0.107964601769912,-0.0508757297748123
604,50,74,2.96,6,1,9,0.1694285714285714,20,35,62,0.1634206402507272,0.0029160382101558
605,50,53,2.12,2,1,24,0.042,19,33,47,-0.3450889914304553,-0.0524225575853851
606,50,71,2.84,5,1,21,0.2045873015873016,18,33,57,0.1913682002098009,-0.0570333880678708
607,50,63,2.52,3,1,14,0.0708571428571428,19,33,54,-0.0122358175750831,0.0142739500411748
608,50,101,4.04,6,1,7,0.2055663225663225,21,34,79,-0.1128992504313281,-0.0273224043715847
609,50,81,3.24,4,1,10,0.2445079365079364,21,36,64,0.2091820427139322,-0.004104196331351
610,50,60,2.4,3,1,12,0.0766666666666666,22,35,54,0.0804597701149426,-0.0476336345535303
611,50,70,2.8,5,1,10,0.0773809523809523,20,34,61,0.0245520902455203,-0.0701229644400132
612,50,77,3.08,3,1,11,0.2404444444444445,20,34,60,0.0690254751314191,-0.0543065963548894
613,50,69,2.76,4,1,12,0.0563333333333333,20,34,60,0.2809302916693145,0.012921089063221
614,50,103,4.12,7,1,8,0.2363982683982683,19,32,80,0.2116416528205268,-0.0014480761274307
615,50,78,3.12,6,1,7,0.1464285714285714,21,33,62,-0.0498585943228255,-0.0105263157894736
616,50,84,3.36,6,1,18,0.2016825396825396,20,38,67,0.319819491957202,-0.0764181903422409
617,50,69,2.76,4,1,11,0.0585238095238095,20,35,56,0.2322723498477718,0.028169014084507
618,50,101,4.04,6,1,6,0.2560894660894661,20,34,75,0.0796070975918886,0.0026044492674986
619,50,75,3.0,5,1,11,0.0765714285714285,20,36,64,0.3021278014941302,-0.038821693328131
620,50,62,2.48,3,1,14,0.1066666666666666,21,35,53,-0.1613631234484321,-0.0256702795208214
621,50,70,2.8,3,1,12,0.2113333333333333,19,32,58,-0.1588366890380306,-0.0566632871465585
622,50,66,2.64,5,1,11,0.052,20,36,56,0.0040519770853712,-0.047751039435555
623,50,58,2.32,3,1,16,0.0979999999999999,20,36,50,-0.088771929824562,-0.0477910987025784
624,50,81,3.24,5,1,14,0.2803809523809524,21,35,62,0.1960036409345067,-0.0359604683996345
625,50,56,2.24,2,1,30,0.11,18,30,49,-0.3900709219858138,-0.0808913844534128
626,50,65,2.6,3,1,12,0.1386666666666666,21,35,53,0.160829556379618,-0.0805738034589087
627,50,60,2.4,2,1,12,0.0471111111111111,17,31,52,-0.0428806215448976,-0.0809160305343511
628,50,62,2.48,4,1,13,0.0326666666666666,21,38,53,0.1773900399854588,-0.0084177486089313
629,50,59,2.36,3,1,31,0.1406666666666666,20,35,50,0.1962206108547571,-0.0450735410406452
630,50,85,3.4,5,1,9,0.1504242424242424,20,36,73,-0.0259337791551129,0.0045627376425855
631,50,75,3.0,4,1,14,0.1726666666666666,19,34,60,0.2062169257052377,0.0682325536251577
632,50,53,2.12,3,1,31,0.0,19,34,46,-0.1642788920725876,-0.0241545893719806
633,50,95,3.8,6,1,7,0.2629271839271839,19,32,75,0.1070970828989862,-0.0181079083518107
634,50,75,3.0,4,1,16,0.1064761904761904,19,31,69,0.0673925649120549,-0.0305786723437197
635,50,60,2.4,3,1,13,0.0559999999999999,20,35,53,-0.1068702290076346,-0.0858895705521472
636,50,75,3.0,3,1,13,0.22,20,35,61,-0.022206042955952,0.0184588338704951
637,50,66,2.64,4,1,14,0.0728571428571428,21,33,56,0.0006016847172073,0.0051501067705062
638,50,61,2.44,4,1,13,0.037047619047619,19,33,53,0.1674161735700194,0.0109080188679245
639,50,73,2.92,5,1,9,0.0982222222222222,20,36,58,-0.0791883001070116,-0.039674465920651
640,50,101,4.04,8,1,8,0.2249033189033189,20,35,78,0.1638186827743336,-0.0199280227748831
641,50,70,2.8,5,1,10,0.0725555555555555,20,34,61,-0.1031664964249232,-0.0912788070492544
642,50,75,3.0,5,1,9,0.0876103896103896,19,30,64,0.0391561913018345,-0.0301187089178848
643,50,79,3.16,4,1,9,0.1939365079365079,20,34,65,0.1475445937018276,-0.0681299385425812
644,50,81,3.24,5,1,9,0.1141341991341991,20,34,73,0.0385003023583955,-0.0470035252643948
645,50,65,2.6,4,1,21,0.0966666666666666,20,31,53,0.0868834936631543,0.0119799046760272
646,50,95,3.8,6,1,8,0.2263376623376624,20,36,77,0.1956272518833932,-0.0343140253226497
647,50,83,3.32,4,1,11,0.229036075036075,19,34,65,0.183542439771456,-0.0522551808208045
648,50,74,2.96,4,1,14,0.2327936507936507,22,35,61,0.1784430061129089,-0.0250953623770327
649,50,68,2.72,5,1,9,0.0616190476190476,20,33,60,0.1816578483245148,-0.0542635658914728
650,50,60,2.4,3,1,14,0.1773333333333333,21,34,49,-0.0156499520919844,-0.0007581501137225
651,50,61,2.44,3,1,27,0.1866666666666666,22,36,50,0.255409654152025,-0.059932263289648
652,50,68,2.72,4,1,11,0.1121904761904761,19,33,57,0.1105428796223439,-0.0417713943746259
653,50,71,2.84,4,1,11,0.1078412698412698,21,35,59,-0.0162529092319624,-0.0455874390904169
654,50,86,3.44,7,1,11,0.1818412698412698,22,34,66,0.2116995909080966,-0.0604815032295948
655,50,71,2.84,4,1,12,0.0756666666666666,21,34,59,0.2194887667431554,0.0309792027729635
656,50,73,2.92,4,1,11,0.1102857142857142,19,34,64,0.3418292154312962,-0.0149253731343283
657,50,80,3.2,6,1,10,0.1307460317460317,20,35,64,0.4570365358592694,-0.06353591160221
658,50,63,2.52,3,1,11,0.0906666666666666,20,32,53,0.0630769230769219,-0.0513141426783479
659,50,81,3.24,5,1,11,0.186063492063492,20,34,64,0.1436307374935538,-0.0699030791663092
660,50,60,2.4,3,1,15,0.078,20,35,50,-0.0472641694449905,-0.0001515381118351
661,50,87,3.48,6,1,9,0.1593247863247863,20,35,70,0.1153653025357767,-0.0300317643661565
662,50,79,3.16,5,1,12,0.12404329004329,21,37,67,0.1966214930548212,0.0149279943800491
663,50,60,2.4,3,1,11,0.0433333333333333,18,30,55,-0.2090680100755662,-0.0333692142088267
664,50,87,3.48,6,1,10,0.1735238095238095,20,34,69,0.0954191670132496,-0.0373709466337065
665,50,85,3.4,6,1,10,0.1157633477633477,22,36,67,0.2576419213973802,-0.0423053341508277
666,50,65,2.6,4,1,11,0.0696190476190476,21,35,55,0.1000446627958907,-0.040819005118782
667,50,58,2.32,4,1,13,0.0633333333333333,19,29,46,0.0892485178657263,-0.0647434846746435
668,50,67,2.68,5,1,13,0.0633333333333333,21,34,53,0.2673721340388001,0.0153092467850581
669,50,65,2.6,3,1,11,0.1355238095238095,21,32,57,0.032046700023826,-0.0543254376930999
670,50,111,4.44,9,1,21,0.301949494949495,22,38,83,0.761293003251037,-0.0401142296193833
671,50,90,3.6,5,1,16,0.300920634920635,21,36,69,0.2170114255843467,0.0027027027027027
672,50,67,2.68,4,1,9,0.0834761904761904,20,31,56,0.0195308051474768,-0.0739827373612823
673,50,60,2.4,3,1,15,0.0133333333333333,21,35,55,0.1283638961657542,-0.0500905250452625
674,50,78,3.12,4,1,11,0.2345555555555555,20,34,64,0.10769733616604,-0.0331125827814569
675,50,79,3.16,6,1,9,0.1285714285714286,20,36,69,0.1173184357541888,-0.0468137041234417
676,50,92,3.68,7,1,9,0.196063492063492,21,34,71,0.1367908109989552,-0.0632385404492923
677,50,59,2.36,3,1,13,0.0735238095238095,18,31,51,-0.0593286494925834,-0.0563844824878278
678,50,80,3.2,4,1,10,0.1056190476190476,20,35,69,-0.0755607265205867,-0.0390510000865876
679,50,70,2.8,3,1,15,0.1295238095238095,19,31,62,0.1057078096023077,0.0235802059116572
680,50,62,2.48,3,1,17,0.0286666666666666,20,35,55,-0.0833122309445427,-0.0578368999421631
681,50,76,3.04,5,1,8,0.0956190476190476,19,33,60,0.0726406101048622,-0.0070035964414158
682,50,62,2.48,3,1,16,0.1626666666666666,20,34,51,0.1020789535155334,-0.0562180579216354
683,50,59,2.36,3,1,13,0.0919999999999999,19,31,51,-0.3294861225611434,-0.0725591600062686
684,50,74,2.96,4,1,9,0.178,20,33,59,0.2156432748538014,-0.0719167601754565
685,50,68,2.72,4,1,12,0.121,20,33,57,0.2583210189289989,-0.0415930246258984
686,50,62,2.48,3,1,15,0.054,19,34,54,-0.1065188803306401,-0.0584720443875373
687,50,81,3.24,5,1,11,0.226015873015873,19,33,62,0.2618042548433091,-0.0481472145197882
688,50,71,2.84,4,1,10,0.1434285714285714,19,33,59,0.0105413614436297,-0.0371643394199785
689,50,70,2.8,4,1,11,0.1277619047619047,21,36,59,0.1281277926720287,-0.044427123928293
690,50,64,2.56,3,1,16,0.106,19,33,55,0.3537712895377129,-0.0714971867709619
691,50,71,2.84,4,1,10,0.1313333333333333,18,30,57,0.0168928274716141,-0.0015190972222222
692,50,85,3.4,5,1,9,0.2607301587301587,21,37,69,0.0751990664470062,0.0075815011372251
693,50,85,3.4,7,1,9,0.1575714285714285,21,35,67,0.3483934105366175,-0.0535862746580001
694,50,57,2.28,2,1,23,0.1093333333333333,21,33,50,0.0624370594159114,-0.0836869801391953
695,50,62,2.48,3,1,19,0.1413333333333333,18,28,51,-0.0568686434608214,-0.0828919112383679
696,50,74,2.96,4,1,10,0.166,20,35,61,0.1604938271604944,-0.0277777777777777
697,50,61,2.44,4,1,12,0.0465714285714285,20,33,55,0.1117531491968095,-0.0477438136826783
698,50,63,2.52,3,1,16,0.0713333333333333,19,31,53,0.1179839633447882,-0.0586776859504132
699,50,62,2.48,3,1,16,0.144,21,35,53,-0.0193888630370711,-0.0031223389156968
700,50,75,3.0,6,1,18,0.0876190476190476,19,32,67,0.1297194319362663,-0.0198135198135198
701,50,79,3.16,7,1,9,0.1481269841269841,22,34,62,0.3021371870547524,-0.0114697252600693
702,50,71,2.84,4,1,17,0.158,22,36,58,0.3257148820705479,-0.0305459272097053
703,50,63,2.52,4,1,13,0.1034285714285714,20,30,55,0.1073326248671625,-0.0013702384214853
704,50,85,3.4,6,1,10,0.1189653679653679,20,36,68,0.184423080526977,-0.0333561279538029
705,50,70,2.8,4,1,11,0.093047619047619,18,29,61,0.253531073446327,-0.0439498361767031
706,50,66,2.64,3,1,16,0.1326666666666666,19,34,56,0.1656686626746502,-0.0058420116840233
707,50,72,2.88,4,1,14,0.22,22,37,58,0.4682843201898988,-0.036848792884371
708,50,71,2.84,3,1,12,0.2195238095238095,21,32,58,0.0843952689813051,-0.0058660763696734
709,50,78,3.12,6,1,12,0.1856984126984127,21,31,59,0.2637482900136799,-0.0624607939779549
710,50,63,2.52,3,1,13,0.072,21,34,54,-0.0833333333333336,-0.0669072737368129
711,50,84,3.36,5,1,9,0.2156666666666666,21,33,65,0.2116641528406232,-0.0147127148830726
712,50,76,3.04,6,1,10,0.1208412698412698,20,32,61,0.2858659327698047,-0.0451723808614268
713,50,96,3.84,7,1,13,0.2606623376623376,22,35,74,0.2062759575449931,-0.0387112286607357
714,50,86,3.44,5,1,8,0.2615238095238095,20,35,69,-0.032057138111453,-0.0351437699680511
715,50,59,2.36,3,1,18,0.0933333333333333,20,30,53,0.0120355834641549,0.0076166296413836
716,50,92,3.68,8,1,12,0.1918730158730158,18,33,69,0.5073832646002406,0.0115210355987055
717,50,65,2.6,4,1,12,0.0968571428571428,19,33,51,0.041088405638728,-0.0618436406067678
718,50,81,3.24,6,1,9,0.1741760461760461,19,32,66,0.0550621669626994,-0.0611060442749357
719,50,97,3.88,7,1,8,0.2131071151071151,22,38,74,0.0314900153609831,0.0141355140186915
720,50,59,2.36,3,1,17,0.0573333333333333,20,36,52,-0.3866437374605913,-0.0520882214922571
721,50,80,3.2,6,1,9,0.1962539682539682,20,36,65,0.1773918964930201,-0.070642046417076
722,50,60,2.4,2,1,12,0.1019047619047619,20,31,53,-0.0449385787591356,-0.0527908032067765
723,50,57,2.28,3,1,22,0.1026666666666666,22,35,49,-0.1869041645760152,-0.0400405473897617
724,50,72,2.88,5,1,14,0.2199047619047619,23,37,57,0.2495114006514654,-0.0116019159127195
725,50,64,2.56,4,1,19,0.0759047619047619,18,33,55,0.072189349112426,0.0372129849564528
726,50,67,2.68,4,1,13,0.0566666666666666,21,38,58,0.2771987566282694,-0.0649223621469617
727,50,62,2.48,3,1,14,0.126,19,31,54,-0.1546275395033844,0.0105443146195497
728,50,80,3.2,5,1,8,0.2419682539682539,19,32,65,0.0534506952417398,0.019491020512384
729,50,57,2.28,3,1,28,0.0646666666666666,20,31,50,0.0839567747298419,0.0192307692307692
730,50,64,2.56,4,1,13,0.0619999999999999,20,33,55,-0.0114293777338789,-0.0380218027120446
731,50,57,2.28,3,1,23,0.1053333333333333,20,31,49,-0.2950955943474646,-0.0652395514780836
732,50,78,3.12,5,1,9,0.165015873015873,18,30,62,0.1379258137774412,-0.0370104204096298
733,50,78,3.12,5,1,12,0.0663174603174603,20,35,68,0.1583042760139476,-0.009478672985782
734,50,70,2.8,4,1,15,0.1334285714285714,20,35,57,0.2593614867973129,-0.0711909514304723
735,50,74,2.96,5,1,13,0.1845714285714285,20,33,58,0.4066437571592211,0.0028583095140873
736,50,59,2.36,3,1,22,0.0928484848484848,18,33,49,-0.1037159582590993,-0.0565504241281809
737,50,80,3.2,6,1,9,0.1844126984126984,21,36,65,0.1982158099066603,-0.0005915659596045
738,50,123,4.92,8,1,9,0.2783232878232878,20,36,86,0.2829901731399158,-0.006709924789854
739,50,85,3.4,6,1,9,0.2064126984126984,21,36,67,0.2997807947956442,-0.0032188841201716
740,50,72,2.88,5,1,10,0.0501904761904761,19,35,61,0.0919099714305622,-0.0182585751978891
741,50,72,2.88,4,1,11,0.0963333333333333,18,31,61,-0.0774907749077492,0.0074231177094379
742,50,59,2.36,3,1,17,0.0833333333333333,18,30,53,-0.1321715292735466,0.0645314729665451
743,50,68,2.72,4,1,16,0.1969047619047619,20,34,55,0.1148217972888056,-0.0180608365019011
744,50,73,2.92,5,1,10,0.1635151515151514,18,31,60,0.0526213842975207,-0.0036938231069156
745,50,65,2.6,4,1,11,0.042,23,37,60,-1.4061464411153204e-15,-0.0270690325087423
746,50,74,2.96,4,1,10,0.1797777777777777,20,34,63,-0.0984758117958909,-0.0729017765979171
747,50,94,3.76,7,1,13,0.2329365079365079,20,33,70,0.4503596730986274,-0.0106895042820528
748,50,75,3.0,5,1,10,0.0680952380952381,19,33,64,0.2346938775510204,-0.0331781140861467
749,50,115,4.6,8,1,7,0.1872943722943722,20,34,93,0.1134650176940907,-0.0583559924701945
750,50,75,3.0,6,1,20,0.0699523809523809,21,36,70,0.3412079218724432,-0.0478468899521531
751,50,82,3.28,5,1,10,0.1565468975468975,21,33,64,0.3314190506575914,0.0188374161209475
752,50,61,2.44,3,1,17,0.0666666666666666,17,31,53,-0.0803571428571434,0.0026753864447086
753,50,110,4.4,7,1,7,0.250009768009768,20,35,86,0.0706425275115369,-0.04436735439109
754,50,86,3.44,6,1,9,0.208978021978022,22,36,70,0.0577805102981861,-0.0399343136523102
755,50,89,3.56,6,1,12,0.1615756465756466,18,33,72,0.0214606868931117,-0.0234906388051328
756,50,72,2.88,4,1,12,0.0739047619047619,19,33,66,0.124544033350703,-0.0421455938697317
757,50,109,4.36,9,1,8,0.2371086691086691,22,39,85,0.1178791544265881,-0.0094929381801343
758,50,63,2.52,4,1,13,0.0993333333333333,20,31,53,0.057678516545436,-0.0201729106628242
759,50,65,2.6,4,1,13,0.052,21,37,58,0.0673736743605731,-0.0020554984583761
760,50,86,3.44,5,1,12,0.2471298701298701,18,34,70,0.2695494369821649,-0.0200904440655348
761,50,78,3.12,6,1,8,0.1336190476190475,20,33,62,0.0967012399594478,-0.0039327851269217
762,50,69,2.76,4,1,11,0.1175555555555555,22,36,58,0.1255808339870859,-0.0189201661282879
763,50,66,2.64,4,1,12,0.1014285714285714,22,35,55,0.3738461538461533,-0.0059970014992503
764,50,70,2.8,3,1,11,0.1781904761904762,18,32,60,-0.1647068234541237,-0.0199506837032055
765,50,85,3.4,6,1,11,0.1289682539682539,18,31,71,0.4551282051282059,-0.0099009900990099
766,50,62,2.48,4,1,25,0.0399047619047619,18,31,55,-0.1747191771552315,-0.0601310914790538
767,50,76,3.04,5,1,9,0.1359523809523809,21,37,62,-0.025396825396825,-0.0146862483311081
768,50,64,2.56,4,1,14,0.0206666666666666,19,32,58,-0.1118688098717324,0.0330019880715705
769,50,72,2.88,3,1,10,0.162,19,32,59,-0.0993856161908212,-0.0637399746728577
770,50,71,2.84,3,1,11,0.1623968253968254,20,32,59,0.1636531096999374,-0.0425394083351328
771,50,80,3.2,6,1,13,0.1122987012987012,20,32,65,0.3137023949744799,-0.0525416488680051
772,50,71,2.84,5,1,9,0.1273333333333333,21,37,60,0.0448430493273529,-0.0494511466144984
773,50,83,3.32,6,1,8,0.24,19,32,68,0.1707470747074705,-0.0283185840707964
774,50,75,3.0,4,1,14,0.2003333333333333,18,31,61,0.0292966790408352,0.0077014218009478
775,50,73,2.92,4,1,11,0.2171428571428572,19,33,60,0.0791144527986627,-0.0294297976701409
776,50,74,2.96,5,1,7,0.0556277056277056,22,35,65,0.0255515828028254,0.078714859437751
777,50,74,2.96,4,1,11,0.0819206349206349,19,34,64,0.1863580024789092,-0.0316669986058554
778,50,58,2.32,3,1,12,0.0666666666666666,18,31,50,-0.2095933263816488,-0.0728541294823949
779,50,76,3.04,5,1,12,0.1199206349206349,21,35,60,0.2376844339461168,-0.0137195121951219
780,50,76,3.04,7,1,10,0.0588095238095238,19,35,64,0.159924741298212,-0.0071942446043165
781,50,69,2.76,5,1,12,0.0756666666666666,20,36,58,0.1281351196901383,0.0438437074057246
782,50,61,2.44,3,1,15,0.0453333333333333,22,35,50,0.2892561983471081,-0.0235501913453046
783,50,65,2.6,5,1,12,0.0353333333333333,19,32,56,0.0935374149659856,0.072031148604802
784,50,69,2.76,4,1,16,0.1079999999999999,19,35,58,-0.0899492551972502,-0.030915986668199
785,50,72,2.88,4,1,9,0.1333333333333333,20,34,61,0.2191235059760957,-0.1062740076824583
786,50,98,3.92,8,1,12,0.19505772005772,21,39,76,0.3640841916703988,-0.0151394422310756
787,50,67,2.68,4,1,12,0.1566666666666666,18,34,55,-0.0187134502923975,0.0001223241590214
788,50,75,3.0,6,1,10,0.0838095238095238,22,37,60,0.2101825092046396,0.0338882282996432
789,50,64,2.56,4,1,12,0.15,19,32,52,0.2015554115359689,-0.0579922676976403
790,50,62,2.48,3,1,14,0.1086666666666666,22,34,53,0.1610561056105597,-0.0277222063446699
791,50,64,2.56,4,1,14,0.0586666666666666,20,33,56,0.1935644621627393,-0.02618920363442
792,50,78,3.12,5,1,8,0.1838095238095237,21,31,63,0.0730102198823163,0.0121298608633606
793,50,59,2.36,3,1,12,0.0166666666666666,19,33,53,-0.1091829356471448,-0.034439574201628
794,50,68,2.72,4,1,11,0.068,20,34,59,-0.0175727622185613,-0.0179398835689675
795,50,80,3.2,6,1,10,0.2534285714285714,21,36,65,0.1140772248909098,-0.0260795211628901
796,50,64,2.56,3,1,13,0.0732380952380952,22,35,56,-0.0017152658662092,0.0422234099412079
797,50,73,2.92,3,1,17,0.2504761904761904,21,34,61,-0.1007904030494984,-0.0292349160273688
798,50,91,3.64,6,1,10,0.2514300144300144,20,35,71,0.1607066381156319,-0.007469654528478
799,50,63,2.52,2,1,15,0.1293333333333333,20,33,57,0.0600706713780926,0.0137324910738808
800,50,76,3.04,4,1,13,0.2291746031746032,20,34,64,0.2755122825599872,-0.0185717020869232
801,50,67,2.68,4,1,18,0.154,21,34,58,0.3020833333333338,-0.0512380485413091
802,50,60,2.4,3,1,14,0.0706666666666666,21,34,50,-0.0269767441860461,0.020935960591133
803,50,69,2.76,5,1,13,0.0674285714285714,20,34,59,0.1821351100092962,-0.0261983754719139
804,50,72,2.88,5,1,9,0.1481428571428571,20,34,60,0.1107087428867043,0.0143218197135635
805,50,73,2.92,5,1,8,0.1469696969696969,19,34,63,0.1867814225397851,-0.0152367317721648
806,50,88,3.52,5,1,19,0.2725079365079365,21,38,68,0.254141879357769,-0.0642666291660807
807,50,79,3.16,6,1,12,0.1404444444444444,20,35,62,0.2607065803667741,-0.0519118308591992
808,50,73,2.92,5,1,10,0.1086666666666666,17,29,63,-0.1116751269035497,-0.0296402289452166
809,50,65,2.6,3,1,13,0.1926666666666666,19,31,55,0.136836027713627,0.0189306728063443
810,50,77,3.08,5,1,7,0.1363809523809523,19,32,67,0.1381340579710141,0.0231660231660231
811,50,82,3.28,6,1,10,0.175,20,34,62,0.3336638845274491,-0.0216001941590485
812,50,71,2.84,4,1,11,0.0996984126984127,19,31,59,-0.0162213740458022,-0.0284293589882174
813,50,74,2.96,4,1,11,0.0864285714285714,19,32,64,0.023840360723365,0.0061140623433897
814,50,86,3.44,5,1,8,0.1780606060606061,20,33,64,0.0469577415395405,-0.065958388667552
815,50,76,3.04,5,1,10,0.1492727272727273,19,32,62,-0.0490941984089618,-0.0212927037001987
816,50,70,2.8,5,1,9,0.0957142857142857,19,30,58,0.1779184247538672,-0.0319410319410319
817,50,63,2.52,3,1,10,0.062,21,33,55,0.2961928560929003,-0.0222408728493495
818,50,61,2.44,4,1,17,0.0973333333333333,20,32,49,0.2338764426340803,-0.0873758036236119
819,50,65,2.6,3,1,11,0.0626666666666666,20,33,55,-0.112299465240642,-0.0108864696734059
820,50,85,3.4,5,1,9,0.1602857142857142,19,32,71,0.1500399042298484,-0.0281221651043241
821,50,75,3.0,4,1,20,0.1193333333333333,21,36,63,0.1248615961161727,-0.0218978102189781
822,50,60,2.4,3,1,13,0.1106666666666666,19,31,48,-0.1612903225806465,0.035925420645748
823,50,81,3.24,5,1,9,0.1862857142857143,20,31,68,0.069686411149825,-0.0503327077290564
824,50,63,2.52,3,1,12,0.1088095238095238,19,31,55,-0.1053620982902154,-0.0562044798680775
825,50,65,2.6,4,1,10,0.044,19,29,53,0.0591741166453806,-0.0080124063065391
826,50,81,3.24,4,1,10,0.2095238095238095,20,35,65,0.1210632765096788,-0.0205570291777188
827,50,60,2.4,3,1,29,0.102,21,33,49,-0.0781877270120438,-0.0627576729271644
828,50,71,2.84,3,1,14,0.1413809523809523,19,33,58,0.1035988200589972,-0.0510503973005333
829,50,72,2.88,4,1,11,0.2074285714285714,20,36,59,-0.1339512755311303,-0.0451246449984222
830,50,81,3.24,4,1,9,0.202,20,32,66,0.2456111431632739,-0.0454206999255398
831,50,71,2.84,4,1,9,0.1593333333333333,19,34,57,-0.1083758631041731,-0.0622662266226622
832,50,64,2.56,4,1,11,0.0884444444444444,21,32,54,-0.0446847582126096,0.0426978515093826
833,50,67,2.68,4,1,11,0.1368571428571428,21,36,57,0.0705353653770994,-0.0330396475770925
834,50,89,3.56,6,1,8,0.1633809523809523,20,34,70,0.2586556569607407,-0.0181943487250172
835,50,79,3.16,6,1,9,0.0954444444444444,21,37,64,0.2392093713491837,-0.0785926833537546
836,50,70,2.8,4,1,11,0.1425714285714285,21,37,59,0.2752505782575173,0.0094339622641509
837,50,67,2.68,3,1,15,0.2104444444444444,20,35,55,0.0147058823529416,-0.0608609599208312
838,50,73,2.92,5,1,10,0.2397142857142857,19,31,57,0.3022090108993416,-0.0251961999173894
839,50,67,2.68,4,1,12,0.0946666666666666,21,37,59,-0.0411810411810402,0.0032234068931316
840,50,64,2.56,4,1,10,0.0546666666666666,20,34,58,0.2092739475289811,0.0202766214583053
841,50,70,2.8,5,1,9,0.1355238095238095,19,32,58,0.0190800411685547,-0.0144927536231884
842,50,64,2.56,4,1,12,0.0566666666666666,19,32,55,0.1466666666666666,-0.0362973957630549
843,50,58,2.32,3,1,14,0.068,21,35,49,-0.1108394458027701,-0.0230279274865261
844,50,71,2.84,4,1,12,0.16,21,36,56,0.1943897250019698,-0.0404051287576769
845,50,60,2.4,3,1,18,0.1271428571428571,19,33,51,0.0415335463258786,-0.0410958904109588
846,50,71,2.84,5,1,10,0.2349523809523809,20,32,58,-0.0594739667203428,0.0069930069930069
847,50,73,2.92,5,1,9,0.118,21,35,57,0.0364084711343194,-0.0394629780309194
848,50,74,2.96,4,1,11,0.308,20,34,57,0.1538399156597196,-0.0155131264916467
849,50,75,3.0,5,1,18,0.1711428571428571,19,32,59,0.4303564865858142,-0.0489510489510489
850,50,102,4.08,7,1,11,0.1972332112332112,20,36,78,0.1902764676003197,-0.0374176971254215
851,50,74,2.96,4,1,11,0.1536825396825397,19,33,59,0.0498251002474189,-0.0547362169652578
852,50,58,2.32,3,1,16,0.0633333333333333,20,31,52,-0.2091547699977346,-0.0362189377943803
853,50,61,2.44,3,1,15,0.0822857142857142,22,36,50,0.0277200277200268,-0.0480134990029145
854,50,75,3.0,4,1,12,0.1733333333333333,22,36,59,0.1201390397566807,0.0377138413685847
855,50,83,3.32,6,1,8,0.1222698412698412,21,33,68,0.0653570454150854,-0.0184860557768924
856,50,67,2.68,5,1,12,0.0549523809523809,20,31,58,0.2014897579143387,-0.0522699386503067
857,50,74,2.96,4,1,13,0.1889523809523809,22,38,61,0.3651960784313736,-0.018450184501845
858,50,64,2.56,4,1,11,0.1326666666666666,19,32,55,-0.0265268352868599,-0.0237223803714246
859,50,74,2.96,5,1,9,0.0634603174603174,20,35,64,0.1305483028720622,-0.0583140296102326
860,50,60,2.4,3,1,16,0.147047619047619,21,34,47,0.077519379844962,-0.0135746606334841
861,50,71,2.84,5,1,9,0.1715238095238095,20,34,55,0.2088762983947124,0.0113141862489121
862,50,60,2.4,3,1,28,0.1453333333333333,21,37,52,-0.0826416456153016,0.0058300092052776
863,50,78,3.12,4,1,11,0.1674285714285714,19,31,66,0.2033333333333329,-0.002897500905469
864,50,61,2.44,3,1,19,0.1275238095238095,19,30,52,-0.1241091427407864,-0.016969336111938
865,50,78,3.12,4,1,9,0.2114126984126984,19,33,67,0.1683645525249203,-0.0566844919786096
866,50,64,2.56,3,1,15,0.1224761904761904,20,36,56,0.0837961248920153,-0.0476318261102911
867,50,60,2.4,3,1,11,0.0653333333333333,18,32,52,-0.1419196062346186,-0.03273397879207
868,50,68,2.72,4,1,10,0.1261904761904762,20,33,56,0.1013806706114396,-0.0599520383693045
869,50,69,2.76,4,1,14,0.128,20,35,62,0.019809722403233,-0.0794892442194869
870,50,64,2.56,4,1,12,0.0919999999999999,20,35,55,0.1164337990685296,-0.0183387270765911
871,50,67,2.68,4,1,11,0.1086666666666666,21,36,56,0.0001976479889308,-0.0911782850092535
872,50,77,3.08,4,1,12,0.191047619047619,20,35,62,0.3179083757519662,0.038118857352806
873,50,71,2.84,4,1,9,0.073047619047619,20,34,58,0.1792993911585634,0.0227956989247311
874,50,69,2.76,4,1,10,0.0542222222222222,18,32,61,-0.0401725200246456,-0.0776223776223776
875,50,73,2.92,5,1,9,0.1067619047619048,22,36,61,0.1229435456345149,-0.0615384615384615
876,50,80,3.2,5,1,11,0.204031746031746,20,35,62,0.2874627172683332,-0.0501193317422434
877,50,82,3.28,6,1,13,0.1245382395382395,19,33,65,0.2403129890453832,-0.0081140890090976
878,50,78,3.12,5,1,13,0.158,20,32,64,0.1492444111402525,-0.0131697636658849
879,50,64,2.56,3,1,15,0.1273333333333333,19,33,52,-0.2030075187969924,0.0037573805689747
880,50,74,2.96,5,1,16,0.1469523809523809,20,34,60,0.1112024478239031,-0.0638977635782747
881,50,59,2.36,4,1,16,0.0766666666666666,20,33,53,0.0669767441860467,0.0038228735266007
882,50,66,2.64,3,1,15,0.1714285714285714,21,32,57,0.221571498291849,-0.0102885821831869
883,50,117,4.68,10,1,7,0.2286703296703296,20,37,87,0.29193098711059,-0.0410420841683367
884,50,66,2.64,4,1,14,0.08,21,34,57,0.3628048780487797,-0.0414863833036396
885,50,73,2.92,5,1,11,0.0883030303030303,20,33,59,0.2652004421946823,-0.0223457934301307
886,50,75,3.0,4,1,10,0.2147142857142857,20,34,58,0.2465050660510455,0.0037116624340691
887,50,62,2.48,3,1,12,0.1159999999999999,20,35,52,-0.1417794541823825,-0.0028376844494892
888,50,83,3.32,6,1,15,0.1693174603174603,21,34,62,0.4471742511865351,-0.0866332632940035
889,50,92,3.68,7,1,14,0.2331139971139971,23,35,73,0.2606097339232681,-0.0333742172874572
890,50,86,3.44,5,1,8,0.2224285714285714,22,35,71,0.0467141726049092,-0.0457075886317023
891,50,63,2.52,4,1,16,0.136,20,33,53,0.2186208037043161,0.0037453183520599
892,50,59,2.36,4,1,17,0.0586666666666666,20,32,49,-0.1561392537002291,-0.0162856248042593
893,50,65,2.6,3,1,18,0.1086666666666666,21,34,58,0.1517857142857133,0.0154087229041525
894,50,70,2.8,5,1,11,0.0674444444444444,18,30,58,0.043561560955934,-0.0594257734253282
895,50,63,2.52,4,1,10,0.1333333333333333,20,32,51,0.0729366602687155,-0.0514603616133518
896,50,67,2.68,4,1,14,0.1198095238095238,21,34,57,0.2779383053494728,-0.029763356916321
897,50,92,3.68,5,1,9,0.2973015873015873,20,35,72,0.0538636363636362,-0.0700439390023262
898,50,88,3.52,6,1,10,0.0513968253968253,19,31,80,0.1707891637220258,-0.0231107330214093
899,50,58,2.32,3,1,15,0.0833333333333333,21,35,49,-0.0145772594752183,-0.0355461775685765
900,50,65,2.6,3,1,13,0.112,21,36,58,0.1975308641975316,0.0020470829068577
901,50,64,2.56,4,1,13,0.1573333333333333,20,33,51,0.1459694989106753,-0.0202647932991083
902,50,73,2.92,5,1,10,0.1518787878787878,21,35,59,0.152083333333333,-0.0719967366918213
903,50,64,2.56,5,1,12,0.0643809523809523,22,34,56,0.4317054061112562,-0.0795180722891566
904,50,78,3.12,6,1,11,0.1515238095238095,18,32,63,0.1651931130758493,-0.0289121792555113
905,50,70,2.8,4,1,14,0.1428571428571428,18,31,58,0.2452248921749844,-0.0688222746154709
906,50,61,2.44,4,1,20,0.0186666666666666,21,35,52,0.2469135802469139,-0.0208455666470933
907,50,70,2.8,3,1,11,0.2111428571428571,21,38,60,0.0382495123399205,-0.017834829035556
908,50,87,3.48,7,1,8,0.1327258297258297,20,33,68,0.0417090869706481,-0.0558404970020949
909,50,71,2.84,5,1,12,0.1445238095238095,20,34,57,0.1719576719576722,-0.0308809188427782
910,50,78,3.12,5,1,8,0.1257142857142857,21,36,63,0.0015597267788956,-0.0036245016310257
911,50,81,3.24,6,1,9,0.1363492063492063,19,33,69,0.2454779486484653,-0.056433408577878
912,50,62,2.48,3,1,19,0.1553333333333333,23,38,50,0.2029009395088179,-0.0094258783204798
913,50,80,3.2,6,1,7,0.1413333333333333,20,32,60,0.1046941383717315,-0.0538020699683517
914,50,78,3.12,6,1,11,0.1651428571428571,19,33,65,0.4004979612456248,-0.0465116279069767
915,50,63,2.52,3,1,12,0.0871428571428571,20,36,56,0.1094357403698905,-0.0060572687224669
916,50,79,3.16,6,1,8,0.1455238095238095,20,34,66,0.0279871761545808,-0.0434093510610196
917,50,65,2.6,4,1,10,0.044,21,32,57,0.0547091412742379,-0.0351129095418353
918,50,65,2.6,4,1,14,0.0516190476190476,22,34,56,0.2327786377708977,-0.0784051378110784
919,50,72,2.88,4,1,10,0.1507835497835497,20,35,58,0.1354737666405636,-0.028900501226405
920,50,69,2.76,4,1,10,0.1044761904761904,19,33,54,0.160557067392349,-0.0327408793264733
921,50,113,4.52,8,1,12,0.1952862692862692,20,35,87,0.3119111944790513,-0.0758644566581555
922,50,68,2.72,4,1,10,0.202,20,32,56,-0.002237136465325,-0.0515046984655644
923,50,56,2.24,3,1,22,0.0533333333333333,20,34,51,0.1028958718422666,0.000699790062981
924,50,62,2.48,3,1,10,0.1149523809523809,18,32,51,-0.2119093851132687,-0.0470874481179332
925,50,79,3.16,5,1,10,0.2266984126984126,19,32,63,0.1610159535725193,0.0149625935162094
926,50,68,2.72,6,1,12,0.0973333333333333,19,33,56,0.1637786472889872,-0.0138445154419595
927,50,78,3.12,5,1,8,0.1184285714285714,19,31,65,-0.0279289082335865,-0.0351786201254431
928,50,64,2.56,3,1,14,0.1913333333333333,19,32,53,-0.0163274435249384,-0.0522407849376823
929,50,69,2.76,4,1,18,0.1986666666666666,21,34,59,0.0346435709526979,-0.0615384615384615
930,50,99,3.96,7,1,7,0.2863564213564213,19,32,78,0.1552734374999998,-0.0584697627798196
931,50,96,3.84,6,1,9,0.2142405372405372,18,32,73,0.1413949962092503,-0.0724982172569527
932,50,69,2.76,3,1,15,0.0939999999999999,21,35,62,0.0242424242424235,-0.0541557405084938
933,50,78,3.12,4,1,17,0.2886666666666667,20,36,64,0.078427378284784,0.0294833648904517
934,50,70,2.8,5,1,14,0.1058354978354978,21,32,59,0.1226362286743409,-0.0465246011380118
935,50,63,2.52,4,1,27,0.1006666666666666,21,34,53,0.3505154639175263,-0.0002737476047084
936,50,61,2.44,3,1,14,0.0733333333333333,17,30,52,-0.0689783743475022,-0.059932263289648
937,50,58,2.32,3,1,15,0.05,16,31,51,-0.2768839966130406,-0.0282337491792515
938,50,64,2.56,4,1,19,0.0833333333333333,22,36,56,0.2457142857142857,-0.0255040726398718
939,50,72,2.88,4,1,9,0.2199047619047618,20,36,60,0.0866318747490961,-0.0382780192980596
940,50,71,2.84,5,1,11,0.1166666666666666,20,36,57,0.1503010480933616,-0.0488811644579622
941,50,61,2.44,4,1,16,0.0831428571428571,21,37,47,0.2261257493377947,-0.0508029197080292
942,50,79,3.16,5,1,9,0.2258095238095238,20,36,64,0.2040816326530609,-0.0054044630404462
943,50,70,2.8,4,1,10,0.1628571428571429,16,29,56,0.210368414736589,-0.061206018780405
944,50,64,2.56,3,1,18,0.1513333333333333,20,34,53,0.0775299651039296,-0.1094257854821235
945,50,69,2.76,3,1,10,0.1971587301587301,19,34,59,0.1084414544289604,0.0105238811148374
946,50,69,2.76,4,1,11,0.02,22,36,60,0.179594609896954,-0.0242064398264443
947,50,82,3.28,6,1,7,0.1963809523809524,20,36,67,0.099607843137255,-0.0198675496688741
948,50,87,3.48,5,1,10,0.1935238095238095,21,37,68,0.2476012588593507,-0.0046914471309996
949,50,69,2.76,3,1,14,0.1255555555555555,20,35,58,0.1348254011055674,-0.074914089347079
950,50,70,2.8,4,1,10,0.1965714285714285,20,36,58,0.1018291018291017,-0.0689388071262587
951,50,68,2.72,4,1,13,0.121047619047619,19,34,58,0.1074265975820379,-0.0327479829140958
952,50,68,2.72,4,1,10,0.092095238095238,20,31,60,-0.1337667304015292,-0.0163934426229508
953,50,73,2.92,5,1,12,0.0736666666666666,20,34,63,0.2244190670984605,-0.006590286930954
954,50,68,2.72,5,1,12,0.0928571428571428,22,39,58,0.2200716845878135,-0.0354925617898559
955,50,63,2.52,3,1,14,0.1126666666666666,18,32,54,-0.0497839950627439,-0.0510218267760322
956,50,89,3.56,6,1,8,0.1593101343101343,21,34,68,0.1993715400671567,-0.0134964150147617
957,50,74,2.96,4,1,11,0.1331428571428571,21,35,64,0.1761409717614096,-0.0225292880744968
958,50,61,2.44,3,1,13,0.1241269841269841,19,36,52,0.0450247354248856,-0.0439657716140454
959,50,60,2.4,3,1,21,0.1159999999999999,18,31,48,0.2355555555555568,-0.0537471612414837
960,50,73,2.92,4,1,10,0.1591428571428571,21,34,57,0.1461988304093565,0.017903342647211
961,50,85,3.4,7,1,9,0.1282770562770562,20,36,67,0.2787765840824386,-0.0692624485211531
962,50,69,2.76,4,1,11,0.0927619047619047,21,35,57,0.1692966943273026,-0.0335292084341514
963,50,56,2.24,3,1,14,0.044,18,30,49,-0.1821471652593492,-0.0856538597109623
964,50,63,2.52,3,1,16,0.1166666666666666,20,33,52,0.0382658253612869,-0.0023316417501028
965,50,64,2.56,3,1,12,0.1453333333333333,21,35,53,-0.1780022446689113,0.0202766214583053
966,50,75,3.0,5,1,13,0.1510952380952381,18,34,62,0.3131910201831492,-0.0621786788243282
967,50,70,2.8,4,1,10,0.08,22,39,58,0.1904445919044457,0.012539184952978
968,50,68,2.72,5,1,11,0.0648571428571428,19,31,58,0.3129235237173279,0.0093984962406014
969,50,58,2.32,2,1,17,0.1413333333333333,18,31,49,0.012712777418659,-0.0571196094385679
970,50,69,2.76,5,1,11,0.1019523809523809,20,33,56,0.3049959709911365,0.0228670922809053
971,50,74,2.96,4,1,12,0.2473333333333333,18,32,61,0.2670152616588024,-0.0833249774390855
972,50,95,3.8,7,1,12,0.1916507936507936,20,36,71,0.513843743228152,-0.035550600767992
973,50,72,2.88,5,1,8,0.0874761904761904,18,33,63,0.1202823784957913,-0.0585979117835073
974,50,84,3.36,5,1,10,0.2218730158730159,20,34,66,0.1720658647670209,-0.0439645797731862
975,50,63,2.52,4,1,12,0.0513333333333333,21,37,53,0.0299401197604782,0.0424992963692654
976,50,71,2.84,5,1,10,0.1254285714285714,20,34,57,0.1214572100096778,-0.0355937738108196
977,50,90,3.6,5,1,11,0.2099004329004329,22,36,72,0.0428434825197655,-0.0276042716099133
978,50,65,2.6,3,1,15,0.157047619047619,20,36,54,0.2275698158051101,-0.0591327201051248
979,50,57,2.28,3,1,16,0.0,21,34,49,0.1145631067961167,-0.0578707609245824
980,50,76,3.04,6,1,10,0.0328095238095238,19,34,64,0.1944823286443521,-0.0517535545023696
981,50,96,3.84,6,1,8,0.1794505494505494,21,36,76,0.2786269319443258,-0.0491166292271264
982,50,99,3.96,6,1,10,0.2725757575757576,19,33,74,0.0663791212807953,-0.0427474928567426
983,50,91,3.64,6,1,11,0.2859278499278498,19,36,72,0.2799167052290607,-0.031841255191509
984,50,69,2.76,4,1,10,0.1281904761904761,20,31,55,0.106401766004415,0.0083449235048678
985,50,102,4.08,6,1,12,0.2937500930442107,20,34,82,0.0354566578425778,-0.0510437138152653
986,50,83,3.32,5,1,12,0.2194603174603174,19,34,64,0.1161466072313025,0.0184578505793048
987,50,76,3.04,5,1,11,0.1373650793650793,22,34,60,0.343485617597292,-0.0009407337723424
988,50,71,2.84,5,1,11,0.0960952380952381,21,37,62,0.0091082708976052,0.0017304780445598
989,50,68,2.72,3,1,12,0.2346666666666667,19,34,54,0.0804438280166426,-0.0733890917658145
990,50,64,2.56,4,1,13,0.034,18,31,54,-0.0369410239792611,0.0126346588642106
991,50,103,4.12,8,1,8,0.1602799422799422,21,37,80,0.2912677315392032,-0.0276692038675169
992,50,66,2.64,3,1,11,0.1866666666666666,21,34,57,-0.0036535992890283,-0.0265716137394685
993,50,91,3.64,7,1,9,0.1894503274503274,20,35,77,0.1347068145800316,-0.0571617161716171
994,50,74,2.96,4,1,12,0.136,19,37,63,0.0871969374734152,-0.0043912175648702
995,50,70,2.8,4,1,9,0.078,20,34,64,0.0423976608187132,-0.0222369731164951
996,50,67,2.68,4,1,13,0.0638095238095238,21,31,58,0.1150690414248538,-0.0002488181139587
997,50,72,2.88,4,1,12,0.1643650793650793,19,32,60,0.0827841183089532,-0.0287875604118512
998,50,76,3.04,6,1,9,0.0788888888888889,20,34,66,0.1702233250620349,-0.0290836273481453
999,50,72,2.88,5,1,8,0.1025714285714285,21,34,64,0.0696923201162876,-0.0360792492179353
1000,50,89,3.56,6,1,9,0.2240952380952381,20,35,70,0.2838363579247512,0.0038474991255683
1,20,28,2.8,3,1,6,0.1383333333333333,8,14,24,-0.0432692307692311,-0.0670430486944248
2,20,20,2.0,2,1,15,0.0833333333333333,7,14,19,-0.43939393939394,-0.0599721059972106
3,20,30,3.0,4,1,9,0.3649999999999999,8,15,24,0.1660405709992491,0.0157728706624605
4,20,32,3.2,4,1,10,0.3466666666666667,8,14,23,0.1194968553459119,-0.0871232876712328
5,20,21,2.1,2,1,7,0.0,7,11,20,-0.1744075829383887,-0.1775700934579439
6,20,21,2.1,2,1,8,0.0,9,13,19,-0.1538461538461559,0.0514429109159347
7,20,27,2.7,3,1,7,0.1385714285714286,7,13,22,-0.0550075872534142,-0.0032310177705977
8,20,28,2.8,2,1,7,0.2083333333333333,9,16,23,-0.1993410214168055,-0.0239099859353024
9,20,28,2.8,3,1,11,0.0766666666666666,9,17,26,0.0156249999999978,-0.1283582089552238
10,20,25,2.5,2,1,10,0.2283333333333333,8,13,21,0.0760111576011153,-0.1394712853236098
11,20,21,2.1,2,1,15,0.0833333333333333,8,14,18,0.1764705882352903,-0.1164556962025316
12,20,27,2.7,3,1,6,0.1866666666666666,8,14,24,0.0318725099601589,-0.0572289156626506
13,20,25,2.5,3,1,8,0.1833333333333333,9,15,22,0.055555555555555,-0.0657193605683836
14,20,24,2.4,3,1,10,0.0,8,11,23,0.0417422867513615,-0.0605187319884726
15,20,21,2.1,2,1,13,0.0,7,12,19,-0.3846153846153834,0.0232558139534883
16,20,22,2.2,2,1,9,0.0916666666666666,9,15,19,0.1556503198294246,-0.1242740998838559
17,20,20,2.0,2,1,15,0.0833333333333333,9,15,18,-0.3636363636363651,-0.1251758087201125
18,20,27,2.7,3,1,9,0.3841666666666666,8,13,21,-0.1700270839602771,-0.0913500404203717
19,20,23,2.3,2,1,14,0.1233333333333333,8,14,19,0.3134328358208962,-0.1011969532100108
20,20,22,2.2,2,1,9,0.0833333333333333,9,13,17,-0.2125984251968521,-0.0973871733966745
21,20,27,2.7,2,1,8,0.2133333333333333,7,13,23,-0.2289655172413789,-0.1090047393364928
22,20,27,2.7,3,1,8,0.2583333333333333,8,14,22,-0.0071736011477773,-0.0140845070422535
23,20,22,2.2,2,1,8,0.0,7,14,18,0.1619047619047633,-0.0292397660818713
24,20,22,2.2,2,1,13,0.1466666666666666,8,12,20,-0.2815533980582528,0.0747663551401869
25,20,23,2.3,2,1,7,0.1916666666666666,9,12,21,-0.1855670103092782,-0.1195767195767195
26,20,20,2.0,2,1,14,0.075,7,12,18,-0.237113402061857,-0.1396011396011396
27,20,22,2.2,2,1,9,0.075,10,15,18,-0.185185185185187,-0.0589651022864019
28,20,22,2.2,2,1,9,0.1249999999999999,9,15,19,0.1164658634538173,-0.1139240506329114
29,20,31,3.1,4,1,7,0.2308333333333333,8,12,24,0.05630579079881,-0.1111111111111111
30,20,22,2.2,2,1,15,0.2833333333333333,9,14,18,-0.2692307692307735,-0.0268378063010501
31,20,25,2.5,3,1,11,0.2583333333333333,8,13,20,-0.1396011396011394,-0.0159010600706713
32,20,23,2.3,2,1,11,0.15,8,15,20,-0.3909985935302391,-0.0697674418604651
33,20,20,2.0,2,1,15,0.0,8,14,18,-0.1063829787234062,-0.0719322990126939
34,20,24,2.4,3,1,11,0.0,8,15,22,0.4773139745916512,-0.0019880715705765
35,20,24,2.4,2,1,13,0.1166666666666666,9,14,20,0.1652173913043482,-0.1028971028971029
36,20,21,2.1,2,1,17,0.1666666666666666,8,14,18,-0.032786885245904,-0.0165605095541401
37,20,25,2.5,3,1,7,0.1666666666666666,7,13,20,-0.0485651214128039,-0.0546500479386386
38,20,29,2.9,3,1,10,0.235,9,15,24,0.0910871694417213,0.0326615705350938
39,20,25,2.5,2,1,8,0.2516666666666667,8,13,20,-0.1494252873563214,0.0259740259740259
40,20,22,2.2,2,1,10,0.075,7,13,19,0.2121212121212131,-0.0870588235294117
41,20,20,2.0,2,1,18,0.0833333333333333,9,15,19,0.2105263157894704,0.0555555555555555
42,20,34,3.4,4,1,7,0.2266666666666667,8,15,27,0.0595238095238087,-0.0548086866597725
43,20,25,2.5,3,1,9,0.3049999999999999,8,13,19,-0.2160228898426336,-0.0600706713780918
44,20,25,2.5,3,1,8,0.1183333333333333,9,13,23,0.0833333333333329,-0.0964912280701754
45,20,31,3.1,3,1,7,0.324047619047619,7,12,26,-0.2394098048548323,-0.0490081680280047
46,20,24,2.4,2,1,12,0.275,8,13,20,0.0217391304347793,-0.0749756572541382
47,20,23,2.3,2,1,8,0.1783333333333333,7,13,19,-0.364746945898778,-0.0454545454545454
48,20,23,2.3,2,1,10,0.2333333333333333,8,12,20,-0.1499999999999998,-0.0065645514223194
49,20,24,2.4,3,1,9,0.2499999999999999,9,13,20,-0.0322580645161292,-0.083725305738476
50,20,24,2.4,3,1,7,0.1166666666666666,9,15,21,0.08695652173913,-0.0424481737413622
51,20,23,2.3,2,1,11,0.1883333333333333,6,11,21,-0.4628975265017666,-0.0580503833515882
52,20,24,2.4,2,1,11,0.2266666666666666,7,13,20,-0.4373865698729587,-0.0486593843098312
53,20,23,2.3,2,1,9,0.2166666666666666,9,14,18,-0.0337078651685388,-0.0870032223415682
54,20,20,2.0,2,1,11,0.0,7,11,19,-0.5037593984962392,-0.0315186246418338
55,20,24,2.4,2,1,10,0.1166666666666666,8,14,20,-0.1282051282051272,0.0136986301369863
56,20,22,2.2,2,1,9,0.05,7,12,21,-0.4666666666666673,-0.1113662456946039
57,20,20,2.0,2,1,12,0.105,8,10,17,-0.5229885057471267,-0.1049723756906077
58,20,39,3.9,4,1,7,0.5785714285714286,10,15,29,0.1621785173978814,-0.0220891052040434
59,20,29,2.9,3,1,10,0.2883333333333333,9,15,24,0.0920810313075497,-0.0777701307639366
60,20,23,2.3,2,1,10,0.0,8,12,22,-0.0676982591876223,-0.1231422505307855
61,20,22,2.2,2,1,12,0.075,8,14,20,-0.0788912579957342,-0.0744186046511627
62,20,22,2.2,2,1,12,0.0883333333333333,8,15,20,0.1816881258941348,-0.0401891252955082
63,20,21,2.1,2,1,11,0.105,8,13,19,-0.235294117647059,-0.0852713178294574
64,20,23,2.3,2,1,13,0.0716666666666666,9,14,22,0.0763052208835346,-0.0488599348534202
65,20,20,2.0,2,1,16,0.0,9,15,17,-0.0810810810810823,-0.1428571428571428
66,20,20,2.0,2,1,14,0.0833333333333333,6,11,17,-0.5028901734104034,0.0542420027816411
67,20,30,3.0,3,1,7,0.3085714285714285,9,14,24,0.0412895927601819,-0.0586011342155009
68,20,33,3.3,3,1,6,0.2136507936507936,8,13,26,0.1197839960726559,-0.0831127580730545
69,20,19,1.9,1,1,10,0.0,7,10,18,-0.4566666666666664,-0.1231527093596059
70,20,22,2.2,2,1,11,0.0833333333333333,9,15,19,-0.0393700787401587,-0.0794392523364486
71,20,23,2.3,2,1,13,0.0883333333333333,7,13,20,0.1816479400749061,-0.0580503833515881
72,20,22,2.2,2,1,11,0.05,9,14,19,0.1538461538461553,-0.0034207525655644
73,20,22,2.2,2,1,13,0.075,8,15,17,0.1164658634538162,0.0390804597701149
74,20,30,3.0,3,1,11,0.2866666666666667,8,13,25,0.1914722445695897,-0.0444874274661508
75,20,22,2.2,2,1,10,0.15,7,11,18,0.0711111111111102,-0.1523809523809524
76,20,23,2.3,2,1,9,0.0,8,15,22,0.1055555555555559,-0.0011454753722795
77,20,19,1.9,1,1,15,0.0,9,14,16,-0.3680000000000007,-0.0157232704402515
78,20,22,2.2,2,1,8,0.1166666666666666,7,12,20,0.0370370370370375,-0.0986920332936979
79,20,20,2.0,2,1,14,0.1166666666666666,7,12,17,-0.5725806451612919,-0.0570236439499304
80,20,26,2.6,3,1,8,0.255,7,12,23,-0.312084993359893,0.0288624787775891
81,20,22,2.2,2,1,13,0.05,9,13,20,-0.2692307692307687,0.048076923076923
82,20,21,2.1,2,1,15,0.0833333333333333,9,13,18,0.227941176470588,-0.0994764397905758
83,20,22,2.2,2,1,8,0.0633333333333333,8,14,20,-0.0701001430615157,-0.0706836616454229
84,20,30,3.0,3,1,6,0.1672222222222222,9,15,24,-0.0966057441253258,-0.0454262601120099
85,20,24,2.4,2,1,7,0.1483333333333333,7,12,21,0.0266512166859791,0.0165853658536585
86,20,23,2.3,2,1,14,0.1833333333333333,8,15,21,-0.1074074074074105,-0.080042689434365
87,20,28,2.8,3,1,7,0.1114285714285714,8,15,21,0.053459119496856,-0.0377761938702779
88,20,25,2.5,3,1,8,0.06,8,13,21,0.2690058479532159,0.0063233965672989
89,20,24,2.4,2,1,11,0.1833333333333333,8,12,21,-0.1282051282051281,-0.0823529411764706
90,20,24,2.4,3,1,13,0.1916666666666666,7,12,21,0.2051282051282044,-0.1485543369890329
91,20,32,3.2,3,1,5,0.2969444444444444,8,13,25,-0.0604026845637583,-0.0430733410942956
92,20,25,2.5,3,1,15,0.2333333333333333,7,13,19,0.4573082489146161,-0.0249554367201426
93,20,22,2.2,2,1,11,0.3041666666666667,8,11,17,-0.2477943029997477,-0.1055276381909547
94,20,26,2.6,4,1,7,0.0833333333333333,8,13,24,0.1211267605633809,-0.1100164203612479
95,20,22,2.2,2,1,14,0.0666666666666666,8,12,20,-0.2196162046908309,-0.1062857142857142
96,20,24,2.4,3,1,11,0.1433333333333333,8,14,20,0.0886075949367082,-0.0739299610894941
97,20,23,2.3,2,1,8,0.1666666666666666,8,16,21,-0.2105263157894743,-0.0743099787685774
98,20,24,2.4,3,1,13,0.24,7,13,19,0.2042780748663094,-0.1076923076923077
99,20,24,2.4,3,1,10,0.075,7,12,22,-0.2489451476793248,-0.0262390670553936
100,20,21,2.1,2,1,11,0.0833333333333333,7,13,18,-0.3846153846153829,-0.0050377833753148
101,20,30,3.0,4,1,7,0.1599999999999999,7,11,26,-0.1130063965884861,-0.0384615384615384
102,20,23,2.3,2,1,11,0.1833333333333333,8,12,20,-0.0842857142857141,-0.0409482758620689
103,20,22,2.2,2,1,12,0.0833333333333333,7,12,20,0.0833333333333336,0.0282208588957054
104,20,22,2.2,2,1,9,0.0833333333333333,8,13,20,-0.3939393939393933,-0.0909090909090909
105,20,29,2.9,3,1,6,0.05,7,13,27,-0.0672975814931653,-0.0786838340486408
106,20,21,2.1,2,1,12,0.1166666666666666,9,16,19,0.0808080808080805,-0.0541611624834874
107,20,40,4.0,4,1,5,0.476904761904762,8,14,31,-0.2709620476610748,-0.1079545454545455
108,20,23,2.3,3,1,13,0.15,9,12,21,0.3030303030303035,-0.0465872156013001
109,20,30,3.0,4,1,5,0.1766666666666667,9,16,24,-0.0975609756097564,-0.0773993808049535
110,20,22,2.2,2,1,11,0.1166666666666666,8,14,21,-0.3836477987421406,-0.0584192439862543
111,20,24,2.4,2,1,10,0.1883333333333333,8,14,20,0.0980392156862741,-0.0486593843098311
112,20,22,2.2,2,1,12,0.18,7,13,19,-0.1123595505617984,-0.1152073732718894
113,20,25,2.5,3,1,8,0.1966666666666666,8,14,21,-0.0335917312661499,-0.0879419764279238
114,20,29,2.9,3,1,7,0.2009523809523809,9,14,24,0.3318564466105443,-0.1124338624338624
115,20,21,2.1,2,1,17,0.1666666666666666,8,12,17,0.1393442622950829,-0.1207115628970774
116,20,29,2.9,3,1,6,0.2883333333333333,9,16,23,0.3053892215568862,-0.0100468854655056
117,20,24,2.4,2,1,12,0.2,9,13,20,0.2480417754569185,-0.0173410404624277
118,20,24,2.4,2,1,8,0.1466666666666666,9,14,19,-0.0568181818181821,-0.0834151128557409
119,20,36,3.6,5,1,5,0.2414285714285714,8,15,27,0.1493953488372084,-0.0616621983914209
120,20,26,2.6,3,1,8,0.1483333333333333,9,14,22,0.1186440677966099,-0.0070422535211267
121,20,22,2.2,2,1,14,0.1916666666666666,7,12,20,-0.2031250000000004,-0.0576923076923077
122,20,21,2.1,2,1,9,0.075,8,15,19,-0.1514360313315922,-0.0592686002522067
123,20,25,2.5,3,1,12,0.12,8,14,22,0.3217054263565885,-0.0186005314437555
124,20,21,2.1,2,1,13,0.0,7,12,20,-0.4066985645933013,-0.1080402010050251
125,20,22,2.2,2,1,13,0.0833333333333333,8,14,20,0.0260416666666669,-0.081967213114754
126,20,30,3.0,3,1,10,0.3259523809523809,8,14,24,0.1144527986633247,-0.1177644710578842
127,20,22,2.2,2,1,14,0.1583333333333333,7,13,19,-0.2043795620437949,-0.1139240506329114
128,20,22,2.2,2,1,10,0.0833333333333333,7,13,19,-0.5468750000000003,-0.0807017543859649
129,20,23,2.3,3,1,9,0.0,7,10,20,-0.236559139784946,-0.0432989690721649
130,20,22,2.2,2,1,13,0.0666666666666666,7,12,20,0.155650319829425,-0.0857814336075205
131,20,24,2.4,2,1,7,0.2666666666666666,7,12,19,-0.3407821229050269,-0.0943005181347151
132,20,22,2.2,2,1,11,0.0833333333333333,8,13,19,-0.1458333333333314,-0.0011976047904191
133,20,24,2.4,2,1,11,0.1733333333333333,7,13,21,0.0795454545454548,-0.037328094302554
134,20,19,1.9,1,1,17,0.0,7,14,15,-0.6170212765957462,-0.125
135,20,23,2.3,3,1,9,0.0833333333333333,8,13,21,-0.0923482849604216,-0.0287539936102236
136,20,20,2.0,2,1,11,0.0,9,14,17,-0.1914893617021276,-0.1111111111111111
137,20,21,2.1,2,1,16,0.0833333333333333,9,14,18,0.3114754098360692,-0.125
138,20,21,2.1,2,1,8,0.1033333333333333,8,12,18,-0.3250478011472273,-0.0606060606060606
139,20,27,2.7,3,1,9,0.3347619047619047,8,14,22,-0.4040445728435823,-0.08
140,20,21,2.1,2,1,13,0.0,8,13,16,-0.2049180327868878,-0.0458715596330275
141,20,21,2.1,2,1,13,0.2,9,14,19,-0.0384615384615377,-0.1094339622641509
142,20,41,4.1,5,1,4,0.3627380952380952,7,12,32,-0.3572134387351769,-0.0989690721649484
143,20,34,3.4,3,1,5,0.2323412698412698,8,14,28,-0.017738359201774,-0.1316187594553706
144,20,25,2.5,2,1,8,0.0,8,13,24,-0.2987012987012985,-0.0743061772605192
145,20,21,2.1,2,1,9,0.0,7,13,17,-0.4000000000000003,-0.027027027027027
146,20,24,2.4,3,1,6,0.0833333333333333,8,12,20,-0.3839662447257383,-0.1017964071856288
147,20,20,2.0,2,1,16,0.0,8,13,18,-0.0810810810810823,-0.1188811188811189
148,20,21,2.1,2,1,11,0.0,7,11,18,-0.2995049504950489,-0.11787072243346
149,20,21,2.1,2,1,12,0.0416666666666666,7,11,20,-0.5023847376788566,-0.0114068441064638
150,20,22,2.2,2,1,7,0.1033333333333333,8,14,17,-0.2222222222222223,-0.1374853113983548
151,20,22,2.2,2,1,15,0.2,7,12,19,-0.0437956204379545,-0.0987514188422247
152,20,20,2.0,2,1,12,0.0,8,12,18,-0.3924050632911384,-0.0614525139664804
153,20,20,2.0,2,1,14,0.0716666666666666,8,12,18,-0.2500000000000007,-0.0480349344978166
154,20,23,2.3,3,1,14,0.175,9,13,21,0.1305841924398636,-0.1032325338894682
155,20,19,1.9,1,1,16,0.0,7,11,18,-0.5616438356164379,0.0379746835443038
156,20,21,2.1,2,1,11,0.0,8,14,19,-0.1313131313131327,-0.0727969348659004
157,20,21,2.1,2,1,12,0.075,7,13,16,-0.1142857142857128,-0.081081081081081
158,20,20,2.0,2,1,15,0.0833333333333333,8,14,18,-0.3714285714285711,-0.0841654778887304
159,20,26,2.6,3,1,7,0.1366666666666666,8,14,22,-0.0070422535211267,-0.0887772194304857
160,20,21,2.1,2,1,13,0.0833333333333333,8,13,19,-0.1142857142857147,-0.1136363636363636
161,20,24,2.4,2,1,11,0.2,7,12,21,-0.1025641025641013,-0.0797546012269938
162,20,33,3.3,4,1,7,0.4671428571428572,8,15,24,0.1884472404918499,-0.121524201853759
163,20,21,2.1,2,1,8,0.0,9,14,17,-0.1580882352941162,-0.0013245033112582
164,20,24,2.4,2,1,11,0.2316666666666666,7,12,20,-0.0016051364365975,-0.03125
165,20,26,2.6,3,1,12,0.1516666666666666,9,13,24,-0.0995594713656393,-0.0594227504244482
166,20,21,2.1,2,1,15,0.1666666666666666,9,14,19,0.176470588235296,-0.0126903553299492
167,20,19,1.9,1,1,15,0.0,7,12,17,-0.6720000000000012,-0.0109546165884193
168,20,23,2.3,2,1,10,0.0416666666666666,9,14,21,0.1305841924398625,-0.0325476992143659
169,20,27,2.7,3,1,8,0.2566666666666666,7,13,21,0.2429906542056071,-0.0432766615146831
170,20,32,3.2,3,1,6,0.2716666666666666,8,14,25,0.0103092783505154,-0.0176036342986939
171,20,23,2.3,2,1,9,0.1083333333333333,8,13,20,-0.2834821428571424,-0.001088139281828
172,20,24,2.4,3,1,7,0.1833333333333333,8,13,20,0.1111111111111114,-0.1098265895953757
173,20,26,2.6,2,1,8,0.2766666666666666,8,14,22,-0.3766546329723215,-0.1016949152542373
174,20,27,2.7,3,1,10,0.2699999999999999,8,14,24,0.1588785046728969,-0.0860820595333869
175,20,26,2.6,2,1,11,0.2922619047619047,9,15,22,-0.1368987554658598,-0.0314049586776859
176,20,25,2.5,3,1,7,0.105,8,13,21,-0.005747126436782,-0.1003521126760563
177,20,22,2.2,2,1,13,0.1166666666666666,9,15,19,0.0370370370370361,-0.1126436781609195
178,20,24,2.4,3,1,8,0.0416666666666666,9,16,20,0.2258064516129033,-0.0514285714285714
179,20,23,2.3,2,1,9,0.1866666666666666,8,12,19,-0.2583586626139816,-0.060796645702306
180,20,32,3.2,5,1,8,0.2944047619047619,8,12,25,0.1515975526852481,-0.0231532524807056
181,20,19,1.9,1,1,17,0.0,8,13,18,-0.2127659574468153,-0.0721003134796238
182,20,20,2.0,2,1,15,0.075,7,11,18,-0.4393939393939415,-0.0329985652797704
183,20,30,3.0,4,1,8,0.1719047619047619,8,13,24,0.1523853635942564,-0.1054637865311309
184,20,26,2.6,3,1,8,0.03,8,13,23,0.0206561360874843,-0.0896898575020955
185,20,37,3.7,6,1,10,0.3470238095238095,9,15,27,0.6360314783586285,-0.072463768115942
186,20,22,2.2,3,1,13,0.0,8,13,22,0.3815261044176706,-0.0304449648711943
187,20,23,2.3,2,1,9,0.0833333333333333,9,15,20,0.2886597938144338,-0.1096491228070175
188,20,21,2.1,2,1,13,0.0416666666666666,9,15,20,0.0808080808080796,-0.1023622047244094
189,20,25,2.5,2,1,6,0.1499999999999999,8,13,22,-0.1235955056179782,-0.1173184357541899
190,20,25,2.5,2,1,11,0.165,7,12,21,0.0488006617038877,-0.0978956999085087
191,20,20,2.0,2,1,15,0.075,7,12,16,-0.515151515151517,-0.1065006915629322
192,20,19,1.9,1,1,14,0.0,8,13,18,-0.290123456790124,-0.1056661562021439
193,20,27,2.7,4,1,6,0.0849999999999999,7,14,23,0.025773195876287,-0.04570100697134
194,20,24,2.4,2,1,10,0.0666666666666666,9,15,21,0.2000000000000003,0.0082644628099173
195,20,33,3.3,5,1,6,0.084047619047619,8,13,31,0.1206636500754148,-0.1041554236373448
196,20,23,2.3,2,1,10,0.1733333333333333,7,12,20,0.1067961165048546,-0.0302351623740201
197,20,20,2.0,2,1,16,0.0,9,12,18,-0.0810810810810823,0.005524861878453
198,20,21,2.1,2,1,12,0.0,7,11,19,-0.5098039215686281,-1.5338607577058082e-17
199,20,24,2.4,2,1,11,0.2083333333333333,7,12,21,-0.5949367088607588,0.0088495575221238
200,20,21,2.1,2,1,11,0.1083333333333333,8,14,17,-0.371428571428572,-0.0350194552529182
201,20,21,2.1,2,1,13,0.075,9,15,19,0.0277777777777777,0.0526315789473684
202,20,27,2.7,2,1,8,0.3739285714285714,7,12,20,-0.1127068373399936,0.0016077170418006
203,20,20,2.0,2,1,12,0.0,7,10,18,-0.5831987075928905,-0.1444921316165951
204,20,22,2.2,2,1,10,0.2,8,15,18,-0.1282051282051307,-0.1704957678355501
205,20,23,2.3,2,1,8,0.0,10,16,20,0.0464344941956887,-0.1279317697228144
206,20,34,3.4,4,1,10,0.5316666666666665,7,14,26,0.0695128626163112,0.0662089259440902
207,20,23,2.3,2,1,8,0.1249999999999999,7,12,21,0.0107526881720432,-0.076595744680851
208,20,21,2.1,2,1,10,0.0,6,10,20,-0.2927496580027369,-0.0639999999999999
209,20,21,2.1,2,1,8,0.0,7,12,20,-0.3456998313659372,-0.0323415265200517
210,20,22,2.2,2,1,12,0.075,7,12,21,-0.0411522633744864,-0.0909090909090909
211,20,24,2.4,3,1,11,0.1699999999999999,7,13,21,0.0987482614742689,-0.1338582677165354
212,20,24,2.4,2,1,10,0.1583333333333333,7,13,21,-0.425361155698235,-0.0222652468538238
213,20,23,2.3,2,1,11,0.0849999999999999,8,13,22,-0.0028129395218003,-0.1169977924944812
214,20,20,2.0,2,1,18,0.0833333333333333,9,13,18,0.2105263157894704,-0.1251758087201125
215,20,20,2.0,2,1,17,0.0833333333333333,9,14,19,-0.0810810810810823,0.0257879656160458
216,20,23,2.3,2,1,10,0.1833333333333333,7,12,20,-0.3041237113402064,-0.0788912579957356
217,20,26,2.6,3,1,9,0.2566666666666667,9,15,21,-0.0463692038495194,-0.1202872531418312
218,20,21,2.1,2,1,10,0.0,8,12,19,-0.2020202020202,0.0751295336787564
219,20,23,2.3,2,1,10,0.1633333333333333,9,15,21,-0.1464174454828662,-0.1090146750524109
220,20,19,1.9,1,1,19,0.0,8,12,16,-0.0555555555555628,-0.0539291217257318
221,20,26,2.6,2,1,7,0.2516666666666666,8,15,22,-0.0303541315345702,-0.0585241730279897
222,20,23,2.3,2,1,14,0.1833333333333333,8,13,21,-0.2105263157894733,-0.110867178924259
223,20,22,2.2,2,1,13,0.1166666666666666,10,14,19,-0.0370370370370383,-0.0523917995444191
224,20,23,2.3,2,1,12,0.1999999999999999,7,11,20,-0.2196969696969703,-0.0743099787685774
225,20,25,2.5,3,1,13,0.2799999999999999,7,13,21,0.0689013035381748,-0.038843721770551
226,20,24,2.4,2,1,11,0.1833333333333333,7,13,22,-0.0652741514360306,-0.0252427184466019
227,20,27,2.7,2,1,7,0.4166666666666666,8,13,20,-0.0550621669626984,0.1414944356120827
228,20,21,2.1,2,1,13,0.0,9,13,18,-0.032786885245904,-0.0714285714285714
229,20,25,2.5,3,1,8,0.1416666666666666,7,12,19,-0.2479871175523346,-0.069767441860465
230,20,20,2.0,2,1,11,0.0,9,15,18,-0.0256410256410268,-0.0719322990126939
231,20,26,2.6,3,1,11,0.2416666666666666,8,13,22,0.3042253521126759,-0.1007620660457239
232,20,19,1.9,1,1,17,0.0,10,15,17,-0.4148936170212763,0.0573643410852713
233,20,25,2.5,3,1,12,0.185,7,12,22,0.2720883534136544,-0.1160714285714285
234,20,22,2.2,2,1,14,0.0833333333333333,9,14,18,0.0833333333333339,-0.0547945205479452
235,20,27,2.7,3,1,8,0.24,8,12,22,0.146469968387777,-0.1276102088167053
236,20,21,2.1,2,1,15,0.075,8,13,19,0.1428571428571435,-0.1025
237,20,30,3.0,3,1,8,0.2799999999999999,7,12,24,0.1638635271504079,-0.0201511335012594
238,20,27,2.7,3,1,6,0.149047619047619,7,12,24,-0.2555066079295163,-0.086687306501548
239,20,23,2.3,2,1,11,0.1599999999999999,8,15,20,-0.1896551724137933,-0.0928725701943844
240,20,22,2.2,2,1,11,0.0999999999999999,8,13,19,0.2121212121212124,0.0412844036697247
241,20,24,2.4,3,1,7,0.1483333333333333,8,11,22,-0.1794871794871791,0.0806451612903225
242,20,22,2.2,2,1,9,0.0833333333333333,7,14,19,-0.2692307692307722,-0.1537544696066746
243,20,22,2.2,2,1,15,0.1333333333333333,9,14,18,0.3070866141732271,-0.1877300613496932
244,20,22,2.2,2,1,10,0.2583333333333333,5,10,19,-0.5262267343485606,-0.0870588235294117
245,20,29,2.9,3,1,8,0.3083333333333333,8,14,24,0.0658263305322129,-0.0642201834862385
246,20,21,2.1,2,1,9,0.0,9,15,21,-0.0285714285714291,-0.0445026178010471
247,20,20,2.0,2,1,17,0.0,8,13,16,-0.0526315789473684,0.0
248,20,27,2.7,3,1,6,0.4049999999999999,9,13,22,-0.2416591523895402,-0.0007722007722007
249,20,22,2.2,2,1,11,0.1483333333333333,8,13,20,0.1775700934579442,-0.1229698375870069
250,20,24,2.4,2,1,10,0.295,7,10,19,-0.3125000000000002,-0.0534351145038167
251,20,20,2.0,2,1,14,0.0,9,14,19,-0.0810810810810823,-0.0888252148997135
252,20,27,2.7,3,1,6,0.09,7,12,23,0.1838790931989915,-0.0334928229665071
253,20,20,2.0,2,1,10,0.0,9,13,18,-0.2612612612612611,-0.0526315789473683
254,20,21,2.1,2,1,14,0.0416666666666666,8,12,18,0.0735294117647057,-0.1221374045801527
255,20,23,2.3,2,1,8,0.11,9,14,20,-0.1822429906542072,-0.0534351145038167
256,20,31,3.1,4,1,5,0.2023809523809523,8,13,25,-0.2121212121212137,-0.0564042303172738
257,20,19,1.9,1,1,15,0.0,8,14,16,-0.5246913580246926,-0.0943999999999999
258,20,38,3.8,5,1,6,0.2464682539682539,8,14,28,0.1118453255017133,-0.1044776119402985
259,20,23,2.3,2,1,9,0.0,8,13,22,-0.0632603406326026,-0.1194690265486725
260,20,22,2.2,2,1,12,0.1083333333333333,8,12,19,-0.4452554744525578,-0.1308411214953271
261,20,20,2.0,2,1,13,0.0,7,13,20,-0.4432989690721667,-0.0857142857142857
262,20,22,2.2,2,1,10,0.1166666666666666,8,13,17,-0.2125984251968521,-0.0744186046511627
263,20,20,2.0,2,1,11,0.0,9,14,18,-0.0784313725490209,-0.0966810966810967
264,20,20,2.0,2,1,16,0.0833333333333333,7,11,17,-0.5277777777777793,-0.0935251798561151
265,20,28,2.8,3,1,8,0.1866666666666667,9,15,24,0.1752873563218388,-0.0333569907735983
266,20,24,2.4,2,1,8,0.0649999999999999,8,13,22,-0.249266862170088,-0.1230925737538148
267,20,20,2.0,2,1,14,0.1083333333333333,9,14,18,-0.4245014245014251,-0.0256410256410256
268,20,27,2.7,3,1,8,0.275,9,15,21,-0.0062111801242233,0.071875
269,20,22,2.2,2,1,11,0.075,9,14,20,0.0260416666666652,-0.0511945392491467
270,20,27,2.7,3,1,6,0.21,8,16,22,-0.156171284634761,-0.0481366459627329
271,20,24,2.4,3,1,9,0.0716666666666666,9,15,22,0.3333333333333337,-0.0484330484330484
272,20,28,2.8,4,1,8,0.12,7,13,25,0.3269230769230776,-0.1120567375886525
273,20,27,2.7,3,1,7,0.1433333333333333,8,14,25,0.0444277108433733,-0.1072555205047318
274,20,27,2.7,3,1,7,0.025,8,15,24,-0.1460674157303368,-0.0758620689655172
275,20,21,2.1,2,1,14,0.0333333333333333,9,12,18,0.0083333333333338,-0.0050377833753148
276,20,21,2.1,2,1,11,0.0,9,14,19,-0.0802469135802468,-0.1264367816091953
277,20,26,2.6,3,1,10,0.205,8,14,23,0.0776053215077608,-0.1118421052631579
278,20,23,2.3,2,1,12,0.285,7,12,19,-0.0351617440225037,-0.073170731707317
279,20,20,2.0,2,1,16,0.0833333333333333,9,13,19,0.0990990990991011,-0.0841654778887304
280,20,21,2.1,2,1,17,0.1666666666666666,8,12,19,0.1393442622950829,-0.0283505154639175
281,20,24,2.4,2,1,11,0.1283333333333333,8,13,21,0.0502673796791431,0.0852557673019057
282,20,21,2.1,2,1,12,0.03,8,12,20,-0.1351351351351354,-0.0997506234413965
283,20,19,1.9,1,1,17,0.0,8,14,17,-0.4148936170212763,-0.0487012987012986
284,20,21,2.1,2,1,9,0.075,9,14,20,-0.2352941176470576,0.0617608409986859
285,20,20,2.0,2,1,11,0.0,8,12,19,-0.2658227848101259,-0.0614525139664804
286,20,24,2.4,3,1,8,0.1666666666666666,8,13,21,-0.1279373368146212,0.0399999999999999
287,20,23,2.3,2,1,10,0.0,8,15,20,0.0707070707070708,-0.111344537815126
288,20,25,2.5,3,1,7,0.0,8,13,21,-0.0600706713780919,-0.1183597390493942
289,20,27,2.7,2,1,9,0.3233333333333333,8,13,21,-0.1946902654867255,-0.1498422712933754
290,20,26,2.6,3,1,12,0.18,8,11,23,0.1544715447154454,-0.1304347826086956
291,20,23,2.3,2,1,10,0.075,7,13,21,-0.6497890295358651,-0.0538373424971363
292,20,31,3.1,4,1,6,0.2303571428571428,8,13,22,-0.1232478180375555,-0.0757663389242336
293,20,26,2.6,3,1,12,0.225,8,13,22,0.2821548821548815,-0.0682004930156121
294,20,26,2.6,3,1,7,0.2116666666666666,9,15,21,-0.0297029702970283,-0.0363951473136915
295,20,27,2.7,3,1,9,0.2016666666666666,9,15,23,0.0897049969897647,-0.1070615034168564
296,20,20,2.0,2,1,9,0.0,9,14,19,-0.4468085106382984,-0.0359712230215827
297,20,32,3.2,3,1,6,0.2976190476190476,7,12,24,-0.0954848260547742,-0.1197375615090213
298,20,27,2.7,3,1,7,0.2,8,13,21,0.1614906832298142,-0.0748407643312101
299,20,25,2.5,3,1,7,0.145,7,12,21,0.0925925925925921,-0.0820559062218214
300,20,26,2.6,3,1,7,0.1216666666666666,9,14,23,0.2733900364520048,-0.0372940156114483
301,20,25,2.5,3,1,6,0.09,6,11,19,-0.2105263157894744,-0.1385199240986717
302,20,30,3.0,3,1,7,0.2654761904761905,7,14,24,0.0083440308087294,-0.0418006430868167
303,20,19,1.9,1,1,19,0.0,9,13,17,-0.0555555555555628,-0.1056661562021439
304,20,24,2.4,3,1,13,0.2483333333333333,9,15,21,0.0502673796791431,-0.0130653266331658
305,20,27,2.7,3,1,7,0.2666666666666667,7,12,21,0.0129474485910116,-0.0313216195569136
306,20,38,3.8,5,1,7,0.3564285714285714,8,13,27,0.1854388635210556,-0.0543004359889021
307,20,21,2.1,2,1,11,0.0833333333333333,7,13,18,-0.0980392156862724,-0.0673443456162642
308,20,31,3.1,4,1,7,0.2790476190476191,8,14,24,0.1965811965811958,-0.0163934426229508
309,20,23,2.3,3,1,8,0.0,9,16,22,-0.0222222222222218,-0.0846730975348338
310,20,22,2.2,2,1,13,0.1916666666666666,8,15,20,-0.3101736972704708,-0.1013110846245531
311,20,26,2.6,3,1,15,0.2283333333333333,8,15,19,0.2550663871418577,-0.0703259005145797
312,20,27,2.7,3,1,7,0.1366666666666666,8,13,22,0.1760113555713287,-0.0596892886345053
313,20,26,2.6,3,1,9,0.0366666666666666,7,12,25,-0.2325056433408573,-0.0878661087866109
314,20,24,2.4,3,1,10,0.0,10,14,21,0.1521739130434783,-0.0222652468538238
315,20,30,3.0,5,1,7,0.0583333333333333,9,15,27,0.2455089820359276,0.0095238095238095
316,20,31,3.1,4,1,7,0.2527777777777777,7,13,24,0.0011645962732911,-0.0734328358208955
317,20,19,1.9,1,1,17,0.0,9,14,17,-0.6170212765957462,0.0046224961479198
318,20,23,2.3,3,1,11,0.0383333333333333,8,12,20,-0.0031152647975074,0.0223166843783209
319,20,33,3.3,4,1,5,0.2269047619047619,9,13,27,-0.0385878489326772,-0.1092436974789916
320,20,24,2.4,2,1,8,0.1133333333333333,8,15,21,-0.1476793248945153,-0.0930693069306931
321,20,28,2.8,3,1,8,0.1616666666666666,8,13,21,0.2974910394265226,-0.0753911806543385
322,20,32,3.2,3,1,5,0.2950000000000001,7,11,25,-0.3886628695416327,-0.0735930735930736
323,20,26,2.6,2,1,7,0.195,8,13,22,0.2073170731707317,-0.0594227504244482
324,20,31,3.1,4,1,7,0.1433333333333333,8,13,25,0.2941712204007276,-0.074074074074074
325,20,35,3.5,5,1,11,0.5426190476190476,8,14,26,0.635124298315959,-0.0209662716499544
326,20,27,2.7,2,1,6,0.255,8,11,21,-0.0666666666666661,-0.0913173652694611
327,20,25,2.5,3,1,7,0.0583333333333333,7,12,21,0.175824175824175,-0.1183597390493941
328,20,37,3.7,5,1,5,0.2273412698412698,8,13,28,-0.0263756252842204,-0.0733526730211355
329,20,23,2.3,2,1,13,0.0716666666666666,8,15,21,0.122719734660033,-0.0342612419700213
330,20,28,2.8,2,1,10,0.3966666666666667,10,16,24,0.0636461704422878,-0.1018973998594519
331,20,19,1.9,1,1,16,0.0,8,11,16,-0.2258064516129035,-0.0572831423895253
332,20,24,2.4,3,1,7,0.0833333333333333,7,12,21,-0.4852320675105488,-0.0029850746268656
333,20,25,2.5,3,1,8,0.1383333333333333,8,12,19,0.2391304347826083,-0.0582010582010582
334,20,25,2.5,3,1,9,0.1583333333333333,8,13,21,0.3589743589743576,-0.0978956999085086
335,20,23,2.3,2,1,9,0.1583333333333333,6,12,20,-0.4838709677419359,-0.0465872156013001
336,20,25,2.5,3,1,10,0.295,7,12,21,-0.2550200803212856,-0.1013215859030837
337,20,43,4.3,5,1,5,0.3229365079365079,7,12,32,0.1715855058206261,-0.0580441640378548
338,20,23,2.3,2,1,13,0.075,8,14,20,-0.0923482849604221,0.0191897654584221
339,20,30,3.0,3,1,10,0.2861904761904762,8,16,22,0.0745233968804159,-0.1026615969581749
340,20,21,2.1,2,1,16,0.1166666666666666,8,14,18,0.1428571428571407,-0.0727969348659003
341,20,26,2.6,3,1,9,0.2216666666666666,9,15,21,0.2614870509607341,-0.0906040268456376
342,20,26,2.6,2,1,10,0.4072619047619047,6,11,22,-0.217419777341192,-0.0594227504244482
343,20,23,2.3,2,1,11,0.155,8,13,19,-0.1629213483146072,-0.0641430073606729
344,20,28,2.8,3,1,7,0.1826190476190476,8,13,22,0.1754161331626116,-0.0964467005076141
345,20,31,3.1,4,1,8,0.1991666666666667,8,12,26,0.1049295774647881,-0.0637254901960784
346,20,19,1.9,1,1,16,0.0,7,13,18,-0.6201550387596896,-0.0839936608557844
347,20,25,2.5,3,1,10,0.2333333333333333,8,14,21,-0.2857142857142871,-0.0638297872340425
348,20,23,2.3,2,1,12,0.1883333333333333,8,14,19,-0.3097222222222224,-0.1060109289617486
349,20,23,2.3,2,1,13,0.2,9,16,20,-0.2105263157894733,-0.0298507462686567
350,20,22,2.2,2,1,9,0.1083333333333333,7,12,20,-0.2511848341232229,-0.0883392226148409
351,20,24,2.4,2,1,13,0.0916666666666666,7,12,22,0.0981210855949899,-0.1272015655577299
352,20,27,2.7,3,1,8,0.0533333333333333,9,13,23,0.1543624161073817,-0.0714285714285714
353,20,27,2.7,2,1,12,0.4983333333333333,8,13,22,-0.0833333333333352,-0.0841698841698841
354,20,25,2.5,2,1,8,0.3004761904761904,8,11,20,-0.0799404170804372,-0.1090573012939002
355,20,23,2.3,3,1,8,0.1333333333333333,7,13,20,-0.1065292096219938,-0.0541666666666666
356,20,25,2.5,3,1,7,0.05,8,13,24,-0.3266998341625209,-0.0454545454545454
357,20,23,2.3,2,1,10,0.2066666666666667,8,13,20,-0.1877934272300462,-0.0136411332633788
358,20,20,2.0,2,1,17,0.0833333333333333,9,15,17,-0.2612612612612611,-0.1126564673157163
359,20,23,2.3,2,1,8,0.0,8,13,20,-0.1174089068825905,0.0448087431693988
360,20,35,3.5,4,1,9,0.3097619047619048,8,14,27,0.2890357317670089,0.0282276723739009
361,20,23,2.3,2,1,10,0.1016666666666666,9,15,20,-0.0028129395218003,0.020234291799787
362,20,24,2.4,2,1,10,0.2416666666666666,7,11,19,-0.1814159292035403,-0.0985074626865671
363,20,25,2.5,3,1,6,0.0416666666666666,8,14,22,-0.0492040520984083,-0.146788990825688
364,20,23,2.3,2,1,12,0.0,9,16,20,-0.0316622691292877,-0.0870032223415681
365,20,20,2.0,2,1,17,0.0833333333333333,8,14,19,-0.2612612612612611,-0.0689170182841069
366,20,26,2.6,2,1,8,0.215,8,14,21,-0.3544433094994871,-0.0576271186440678
367,20,27,2.7,3,2,6,0.15,9,15,23,0.1072740631888315,0.0733229329173167
368,20,29,2.9,3,1,9,0.206111111111111,8,12,26,-0.1436280614362808,-0.0704032809295967
369,20,24,2.4,2,1,11,0.225,7,13,20,-0.0256410256410248,-0.0049850448654038
370,20,23,2.3,3,1,16,0.1583333333333333,8,13,20,0.55483870967742,-0.0708994708994709
371,20,22,2.2,2,1,7,0.0699999999999999,8,13,19,-0.2928064842958464,0.0514970059880239
372,20,22,2.2,2,1,11,0.11,7,13,18,-0.1469194312796211,-0.056
373,20,22,2.2,2,1,9,0.1083333333333333,9,13,20,0.1588235294117648,0.0141509433962264
374,20,20,2.0,2,1,14,0.0833333333333333,9,14,18,-0.3636363636363624,-0.0526315789473684
375,20,20,2.0,2,1,17,0.075,8,13,17,-0.078431372549022,-0.0674157303370786
376,20,22,2.2,2,1,13,0.075,8,12,19,-0.0437956204379545,-0.0426540284360189
377,20,22,2.2,2,1,16,0.2833333333333333,9,14,18,0.1338582677165346,-0.1062857142857143
378,20,26,2.6,3,1,6,0.075,8,15,23,-0.1589147286821701,-0.0577705451586656
379,20,26,2.6,2,1,7,0.2666666666666666,9,15,19,0.0263157894736835,-0.1081967213114754
380,20,19,1.9,1,1,17,0.0,9,14,18,-0.4148936170212763,-0.1090629800307219
381,20,24,2.4,3,1,9,0.0516666666666666,8,14,21,0.0548523206751052,-0.078125
382,20,23,2.3,2,1,8,0.15,8,13,19,0.08970976253298,-0.125531914893617
383,20,23,2.3,2,1,10,0.0833333333333333,9,15,20,0.1990049751243795,-0.0522875816993464
384,20,27,2.7,3,1,8,0.345,8,15,22,-0.0125000000000008,-0.1070615034168564
385,20,20,2.0,2,1,13,0.0,7,12,17,-0.3636363636363652,-0.0497237569060773
386,20,22,2.2,2,1,9,0.0833333333333333,7,12,18,-0.3333333333333337,-0.0316529894490034
387,20,34,3.4,4,1,6,0.3216666666666666,9,14,26,0.1925861569649582,-0.0708661417322834
388,20,21,2.1,2,1,15,0.075,8,13,20,-0.1142857142857147,-0.0283505154639175
389,20,23,2.3,2,1,13,0.2516666666666666,6,11,20,-0.1299524564183833,-0.001088139281828
390,20,38,3.8,4,1,6,0.2770238095238094,7,13,31,0.0686993438826708,-0.0975800156128024
391,20,23,2.3,2,1,10,0.2166666666666666,7,10,19,-0.4549878345498771,-0.142548596112311
392,20,24,2.4,2,1,13,0.1616666666666666,9,14,21,0.2549019607843148,-0.1239024390243902
393,20,29,2.9,4,1,13,0.2607142857142857,10,15,21,0.4077733860342553,-0.0464954892435808
394,20,21,2.1,2,1,8,0.0,8,14,19,-0.080882352941175,-0.0632911392405062
395,20,26,2.6,3,1,8,0.2383333333333332,7,14,22,-0.0018645121193288,-0.0482033304119193
396,20,30,3.0,3,1,5,0.1233333333333333,9,14,28,-0.1051080550098237,-0.0780669144981412
397,20,23,2.3,2,1,8,0.1833333333333333,9,14,20,0.1375000000000002,-0.0777422790202342
398,20,25,2.5,3,1,7,0.0983333333333333,8,12,22,-0.1561954624781851,-0.0781671159029649
399,20,22,2.2,3,1,16,0.0666666666666666,8,13,19,0.3939393939393942,-0.0401891252955082
400,20,23,2.3,2,1,8,0.2297619047619047,7,12,20,-0.4981313400961029,-0.1096491228070175
401,20,25,2.5,3,1,11,0.1033333333333333,8,14,22,0.4098205854579796,-0.043557168784029
402,20,21,2.1,2,1,10,0.0716666666666666,7,13,19,-0.3125000000000005,-0.0662905500705219
403,20,30,3.0,4,1,7,0.2592857142857143,8,14,26,0.0440060698027317,-0.0068365444375388
404,20,21,2.1,2,1,15,0.0416666666666666,8,13,18,0.319444444444442,-0.0901639344262295
405,20,21,2.1,2,1,15,0.1666666666666666,8,13,18,-0.2692307692307725,-0.1108312342569269
406,20,21,2.1,2,1,16,0.1166666666666666,8,13,19,0.2285714285714263,-0.1025
407,20,23,2.3,2,1,13,0.1666666666666666,7,12,20,0.041666666666667,-0.1345291479820627
408,20,24,2.4,3,1,11,0.0,7,13,23,-0.0659898477157354,-0.0844793713163065
409,20,24,2.4,2,1,8,0.0799999999999999,9,14,22,0.0886075949367074,-0.0963257199602781
410,20,25,2.5,3,1,7,0.1333333333333333,7,13,22,0.0175438596491228,-0.0964912280701754
411,20,25,2.5,2,1,7,0.1816666666666667,8,12,21,-0.0232558139534882,-0.0582010582010582
412,20,28,2.8,3,1,6,0.1383333333333333,7,13,24,0.0642673521850901,-0.0260747004933051
413,20,21,2.1,2,1,15,0.0833333333333333,8,14,19,-0.0980392156862752,-0.0923276983094928
414,20,26,2.6,2,1,9,0.1966666666666666,10,17,19,0.0837004405286346,-0.1418918918918919
415,20,30,3.0,3,1,12,0.4633333333333332,8,14,25,0.339542760372565,-0.1161000641436818
416,20,23,2.3,2,1,10,0.075,9,14,20,0.0416666666666665,-0.001088139281828
417,20,26,2.6,3,1,10,0.1583333333333333,8,14,23,0.0689655172413798,-0.1173553719008264
418,20,25,2.5,2,1,11,0.3,8,15,21,0.0888382687927099,-0.0879419764279239
419,20,20,2.0,2,1,13,0.0699999999999999,7,11,17,-0.4090431125131444,-0.0603829160530191
420,20,20,2.0,2,1,10,0.0,7,11,19,-0.4258188824662806,-0.1275964391691395
421,20,22,2.2,2,1,10,0.18,8,12,16,-0.0584192439862546,-0.0653753026634382
422,20,26,2.6,4,1,7,0.0,9,13,24,0.1034482758620684,-0.119724375538329
423,20,24,2.4,2,1,11,0.205,9,13,20,-0.023169601482854,-0.0985074626865671
424,20,23,2.3,2,1,9,0.1516666666666666,8,10,21,-0.0208877284595298,-0.1231422505307855
425,20,26,2.6,3,1,8,0.2066666666666667,9,15,22,0.1101190476190477,-0.0956239870340356
426,20,31,3.1,3,1,6,0.3935714285714285,9,13,27,-0.3169934640522879,-0.0807669959325973
427,20,23,2.3,2,1,12,0.225,7,13,20,-0.1530343007915587,0.0632368703108252
428,20,29,2.9,4,1,12,0.2533333333333333,9,14,24,0.6118778753659555,-0.1059322033898305
429,20,29,2.9,3,1,11,0.3369047619047619,9,15,21,0.0786338363780767,-0.0559676331759946
430,20,30,3.0,4,1,9,0.3754761904761905,8,12,24,0.102290076335878,-0.1200995644057249
431,20,23,2.3,3,1,10,0.0,8,12,23,-0.0870646766169153,-0.1279317697228145
432,20,30,3.0,3,1,7,0.27,7,13,23,-0.0557184750733116,-0.0887880751782242
433,20,20,2.0,2,1,11,0.0,7,12,19,-0.3102119460500967,-0.0841654778887304
434,20,23,2.3,2,1,9,0.1599999999999999,8,12,20,-0.3028901734104046,-0.1600877192982456
435,20,24,2.4,3,1,11,0.03,8,13,21,0.0498084291187726,-0.0898321816386969
436,20,19,1.9,1,1,16,0.0,7,12,18,-0.472868217054263,-0.06875
437,20,24,2.4,2,1,9,0.085,7,12,19,0.0804597701149426,-0.0742624618514751
438,20,20,2.0,2,1,10,0.0,10,15,19,-0.1111111111111122,-0.0919540229885057
439,20,22,2.2,3,1,17,0.15,9,16,17,0.5470588235294126,-0.0232558139534883
440,20,20,2.0,2,1,13,0.0,7,11,18,-0.4814814814814812,-0.0584958217270195
441,20,25,2.5,3,1,6,0.0216666666666666,8,15,22,0.2217898832684816,-0.085972850678733
442,20,20,2.0,2,1,14,0.0833333333333333,8,12,17,-0.3636363636363655,-0.1157601115760111
443,20,25,2.5,2,1,6,0.0,7,13,24,-0.3629283489096579,-0.038843721770551
444,20,27,2.7,2,1,11,0.32,9,14,23,0.2924137931034484,-0.073394495412844
445,20,19,1.9,1,1,15,0.0,7,12,17,-0.3680000000000007,-0.1334379905808477
446,20,24,2.4,3,1,15,0.2616666666666666,8,14,17,0.2748201438848925,-0.0292397660818713
447,20,23,2.3,2,1,9,0.1083333333333333,8,14,20,-0.2443280977312387,-0.0686378035902851
448,20,22,2.2,2,1,11,0.0416666666666666,9,14,20,0.2773722627737227,0.0388349514563107
449,20,24,2.4,2,1,8,0.275,8,13,20,-0.4514767932489453,0.0039525691699604
450,20,26,2.6,3,1,8,0.0933333333333333,9,15,21,0.2047058823529415,-0.1101622544833475
451,20,25,2.5,3,1,8,0.1133333333333333,8,11,23,-0.1612903225806465,-0.0521500457456541
452,20,20,2.0,2,1,9,0.0,9,14,19,-0.1702127659574479,-0.1444921316165951
453,20,22,2.2,2,1,7,0.0383333333333333,8,13,20,-0.3892078071182551,0.0246305418719211
454,20,27,2.7,3,1,11,0.1866666666666666,8,16,22,0.2334801762114531,-0.0937734433608401
455,20,21,2.1,2,1,13,0.069047619047619,8,12,20,-0.2633517495395955,-0.0813008130081301
456,20,21,2.1,2,1,14,0.1166666666666666,8,12,18,-0.2857142857142879,0.0332480818414322
457,20,25,2.5,2,1,12,0.2566666666666666,8,14,22,0.1379310344827559,-0.0105448154657293
458,20,20,2.0,2,1,17,0.1166666666666666,8,13,17,-0.3157894736842132,0.0116279069767441
459,20,24,2.4,2,1,15,0.2166666666666666,8,13,20,0.076923076923076,-0.0697674418604651
460,20,23,2.3,2,1,8,0.1216666666666666,7,14,19,-0.360385144429161,0.0021691973969631
461,20,28,2.8,4,2,8,0.2,9,14,23,0.4042553191489358,-0.1296829971181556
462,20,21,2.1,2,1,16,0.0833333333333333,9,15,18,0.1393442622950829,-0.11787072243346
463,20,23,2.3,2,1,10,0.2816666666666667,8,12,19,-0.301131418624891,-0.0222222222222222
464,20,20,2.0,2,1,16,0.0,8,14,18,-0.0810810810810823,-0.1049723756906077
465,20,20,2.0,2,1,15,0.0,9,13,17,0.0990990990990975,-0.0112359550561797
466,20,24,2.4,2,1,9,0.2066666666666666,7,10,19,-0.167680278019115,-0.0153846153846153
467,20,27,2.7,3,1,9,0.3152380952380952,6,11,22,0.0463302752293582,-0.0277557494052339
468,20,23,2.3,2,1,9,0.1666666666666666,8,13,20,-0.4520202020202006,-0.0398277717976318
469,20,28,2.8,4,2,7,0.2033333333333333,8,14,23,0.3527397260273978,-0.0505050505050505
470,20,24,2.4,2,1,8,0.0716666666666666,9,13,22,-0.1942215088282508,-0.1139240506329113
471,20,20,2.0,2,1,12,0.0,8,14,18,-0.257142857142853,0.001386962552011
472,20,20,2.0,2,1,13,0.0,8,14,18,-0.374570446735396,-0.0734463276836158
473,20,29,2.9,3,1,8,0.2866666666666667,9,16,22,-0.0443886097152428,-0.0336633663366336
474,20,21,2.1,2,1,12,0.0,9,16,19,0.0392156862745118,-0.1164556962025316
475,20,26,2.6,3,1,8,0.225,9,13,22,0.3141486810551552,-0.0779436152570481
476,20,28,2.8,4,1,8,0.1221428571428571,7,13,23,0.0362318840579707,-0.0181818181818182
477,20,29,2.9,3,1,8,0.3249999999999999,9,15,23,0.2441700960219471,-0.0371389270976616
478,20,19,1.9,1,1,19,0.0,8,12,17,-0.0555555555555628,-0.009375
479,20,33,3.3,4,1,6,0.3399999999999999,8,13,25,0.1066594477531111,-0.080306905370844
480,20,34,3.4,4,2,5,0.1895238095238095,9,14,24,-0.0382345393892741,-0.0741981809478219
481,20,22,2.2,2,1,10,0.1166666666666666,8,13,19,-0.3649635036496337,-0.110091743119266
482,20,25,2.5,2,1,8,0.1283333333333333,9,13,20,0.1341991341991347,-0.0879419764279238
483,20,27,2.7,2,1,6,0.2983333333333333,8,14,22,-0.0102040816326523,-0.0596546310832024
484,20,30,3.0,3,1,7,0.1854761904761905,7,12,24,-0.1736810906935384,-0.1298701298701299
485,20,20,2.0,2,1,10,0.0,8,15,18,-0.1764705882352961,-0.0027855153203342
486,20,24,2.4,3,1,8,0.0716666666666666,8,13,21,-0.2272727272727273,-0.0222652468538238
487,20,23,2.3,2,1,13,0.05,8,14,19,-0.0242914979757076,-0.0596858638743455
488,20,21,2.1,2,1,12,0.0416666666666666,8,13,18,0.1507352941176466,-0.0824742268041236
489,20,23,2.3,2,1,14,0.2499999999999999,9,15,18,-0.2860215053763451,-0.0641430073606729
490,20,20,2.0,2,1,15,0.0,8,13,19,-0.3888888888888899,-0.1095700416088766
491,20,21,2.1,2,1,9,0.0833333333333333,7,13,20,-0.1955445544554449,-0.0178571428571428
492,20,22,2.2,2,1,9,0.0383333333333333,8,13,20,-0.1469194312796209,-0.10250569476082
493,20,22,2.2,3,1,17,0.15,8,12,18,0.5470588235294126,-0.110091743119266
494,20,24,2.4,3,1,11,0.225,8,12,19,0.0256410256410271,-0.1305201177625122
495,20,22,2.2,2,1,12,0.1666666666666666,7,13,20,-0.3144654088050333,-0.0463733650416171
496,20,23,2.3,2,1,10,0.1166666666666666,9,14,20,0.1503957783641161,-0.1243358129649309
497,20,32,3.2,4,1,7,0.3611904761904762,7,12,25,0.4327318771763216,0.0330162283156127
498,20,19,1.9,1,1,18,0.0,8,14,19,-0.3333333333333307,0.0015455950540958
499,20,24,2.4,3,1,11,0.065,8,12,21,-0.0217202432667248,-0.0342801175318315
500,20,22,2.2,2,1,13,0.0833333333333333,7,12,19,-0.2692307692307722,-0.0045662100456621
501,20,23,2.3,2,1,10,0.1066666666666666,7,13,19,-0.0727611940298515,-0.0487046632124352
502,20,25,2.5,3,1,9,0.245,8,14,19,-0.0553470919324574,-0.1384335154826958
503,20,22,2.2,2,1,12,0.1166666666666666,8,14,19,0.3815261044176706,-0.0909090909090909
504,20,22,2.2,2,1,11,0.0699999999999999,8,12,20,-0.194672131147541,-0.1496437054631829
505,20,29,2.9,3,1,8,0.278095238095238,8,14,20,0.0310077519379836,-0.1145907473309608
506,20,22,2.2,2,1,11,0.1166666666666666,8,12,18,-0.4452554744525541,-0.1079136690647482
507,20,23,2.3,2,1,11,0.1316666666666666,8,12,20,0.1812297734627832,-0.0409482758620689
508,20,23,2.3,2,1,8,0.1883333333333333,9,14,19,-0.076779026217228,-0.0585774058577406
509,20,23,2.3,3,1,14,0.0916666666666666,9,16,20,0.0515463917525785,-0.0189873417721519
510,20,30,3.0,4,1,7,0.1759523809523809,8,14,25,0.0920748909976917,-0.0493441599000624
511,20,22,2.2,2,1,10,0.1016666666666666,8,13,20,0.0268562401263822,0.0290360046457607
512,20,19,1.9,1,1,12,0.0,5,9,17,-0.6355311355311345,0.0455259026687598
513,20,21,2.1,2,2,10,0.0833333333333333,9,14,17,0.2222222222222248,-0.0619469026548672
514,20,26,2.6,3,1,11,0.1833333333333333,8,14,21,0.2441860465116272,-0.0985915492957747
515,20,22,2.2,2,1,9,0.1666666666666666,8,13,19,-0.2021857923497281,-0.0769230769230769
516,20,29,2.9,3,1,9,0.2666666666666666,8,14,22,0.1428023032629559,-0.0754966887417218
517,20,19,1.9,1,1,17,0.0,9,15,16,-0.6170212765957462,-0.0062305295950155
518,20,23,2.3,2,1,8,0.0383333333333333,8,11,22,-0.0640569395017792,-0.0720338983050847
519,20,25,2.5,2,1,7,0.1083333333333333,9,12,22,0.3993993993993994,-0.075268817204301
520,20,22,2.2,2,1,16,0.1833333333333333,8,13,20,0.0382513661202171,-0.1282051282051282
521,20,22,2.2,2,1,7,0.0,8,14,20,-0.2164296998420225,0.0593824228028503
522,20,26,2.6,3,1,11,0.2911904761904761,8,13,22,-0.0305635148042031,-0.0452261306532663
523,20,21,2.1,2,1,16,0.075,9,14,20,-0.0694444444444442,-0.0569536423841059
524,20,29,2.9,4,1,10,0.1133333333333333,7,12,27,-0.0318352059925103,-0.032300593276203
525,20,24,2.4,2,1,9,0.1166666666666666,9,14,20,-0.1076923076923077,-0.1394658753709199
526,20,31,3.1,3,1,6,0.2722222222222222,8,14,25,0.0165517241379313,-0.1026965002868617
527,20,25,2.5,2,1,7,0.1988095238095238,9,16,22,-0.0729613733905584,0.036697247706422
528,20,24,2.4,2,1,11,0.2266666666666666,7,13,19,0.1139646869983948,-0.0676982591876208
529,20,23,2.3,2,1,12,0.1316666666666666,9,14,19,-0.0206022187004753,-0.0662251655629139
530,20,22,2.2,2,1,10,0.0,10,14,20,-0.0370370370370383,-0.1203703703703703
531,20,21,2.1,2,1,17,0.2,8,15,17,0.2921348314606716,-0.1380645161290322
532,20,22,2.2,3,1,9,0.0,9,14,20,0.1338582677165346,-0.0628019323671497
533,20,25,2.5,2,1,6,0.175,7,13,21,-0.3718263718263717,-0.0379061371841155
534,20,22,2.2,2,1,12,0.1166666666666666,7,13,20,0.2666666666666669,-0.0515723270440251
535,20,21,2.1,2,1,13,0.1666666666666666,8,13,18,-0.5750000000000004,-0.1322207958921694
536,20,22,2.2,2,1,13,0.1433333333333333,7,10,19,-0.3815165876777254,-0.0359355638166047
537,20,27,2.7,2,1,6,0.1816666666666666,8,15,22,-0.2987341772151903,-0.121405750798722
538,20,29,2.9,3,1,6,0.1533333333333333,8,12,23,-0.3776167471819637,-0.1213333333333332
539,20,29,2.9,3,1,10,0.3583333333333332,8,14,22,0.0290497291974386,-0.049597855227882
540,20,23,2.3,3,1,9,0.119047619047619,7,12,19,-0.2574955908289243,-0.1133113311331133
541,20,32,3.2,4,1,6,0.0536904761904761,7,12,30,-0.1285551763367463,-0.0526315789473684
542,20,25,2.5,2,1,8,0.0,9,15,25,-0.0416666666666669,-0.0801080108010801
543,20,21,2.1,2,1,8,0.0716666666666666,7,13,18,-0.300546448087431,-0.1620553359683794
544,20,23,2.3,2,1,10,0.03,9,14,20,0.125198098256735,-0.0997920997920998
545,20,27,2.7,3,1,6,0.1699999999999999,8,15,22,0.0315638450502137,0.0327102803738317
546,20,22,2.2,2,1,13,0.12,8,13,19,-0.3073770491803272,-0.0832356389214536
547,20,21,2.1,2,1,10,0.0833333333333333,9,16,18,0.0735294117647051,-0.0824742268041236
548,20,24,2.4,3,1,10,0.0749999999999999,8,14,21,0.1794871794871798,-0.0332681017612524
549,20,25,2.5,2,1,6,0.1483333333333333,8,14,22,-0.1939218523878447,-0.0931558935361216
550,20,20,2.0,2,1,16,0.0833333333333333,7,12,18,-0.361702127659575,0.001386962552011
551,20,23,2.3,2,1,8,0.1916666666666666,7,13,21,-0.2196969696969703,-0.0052029136316337
552,20,22,2.2,2,1,8,0.0666666666666666,8,12,19,-0.0303030303030297,-0.0857814336075205
553,20,20,2.0,2,1,14,0.0,8,12,17,-0.021276595744681,-0.0826210826210826
554,20,27,2.7,3,1,9,0.2233333333333333,9,13,22,0.2823920265780733,-0.0522213561964146
555,20,29,2.9,3,1,7,0.1133333333333333,8,13,26,0.0755608028335309,-0.0053333333333333
556,20,23,2.3,3,1,15,0.175,10,17,20,0.4412955465587068,-0.0443243243243243
557,20,26,2.6,3,1,12,0.3733333333333333,7,13,20,0.196467991169978,-0.12106135986733
558,20,26,2.6,2,1,8,0.2053571428571428,9,14,23,-0.241869918699187,-0.0655737704918033
559,20,21,2.1,2,1,13,0.1883333333333333,8,12,18,-0.2377210216110015,0.0307692307692307
560,20,23,2.3,2,1,11,0.2314285714285714,7,13,19,-0.2352063649925418,-0.0325476992143659
561,20,29,2.9,3,1,11,0.3216666666666666,8,13,23,0.2162162162162156,-0.068212824010914
562,20,32,3.2,3,1,7,0.39,9,16,25,-0.0344827586206896,-0.0491803278688524
563,20,28,2.8,3,1,6,0.224047619047619,8,14,23,-0.2229885057471253,-0.0670731707317073
564,20,24,2.4,3,1,11,0.0,7,14,22,0.0655737704918034,-0.0084033613445378
565,20,26,2.6,2,1,11,0.2816666666666666,8,15,22,0.0439223697650667,-0.0417362270450751
566,20,25,2.5,3,1,8,0.0816666666666666,8,14,22,0.0953947368421047,-0.1450381679389313
567,20,21,2.1,2,1,15,0.1666666666666666,7,12,17,-0.2352941176470589,-0.0445026178010471
568,20,32,3.2,3,1,7,0.3680952380952381,8,12,25,0.1688311688311688,-0.0946018172100481
569,20,25,2.5,3,1,7,0.0333333333333333,8,14,21,0.1071428571428576,-0.0379061371841155
570,20,19,1.9,1,1,16,0.0,8,13,19,-0.3013698630136976,-0.1032258064516129
571,20,27,2.7,3,1,7,0.25,9,15,22,0.0980392156862739,-0.0909090909090909
572,20,25,2.5,3,1,7,0.1583333333333333,7,11,22,-0.1666666666666678,-0.0781671159029649
573,20,23,2.3,3,1,9,0.0666666666666666,8,13,19,-0.0881720430107532,-0.0630252100840336
574,20,24,2.4,3,1,6,0.0833333333333333,7,11,22,-0.5144385026737978,-0.1076923076923077
575,20,32,3.2,3,1,7,0.2697619047619047,8,14,26,0.3701657458563536,-0.0979524073049252
576,20,28,2.8,3,1,7,0.2304761904761905,7,12,25,-0.0907715582450817,-0.080920564216778
577,20,32,3.2,4,1,7,0.435,9,13,24,0.2279665189561792,-0.0961325966850828
578,20,22,2.2,2,1,14,0.1166666666666666,8,14,20,0.3815261044176706,-0.0584192439862543
579,20,26,2.6,2,1,8,0.2683333333333333,8,14,22,-0.2874396135265684,-0.0721649484536082
580,20,21,2.1,2,1,12,0.0383333333333333,8,14,17,-0.3387978142076496,-0.064638783269962
581,20,23,2.3,2,1,11,0.1683333333333333,9,14,19,-0.3025889967637531,-0.0858369098712446
582,20,26,2.6,3,1,10,0.1883333333333333,9,13,22,0.3879472693032015,-0.0135593220338982
583,20,22,2.2,2,1,8,0.0,7,12,19,-0.1851851851851852,-0.1761846901579587
584,20,20,2.0,2,1,16,0.0833333333333333,8,12,19,-0.2500000000000003,-0.1347517730496454
585,20,22,2.2,2,1,10,0.0333333333333333,9,12,18,0.3124999999999999,-0.0452488687782805
586,20,22,2.2,2,1,14,0.05,9,14,20,0.012820512820513,-0.073170731707317
587,20,27,2.7,3,1,5,0.05,8,13,22,0.1303270564915757,-0.0604870384917518
588,20,21,2.1,2,1,15,0.0,8,14,19,-0.2638888888888915,-0.0951760104302476
589,20,27,2.7,3,1,10,0.3983333333333333,9,15,21,0.0467289719626168,0.0144486692015209
590,20,20,2.0,2,1,12,0.0,7,11,18,-0.2096774193548385,-0.1128284389489954
591,20,34,3.4,4,1,6,0.2308333333333333,9,15,27,0.2113402061855667,-0.0757430488974113
592,20,24,2.4,2,1,9,0.1166666666666666,8,13,21,-0.0256410256410261,-0.0697674418604651
593,20,22,2.2,2,1,12,0.1666666666666666,7,11,19,-0.322404371584701,-0.0185185185185185
594,20,22,2.2,2,1,12,0.1433333333333333,7,12,19,-0.4075829383886253,-0.0476190476190475
595,20,26,2.6,3,2,6,0.0,8,14,23,-0.250859106529211,-0.0585241730279898
596,20,26,2.6,3,1,9,0.1516666666666666,8,14,22,-0.0746666666666671,-0.0469798657718121
597,20,23,2.3,2,1,7,0.0833333333333333,9,13,21,-0.0543900543900544,-0.0686378035902851
598,20,22,2.2,2,1,8,0.0,7,12,18,-0.5468750000000006,-0.0501193317422434
599,20,30,3.0,3,1,13,0.3614285714285714,9,14,23,0.3242156074014479,-0.0428305400372439
600,20,28,2.8,4,1,12,0.3666666666666666,8,14,22,0.4967320261437897,-0.0753911806543385
601,20,30,3.0,4,1,8,0.2083333333333333,8,14,24,0.5324283559577683,-0.0411311053984575
602,20,25,2.5,3,1,11,0.295,7,12,21,0.1430260047281317,-0.0176991150442477
603,20,26,2.6,3,1,8,0.14,8,14,23,0.1153846153846146,-0.0664479081214109
604,20,26,2.6,3,1,9,0.2933333333333333,7,13,21,0.1501532175689484,-0.0426065162907268
605,20,25,2.5,2,1,9,0.0933333333333333,8,14,22,-0.0057471264367818,-0.0917030567685589
606,20,25,2.5,3,1,13,0.11,8,15,22,0.3217054263565887,-0.1417697431018078
607,20,22,2.2,2,1,13,0.0,8,14,22,0.012820512820513,-0.0719257540603248
608,20,24,2.4,3,1,12,0.1533333333333333,7,11,22,-0.2708333333333331,0.002967359050445
609,20,26,2.6,3,1,7,0.1033333333333333,8,14,24,0.0685358255451709,-0.139005897219882
610,20,25,2.5,2,1,11,0.1816666666666666,8,14,23,-0.0930232558139535,0.0865384615384615
611,20,21,2.1,2,1,17,0.2,8,15,19,0.0561797752809001,-0.1024999999999999
612,20,20,2.0,2,1,14,0.0,8,13,19,-0.4393939393939411,-0.0973936899862826
613,20,23,2.3,3,1,11,0.0399999999999999,8,13,20,-0.0385878489326763,-0.0836277974087161
614,20,23,2.3,3,1,14,0.175,9,13,20,0.3185185185185182,-0.0454545454545454
615,20,23,2.3,3,1,8,0.1333333333333333,9,13,19,-0.1074074074074064,-0.0976138828633406
616,20,24,2.4,2,1,11,0.2083333333333333,8,13,21,-0.1739130434782618,-0.0853031860226105
617,20,20,2.0,2,1,11,0.075,6,9,18,-0.5542168674698794,-0.1444921316165951
618,20,26,2.6,3,1,6,0.0183333333333333,8,13,24,0.200768491834774,0.0241286863270777
619,20,19,1.9,1,1,18,0.0,8,13,16,-0.3333333333333307,-0.062111801242236
620,20,22,2.2,2,1,13,0.1166666666666666,8,15,17,-0.1515151515151511,-0.0340775558166862
621,20,23,2.3,2,1,11,0.11,9,15,20,0.1102514506769826,-0.1172122492080253
622,20,25,2.5,3,1,7,0.03,7,13,21,0.0310077519379831,-0.1312217194570135
623,20,21,2.1,2,1,12,0.0,8,14,17,-0.3770491803278709,-0.0165605095541401
624,20,23,2.3,2,1,12,0.1416666666666666,8,14,21,0.1096774193548387,-0.026567481402763
625,20,21,2.1,2,1,10,0.0,8,12,19,-0.2995049504950489,0.0083333333333333
626,20,20,2.0,2,1,12,0.0,7,12,19,-0.3924050632911411,-0.106259097525473
627,20,28,2.8,4,1,8,0.3083333333333333,8,14,23,0.0775193798449617,-0.1272465851905104
628,20,27,2.7,3,1,10,0.3366666666666666,9,15,23,-0.205955334987594,-0.04570100697134
629,20,23,2.3,2,1,7,0.0666666666666666,7,12,20,-0.1459074733096094,-0.0823529411764706
630,20,26,2.6,3,1,8,0.1316666666666666,7,13,22,-0.4061810154525398,-0.0979729729729729
631,20,22,2.2,2,1,14,0.1666666666666666,9,14,19,-0.0819672131147557,-0.073170731707317
632,20,34,3.4,4,1,8,0.219047619047619,9,16,27,0.2827004219409283,-0.0313111545988258
633,20,26,2.6,3,1,9,0.0983333333333333,9,16,22,0.1245791245791243,-0.1675302245250431
634,20,20,2.0,2,1,17,0.0833333333333333,7,13,17,-0.0810810810810823,-0.0825439783491204
635,20,30,3.0,3,1,6,0.2209523809523809,8,14,25,0.1069991954947709,-0.0338225909380982
636,20,25,2.5,2,1,7,0.2633333333333333,7,12,21,-0.0957792207792226,-0.0974539069359086
637,20,22,2.2,2,1,7,0.1033333333333333,9,13,21,-0.0594262295081963,-0.0864197530864197
638,20,25,2.5,2,1,7,0.2066666666666667,7,12,23,-0.0431918008784778,-0.1131725417439703
639,20,25,2.5,3,1,8,0.1666666666666666,7,14,23,-0.3736263736263729,-0.0464058234758871
640,20,20,2.0,2,1,15,0.0833333333333333,8,13,17,-0.5151515151515154,-0.0497237569060773
641,20,22,2.2,2,1,10,0.0,8,14,21,0.0370370370370369,-0.0628019323671497
642,20,22,2.2,2,1,9,0.075,8,13,19,-0.4545454545454542,-0.0440677966101694
643,20,21,2.1,2,1,11,0.0,8,14,19,-0.3846153846153834,-0.0217669654289372
644,20,23,2.3,3,1,14,0.0833333333333333,8,13,19,0.3185185185185182,0.1591397849462365
645,20,29,2.9,4,1,6,0.1933333333333333,8,15,23,0.2672281776416551,-0.0616949152542372
646,20,21,2.1,2,1,14,0.105,9,14,19,-0.296296296296296,-0.1336760925449871
647,20,25,2.5,3,1,8,0.1433333333333333,8,14,20,-0.0057471264367817,-0.0685663401602849
648,20,27,2.7,3,1,14,0.4016666666666666,9,14,21,0.3962432915921278,-0.0977326035965598
649,20,21,2.1,2,1,12,0.05,7,12,19,-0.224043715846994,-0.081081081081081
650,20,23,2.3,2,1,8,0.075,9,14,20,-0.1530343007915567,-0.1351931330472103
651,20,31,3.1,4,1,11,0.3030952380952381,9,15,21,0.3082795067527896,-0.0381062355658198
652,20,21,2.1,2,1,15,0.0833333333333333,8,14,19,-0.2352941176470591,-0.0178571428571428
653,20,21,2.1,2,1,9,0.0666666666666666,7,13,19,-0.3040685224839392,-0.1983695652173913
654,20,22,2.2,2,1,13,0.1083333333333333,7,11,18,0.1619047619047621,-0.0731707317073171
655,20,27,2.7,3,1,8,0.1149999999999999,7,13,24,0.0653029110936272,-0.0917573872472783
656,20,23,2.3,2,1,15,0.0,8,13,22,-0.0155131264916476,0.0264550264550264
657,20,27,2.7,2,1,8,0.3083333333333333,8,14,22,0.035714285714286,-0.0477611940298507
658,20,30,3.0,4,1,11,0.3099999999999999,8,15,22,0.3200663349917079,0.0018484288354898
659,20,23,2.3,2,1,11,0.075,9,15,21,-0.2744063324538255,-0.0800426894343649
660,20,28,2.8,3,1,10,0.2233333333333333,7,13,23,-0.0703883495145625,-0.034090909090909
661,20,20,2.0,2,1,14,0.0833333333333333,8,14,18,0.1666666666666653,-0.0526315789473684
662,20,20,2.0,2,1,16,0.1166666666666666,9,13,18,-0.4414414414414382,-0.0183875530410184
663,20,21,2.1,2,1,13,0.1583333333333333,6,11,19,-0.2727272727272743,-0.122994652406417
664,20,19,1.9,1,1,19,0.0,8,15,16,-0.0555555555555628,-0.0670826833073322
665,20,36,3.6,5,1,6,0.2835714285714286,9,13,30,0.0481852315394235,-0.0746268656716417
666,20,21,2.1,2,1,12,0.105,8,14,18,-0.0349761526232112,-0.0687022900763358
667,20,22,2.2,2,1,14,0.0,8,14,22,0.0281124497991987,-0.0068649885583523
668,20,22,2.2,2,1,11,0.0,7,12,20,-0.0602409638554195,-0.0080183276059564
669,20,31,3.1,3,1,8,0.275,8,14,24,0.2410546139359697,-0.035799522673031
670,20,21,2.1,2,1,13,0.05,8,14,19,-0.5056603773584909,0.050251256281407
671,20,21,2.1,2,1,11,0.0,7,12,18,-0.2352941176470591,-0.0866752910737387
672,20,22,2.2,2,1,11,0.125,9,14,20,0.1851851851851836,-0.0426540284360189
673,20,26,2.6,3,1,8,0.265,9,14,22,0.0522478736330495,-0.0594227504244482
674,20,24,2.4,2,1,8,0.1133333333333333,9,16,22,-0.1250000000000018,-0.0120481927710843
675,20,30,3.0,3,1,8,0.1866666666666667,9,16,25,-0.0540540540540542,-0.0915934755332496
676,20,28,2.8,3,1,8,0.2004761904761905,7,11,23,0.0012738853503193,-0.0271460014673514
677,20,23,2.3,2,1,12,0.1549999999999999,7,11,18,-0.1566731141199224,-0.0592105263157894
678,20,27,2.7,4,1,12,0.3066666666666666,8,13,22,0.527037319116526,-0.0943102104442712
679,20,32,3.2,4,1,7,0.2333333333333333,8,13,25,0.0318471337579617,-0.1022222222222222
680,20,21,2.1,2,1,11,0.0,8,13,19,0.1393442622950829,-0.0204603580562659
681,20,27,2.7,3,1,9,0.2866666666666667,7,13,22,0.1639344262295081,-0.0375939849624059
682,20,24,2.4,3,1,14,0.2066666666666666,7,12,18,0.3088381330685206,-0.1338582677165354
683,20,22,2.2,2,1,14,0.1166666666666666,7,12,19,-0.4452554744525548,-0.0304449648711943
684,20,31,3.1,3,1,7,0.2436904761904762,8,14,25,0.1056454960564554,-0.0708755211435378
685,20,28,2.8,3,1,6,0.3285714285714285,9,13,23,-0.0171874999999991,-0.1109478324761205
686,20,36,3.6,6,1,8,0.1819047619047619,8,14,34,0.2657601977750312,-0.0806174957118353
687,20,23,2.3,2,1,10,0.088095238095238,8,15,21,-0.143502824858757,0.0128755364806867
688,20,21,2.1,2,1,8,0.0833333333333333,6,10,19,-0.4022257551669311,-0.1235668789808917
689,20,21,2.1,2,1,10,0.0,7,11,21,-0.2739336492890999,-0.0106951871657754
690,20,20,2.0,2,1,15,0.1166666666666666,7,12,16,-0.5277777777777793,-0.1220196353436185
691,20,24,2.4,2,1,8,0.1516666666666666,8,14,21,-0.2267657992565062,-0.1338582677165354
692,20,31,3.1,3,1,7,0.3533333333333333,9,13,25,0.2513721185510416,-0.0670623145400594
693,20,23,2.3,2,1,10,0.0699999999999999,8,14,20,-0.036885245901639,-0.060796645702306
694,20,20,2.0,2,1,10,0.0,9,14,16,-0.5789473684210537,-0.0027855153203342
695,20,22,2.2,2,1,12,0.0833333333333333,9,14,21,0.1538461538461552,-0.051373954599761
696,20,30,3.0,4,1,8,0.215,8,14,28,-0.0522696011004127,-0.0632911392405063
697,20,23,2.3,2,1,10,0.1416666666666666,8,12,19,0.0602150537634416,-0.0708994708994708
698,20,25,2.5,2,1,11,0.1404761904761904,9,12,20,0.0313163481953287,-0.0313901345291479
699,20,25,2.5,2,1,7,0.1883333333333333,9,15,22,0.0231548480463086,0.0178571428571428
700,20,22,2.2,2,1,13,0.1166666666666666,7,13,21,-0.4074074074074064,0.027906976744186
701,20,24,2.4,2,1,8,0.21,8,13,19,-0.1476793248945148,-0.006993006993007
702,20,23,2.3,2,1,8,0.119047619047619,8,13,21,-0.2980599647266313,-0.0552659019812304
703,20,26,2.6,3,1,8,0.14,8,14,20,0.0571428571428563,-0.0033557046979865
704,20,20,2.0,2,1,12,0.0,8,13,18,-0.5999999999999994,-0.0495626822157434
705,20,21,2.1,2,1,16,0.1666666666666666,8,14,19,-0.2352941176470591,-0.0592686002522068
706,20,23,2.3,3,1,14,0.2345238095238095,9,13,20,-0.038961038961039,-0.0199556541019955
707,20,23,2.3,2,1,12,0.1883333333333333,8,14,20,-0.1165048543689328,-0.0675105485232067
708,20,21,2.1,2,1,14,0.075,8,12,19,-0.0036764705882338,-0.1164556962025317
709,20,34,3.4,3,1,5,0.2419047619047619,8,14,29,-0.181429792082029,-0.1322233104799216
710,20,25,2.5,3,1,7,0.0799999999999999,8,13,21,-0.024208566108008,-0.0801080108010801
711,20,20,2.0,2,1,15,0.0,9,15,19,0.0990990990990975,-0.0169491525423728
712,20,26,2.6,3,1,10,0.0,8,13,24,0.185682326621923,-0.0998307952622673
713,20,22,2.2,2,1,8,0.0699999999999999,9,13,20,-0.2705167173252283,-0.064516129032258
714,20,25,2.5,2,1,6,0.1238095238095238,8,13,21,0.0313163481953287,-0.1488970588235293
715,20,23,2.3,3,1,10,0.0,8,13,20,0.1992263056092846,-0.0800426894343649
716,20,23,2.3,2,1,12,0.1466666666666666,8,13,20,-0.1664025356576859,-0.0652631578947368
717,20,22,2.2,2,1,13,0.0,9,14,20,0.1167883211678832,-0.0756693830034924
718,20,23,2.3,2,1,7,0.0833333333333333,7,13,19,0.0629629629629621,-0.1148577449947312
719,20,25,2.5,3,1,9,0.1583333333333333,8,14,21,0.145299145299147,-0.0050251256281407
720,20,25,2.5,2,1,10,0.2916666666666667,7,13,22,-0.0047281323877072,-0.0323159784560143
721,20,27,2.7,4,1,6,0.0683333333333333,8,14,23,-0.4198473282442755,-0.0775134305448963
722,20,20,2.0,2,1,13,0.0,7,10,20,-0.5957446808510638,-0.0584958217270195
723,20,30,3.0,4,1,7,0.1254761904761905,7,13,24,-0.2144886363636362,-0.1019632678910703
724,20,22,2.2,2,1,10,0.1083333333333333,8,14,19,-0.0602409638554195,-0.0719257540603248
725,20,20,2.0,2,1,12,0.0,8,12,19,-0.1914893617021276,-0.0084033613445378
726,20,27,2.7,3,1,8,0.2883333333333334,8,12,21,-0.1233859397417517,-0.0994518402505873
727,20,21,2.1,2,1,13,0.075,8,13,19,-0.2020202020202016,-0.0174966352624495
728,20,23,2.3,2,1,11,0.075,7,14,21,-0.5812499999999986,-0.125531914893617
729,20,22,2.2,2,1,8,0.0,6,10,22,-0.5666327568667341,-0.0797546012269938
730,20,21,2.1,2,1,13,0.0,8,15,20,-0.1538461538461527,-0.0336787564766839
731,20,22,2.2,2,1,13,0.15,9,13,18,-0.0909090909090903,-0.0401891252955083
732,20,20,2.0,2,1,12,0.0,8,13,18,0.2105263157894704,-0.0704225352112676
733,20,29,2.9,3,1,9,0.1783333333333333,8,14,26,0.1478420569329654,-0.020297699594046
734,20,25,2.5,3,1,8,0.1,9,14,19,0.2380952380952385,-0.1180679785330948
735,20,22,2.2,2,1,15,0.1333333333333333,8,13,21,0.1538461538461553,-0.1309669522643818
736,20,23,2.3,2,1,11,0.1516666666666666,8,13,20,0.0065727699530508,-0.1125131440588854
737,20,28,2.8,3,1,7,0.2285714285714285,8,13,24,0.0817204301075272,-0.0849478390461997
738,20,21,2.1,2,1,14,0.0,8,12,20,0.0666666666666673,-0.0838709677419355
739,20,26,2.6,3,1,9,0.2416666666666666,8,14,22,0.2193995381062346,-0.0664479081214109
740,20,32,3.2,4,1,9,0.2594047619047619,7,13,25,0.0877665544332211,-0.0316842690383546
741,20,23,2.3,2,1,7,0.155,8,14,19,-0.0232108317214714,-0.0431965442764578
742,20,23,2.3,2,1,12,0.1766666666666667,8,13,19,-0.0420711974110023,-0.0788912579957356
743,20,22,2.2,2,1,10,0.1099999999999999,8,13,20,-0.0658914728682162,0.0164705882352941
744,20,32,3.2,4,1,6,0.3033333333333333,7,14,25,0.2183206106870229,-0.130242825607064
745,20,21,2.1,2,1,9,0.0,8,14,18,-0.0656716417910456,-0.1322207958921694
746,20,21,2.1,2,1,10,0.0,10,15,19,0.0571428571428581,0.0052631578947368
747,20,49,4.9,5,1,5,0.5872619047619047,8,15,33,-0.291818181818183,-0.0553108174253548
748,20,21,2.1,2,1,12,0.0,9,12,19,-0.0980392156862724,0.0012515644555694
749,20,20,2.0,2,1,17,0.0833333333333333,7,13,17,-0.0810810810810823,-0.1034482758620689
750,20,24,2.4,2,1,7,0.0716666666666666,8,14,20,-0.0016694490818023,0.0283400809716599
751,20,27,2.7,2,1,12,0.41,9,16,22,-0.0015455950540954,-0.0328997704667176
752,20,32,3.2,4,1,5,0.2930952380952381,8,15,25,0.0482051282051282,-0.0526315789473684
753,20,23,2.3,2,1,11,0.0633333333333333,7,11,22,-0.1499999999999998,-0.0552659019812304
754,20,28,2.8,3,1,10,0.255,9,15,24,0.269908386187457,-0.0082520630157539
755,20,23,2.3,2,1,12,0.2183333333333333,9,15,21,-0.1165048543689308,-0.0431965442764578
756,20,21,2.1,2,1,13,0.0833333333333333,8,14,19,0.0392156862745118,-0.0350194552529182
757,20,24,2.4,2,1,11,0.3516666666666667,7,13,20,-0.3670886075949361,-0.1108968177434908
758,20,21,2.1,2,1,12,0.0716666666666666,9,14,19,-0.2377210216110026,-0.0037735849056603
759,20,24,2.4,3,1,12,0.3,8,12,20,0.0571428571428573,-0.1173617846750727
760,20,22,2.2,2,1,11,0.1716666666666666,9,13,18,-0.0071530758226041,-0.093491124260355
761,20,20,2.0,2,1,12,0.1166666666666666,7,12,17,-0.5120274914089368,-0.1251758087201125
762,20,24,2.4,3,1,11,0.0933333333333333,7,14,19,-0.0780748663101616,-0.024390243902439
763,20,24,2.4,2,1,8,0.2160714285714285,7,10,21,-0.3012970444397193,-0.0049850448654038
764,20,21,2.1,2,1,10,0.0,8,12,19,-0.080882352941177,0.1030150753768844
765,20,27,2.7,3,1,8,0.05,8,13,25,-0.001236093943141,-0.0489510489510489
766,20,21,2.1,2,1,13,0.1083333333333333,8,13,18,-0.0036764705882338,-0.1009174311926605
767,20,21,2.1,2,1,15,0.1166666666666666,7,11,20,-0.0036764705882338,-0.1605263157894737
768,20,23,2.3,3,1,7,0.0,7,12,20,-0.423658872077029,-0.0477223427331887
769,20,26,2.6,3,1,13,0.2266666666666666,7,13,21,0.3604541154210013,-0.0348258706467661
770,20,28,2.8,3,1,9,0.2166666666666666,8,13,23,0.0225454545454557,-0.0713760117733628
771,20,23,2.3,3,1,14,0.1716666666666666,9,15,19,0.0767888307155329,0.0325972660357518
772,20,25,2.5,3,1,9,0.075,8,13,23,-0.364942528735632,-0.0511882998171846
773,20,21,2.1,2,1,17,0.075,8,13,16,0.0918918918918896,-0.0916552667578659
774,20,21,2.1,2,1,11,0.1083333333333333,7,11,18,-0.3416666666666668,-0.0075757575757575
775,20,25,2.5,3,1,10,0.0933333333333333,7,12,22,0.0099009900990099,-0.0657193605683836
776,20,23,2.3,2,1,12,0.125,9,14,19,0.1481481481481483,-0.0893433799784714
777,20,26,2.6,3,1,8,0.2,9,16,21,-0.2206572769953073,-0.0443514644351464
778,20,23,2.3,2,1,13,0.0633333333333333,8,13,22,0.085897435897436,-0.0870032223415682
779,20,28,2.8,3,1,7,0.2121428571428571,9,14,21,-0.0569306930693072,-0.1304974765681327
780,20,25,2.5,2,1,11,0.2533333333333333,8,14,20,-0.0306242638398114,-0.1291779584462511
781,20,21,2.1,2,1,11,0.0,8,13,18,-0.032786885245904,0.0381679389312977
782,20,21,2.1,2,1,11,0.0416666666666666,9,14,20,-0.0285714285714291,-0.0447761194029851
783,20,24,2.4,2,1,9,0.3083333333333333,9,13,20,-0.1604395604395611,-0.0521920668058455
784,20,25,2.5,2,1,9,0.1783333333333333,8,14,23,0.0282685512367487,-0.0560146923783287
785,20,29,2.9,3,1,9,0.275,9,13,26,-0.1215469613259663,-0.076209410205434
786,20,25,2.5,3,1,7,0.2166666666666666,8,13,20,-0.1635865845311432,-0.0348071495766697
787,20,22,2.2,2,1,10,0.0,8,13,21,-0.3333333333333333,-0.060849598163031
788,20,24,2.4,3,1,10,0.2483333333333333,9,13,20,-0.0222222222222222,-0.1141199226305609
789,20,23,2.3,2,1,10,0.0,9,14,22,-0.0048543689320386,-0.1279317697228144
790,20,38,3.8,5,1,5,0.2769047619047619,9,16,30,0.0687904778575176,-0.0832049306625577
791,20,21,2.1,2,1,12,0.05,8,13,19,-0.3614931237721024,1.5338607577058082e-17
792,20,26,2.6,3,1,8,0.2666666666666666,9,15,22,0.1859099804305283,-0.032258064516129
793,20,24,2.4,3,1,9,0.125,7,12,20,-0.0434782608695651,-0.0974155069582505
794,20,20,2.0,2,1,16,0.0833333333333333,8,15,17,-0.3888888888888912,-0.0719322990126939
795,20,21,2.1,2,1,13,0.075,8,14,18,0.0571428571428551,-0.0714285714285714
796,20,36,3.6,4,1,11,0.4561904761904761,8,14,27,0.3523809523809517,-0.0795093139482053
797,20,25,2.5,2,1,10,0.275,8,13,20,-0.1396011396011391,-0.0176991150442477
798,20,26,2.6,3,1,8,0.1316666666666666,7,12,23,0.083700440528634,0.0471204188481675
799,20,25,2.5,3,1,7,0.1716666666666667,8,14,21,-0.1229314420803783,0.10802775024777
800,20,22,2.2,2,1,9,0.155,7,12,18,-0.3825136612021861,0.0388349514563106
801,20,20,2.0,2,1,16,0.0833333333333333,7,11,18,-0.1111111111111122,0.0043923865300146
802,20,32,3.2,3,1,6,0.3102380952380952,7,12,25,0.0366151342554922,0.0136986301369863
803,20,31,3.1,4,1,6,0.1885714285714285,7,14,24,0.1402535657686201,-0.0696014277215942
804,20,22,2.2,2,1,14,0.2,9,14,19,0.0833333333333339,-0.0476190476190476
805,20,27,2.7,3,1,7,0.1516666666666666,8,13,21,-0.1826923076923083,-0.086687306501548
806,20,25,2.5,3,1,11,0.1416666666666666,8,13,21,0.1573033707865165,-0.0204081632653061
807,20,25,2.5,2,1,10,0.3166666666666666,9,16,21,-0.3049450549450535,-0.1160714285714286
808,20,21,2.1,2,1,12,0.0,8,15,19,-0.032786885245904,-0.1125827814569536
809,20,20,2.0,2,1,14,0.075,7,13,19,-0.382978723404255,-0.0666666666666667
810,20,23,2.3,3,1,9,0.0,7,12,21,-0.515606936416186,-0.0309498399146211
811,20,33,3.3,4,1,6,0.2835714285714286,7,12,26,-0.2017818068146292,-0.00261917234154
812,20,21,2.1,2,1,12,0.0833333333333333,8,14,18,0.2921348314606716,-0.0894941634241245
813,20,26,2.6,3,1,13,0.1733333333333333,8,14,21,0.2206235011990415,-0.0924369747899159
814,20,22,2.2,2,1,13,0.05,9,14,19,0.4358974358974363,-0.1088201603665521
815,20,25,2.5,3,1,8,0.1499999999999999,8,15,21,0.1279069767441855,-0.0249554367201426
816,20,22,2.2,3,1,17,0.15,9,14,19,0.5470588235294126,-0.0857814336075205
817,20,23,2.3,2,1,10,0.26,8,11,19,-0.2653721682847887,-0.0409482758620689
818,20,19,1.9,1,1,15,0.0,7,12,16,-0.443999999999999,-0.089171974522293
819,20,23,2.3,2,1,12,0.1483333333333333,7,11,19,0.0942334739803093,-0.1303418803418803
820,20,25,2.5,3,1,8,0.2833333333333333,8,14,19,0.0028490028490021,-0.08010801080108
821,20,23,2.3,2,1,11,0.0683333333333333,8,14,21,0.1401869158878504,-0.0431965442764578
822,20,22,2.2,2,1,14,0.1483333333333333,8,13,18,-0.0691588785046732,-0.0717948717948717
823,20,23,2.3,2,1,9,0.0,9,13,21,-0.037845705967977,-0.0811965811965812
824,20,24,2.4,2,1,12,0.075,7,13,22,-0.4358974358974361,0.0260869565217391
825,20,25,2.5,3,1,7,0.135,8,13,22,-0.0822510822510832,0.0232558139534883
826,20,23,2.3,2,1,10,0.2583333333333333,9,14,19,0.2536873156342193,-0.032051282051282
827,20,22,2.2,2,1,10,0.1666666666666666,8,13,19,-0.0819672131147557,-0.0232558139534883
828,20,25,2.5,3,1,6,0.0833333333333333,9,16,23,-0.1272141706924321,-0.0295434198746642
829,20,24,2.4,2,1,11,0.3416666666666667,8,11,20,-0.1282051282051273,-0.1294117647058823
830,20,29,2.9,3,1,8,0.1488095238095237,10,14,23,0.1620227038183696,-0.0649717514124293
831,20,27,2.7,3,1,8,0.2449999999999999,8,14,22,0.0176991150442477,-0.0968749999999999
832,20,43,4.3,5,1,5,0.4957142857142857,8,13,30,0.0065403890257368,-0.0568356374807987
833,20,20,2.0,2,1,14,0.0833333333333333,9,15,17,-0.1428571428571392,-0.0541727672035139
834,20,45,4.5,6,1,4,0.3859126984126984,9,14,32,0.3068853550911662,0.0042553191489361
835,20,23,2.3,3,1,11,0.1816666666666666,7,10,20,-0.1374876360039563,-0.0823529411764705
836,20,25,2.5,3,1,7,0.1916666666666666,8,13,21,-0.1087267525035786,0.0265486725663716
837,20,28,2.8,3,1,7,0.2883333333333334,7,11,23,-0.0967226219024784,-0.0115606936416184
838,20,22,2.2,2,1,8,0.0,8,13,21,-0.1282051282051273,0.0023866348448687
839,20,25,2.5,3,1,14,0.2583333333333333,9,13,20,0.0869565217391302,-0.036036036036036
840,20,26,2.6,3,1,11,0.2583333333333333,7,13,23,-0.0388457269700333,-0.0463692038495188
841,20,20,2.0,2,1,13,0.0716666666666666,8,11,18,-0.4444444444444448,-0.0857142857142857
842,20,41,4.1,5,1,6,0.2882936507936507,9,16,34,0.0972697915647325,-0.0969899665551839
843,20,19,1.9,1,1,18,0.0,7,14,17,-0.3333333333333307,-0.137007874015748
844,20,24,2.4,2,1,9,0.075,8,14,21,-0.0026109660574406,-0.0602409638554216
845,20,24,2.4,3,1,10,0.1166666666666666,8,14,19,-0.0021978021978014,-0.1184466019417475
846,20,20,2.0,2,1,11,0.0,6,10,19,-0.635220125786164,0.0043923865300146
847,20,23,2.3,3,1,13,0.1583333333333333,8,13,19,0.3002028397565913,-0.0835117773019272
848,20,23,2.3,2,1,14,0.2316666666666666,8,12,19,0.0799999999999999,-0.1145374449339207
849,20,22,2.2,2,1,9,0.1166666666666666,8,11,19,-0.1316872427983538,-0.0857814336075205
850,20,19,1.9,1,1,15,0.0,8,12,17,-0.2146118721461209,-0.0062305295950155
851,20,22,2.2,2,1,11,0.11,8,12,20,-0.1469194312796206,-0.0744810744810745
852,20,25,2.5,3,1,11,0.2428571428571428,7,11,22,-0.1666666666666663,-0.0464058234758871
853,20,21,2.1,2,1,13,0.1866666666666666,8,11,18,-0.4890510948905111,-0.008
854,20,20,2.0,2,1,16,0.0,9,14,18,-0.4414414414414382,0.0422535211267605
855,20,23,2.3,2,1,9,0.105,7,13,20,-0.1909385113268611,0.001085776330076
856,20,25,2.5,3,1,7,0.1399999999999999,9,15,20,0.0896358543417355,-0.0332434860736747
857,20,34,3.4,4,1,7,0.3633333333333333,8,13,27,-0.1666666666666683,-0.031815956926089
858,20,19,1.9,1,1,11,0.0,6,9,18,-0.5758998435054773,-0.0607553366174055
859,20,34,3.4,4,1,10,0.4414285714285714,8,15,25,0.1301326595072645,-0.0646464646464646
860,20,23,2.3,2,1,12,0.2333333333333333,8,15,19,-0.1074074074074061,0.0721868365180467
861,20,21,2.1,2,1,13,0.0,7,13,17,-0.0656716417910458,-0.024390243902439
862,20,21,2.1,2,1,15,0.075,8,13,18,0.222222222222224,0.0454545454545454
863,20,22,2.2,2,1,12,0.0416666666666666,9,15,20,0.1970802919708033,-0.0268378063010501
864,20,26,2.6,4,1,6,0.0333333333333333,8,14,24,-0.1373025516403397,-0.0998307952622672
865,20,31,3.1,4,1,9,0.2533333333333333,7,13,25,-0.0352867044738493,-0.1161440185830429
866,20,29,2.9,3,1,8,0.1819047619047619,9,16,23,0.0793650793650793,-0.1339608979000724
867,20,37,3.7,5,1,6,0.3372222222222222,8,12,27,0.1517536355859709,-0.0394200271862256
868,20,25,2.5,3,1,10,0.0749999999999999,8,13,22,-0.0555555555555555,-0.0968921389396709
869,20,22,2.2,2,1,12,0.1833333333333333,6,12,19,-0.0099800399201605,0.0801393728222996
870,20,23,2.3,3,1,12,0.075,7,13,21,0.128787878787879,-0.1172122492080253
871,20,23,2.3,2,1,11,0.2,7,11,20,0.0126262626262625,-0.1096491228070175
872,20,22,2.2,2,1,8,0.0,9,13,21,-0.0323624595469258,-0.1145958986731001
873,20,28,2.8,3,1,8,0.2866666666666667,9,15,23,-0.0063424947145889,-0.0502625656414103
874,20,22,2.2,2,1,10,0.025,6,11,19,-0.2298136645962743,0.0305997552019584
875,20,24,2.4,2,1,8,0.0916666666666666,8,12,21,0.2087912087912085,-0.0602409638554216
876,20,22,2.2,2,1,12,0.11,8,12,20,-0.3894736842105262,0.0083036773428232
877,20,21,2.1,2,1,12,0.0833333333333333,9,15,20,-0.3725490196078428,-0.0283505154639175
878,20,21,2.1,2,1,13,0.1166666666666666,7,12,19,-0.351485148514851,1.5338607577058082e-17
879,20,23,2.3,2,1,11,0.29,7,12,20,-0.4012184508268056,-0.0364806866952789
880,20,21,2.1,2,1,12,0.1083333333333333,7,12,20,-0.2249999999999999,-0.1336760925449871
881,20,19,1.9,1,1,15,0.0,8,13,15,-0.4439999999999983,0.0455259026687598
882,20,23,2.3,3,1,10,0.1666666666666666,9,15,18,0.1305841924398636,-0.094054054054054
883,20,25,2.5,3,1,10,0.105,8,14,22,0.0322580645161275,-0.064773735581189
884,20,25,2.5,3,1,13,0.1583333333333333,9,15,20,0.333333333333335,-0.0743061772605192
885,20,22,2.2,2,1,13,0.1583333333333333,7,11,20,-0.3095238095238082,-0.0476190476190476
886,20,27,2.7,3,1,10,0.1633333333333333,9,15,23,0.4065934065934058,0.0605143721633888
887,20,22,2.2,2,1,10,0.1266666666666666,7,13,20,-0.1035598705501624,-0.0975056689342403
888,20,27,2.7,3,1,9,0.2466666666666666,9,13,22,0.2247191011235947,-0.0697305863708399
889,20,21,2.1,2,1,17,0.1666666666666666,8,13,17,0.1393442622950799,-0.064638783269962
890,20,25,2.5,3,1,8,0.1233333333333333,8,13,19,0.1512345679012342,-0.1299435028248587
891,20,21,2.1,2,1,11,0.05,7,12,18,-0.4660377358490564,-0.1574803149606298
892,20,28,2.8,4,1,9,0.2833333333333333,8,14,22,0.4429319371727739,-0.1052631578947368
893,20,27,2.7,3,1,10,0.1933333333333333,8,13,23,0.4672897196261671,-0.0693069306930693
894,20,23,2.3,2,1,12,0.0833333333333333,9,15,20,0.1096774193548387,-0.1364124597207303
895,20,21,2.1,2,1,16,0.05,9,14,20,0.1393442622950799,-0.0579345088161208
896,20,24,2.4,3,1,15,0.1533333333333333,9,13,18,0.4035087719298251,-0.019211324570273
897,20,22,2.2,2,1,17,0.2166666666666666,8,14,19,0.1338582677165337,-0.0596330275229358
898,20,27,2.7,3,1,7,0.2283333333333333,9,13,21,-0.2318623784592371,-0.0985915492957746
899,20,26,2.6,3,1,11,0.1833333333333333,9,13,21,-0.0019267822736033,-0.0909090909090907
900,20,21,2.1,2,1,8,0.0,9,14,18,-0.3707571801566575,-0.0363636363636364
901,20,22,2.2,2,1,9,0.0833333333333333,8,15,19,-0.4102564102564149,0.0593824228028503
902,20,22,2.2,2,1,13,0.05,8,15,19,0.1584699453551907,-0.0244470314318975
903,20,23,2.3,2,1,7,0.125,8,13,19,0.0354838709677415,0.0950819672131147
904,20,24,2.4,2,1,8,0.11,8,14,20,-0.2272727272727269,-0.1206225680933852
905,20,26,2.6,3,1,8,0.1149999999999999,9,14,23,0.1235955056179765,-0.0806317539484621
906,20,24,2.4,2,1,9,0.1416666666666666,8,15,21,0.1560439560439556,-0.0039840637450199
907,20,20,2.0,2,1,15,0.0,8,15,19,-0.5319148936170217,-0.0198300283286119
908,20,22,2.2,2,1,8,0.0,9,13,20,-0.2445923460898512,-0.093491124260355
909,20,27,2.7,3,1,10,0.1716666666666667,9,13,23,0.3806451612903223,-0.0858468677494199
910,20,27,2.7,3,1,8,0.2261904761904762,8,12,22,-0.1361038961038962,-0.0124999999999999
911,20,25,2.5,3,1,8,0.0716666666666666,8,13,22,-0.0130246020260488,0.004524886877828
912,20,19,1.9,1,1,17,0.0,9,14,17,-0.4148936170212763,-0.0555555555555555
913,20,27,2.7,4,1,8,0.0833333333333333,7,14,23,0.0478589420654897,-0.0841698841698842
914,20,27,2.7,4,1,6,0.1742857142857143,8,13,21,0.1678082191780823,-0.0605564648117839
915,20,27,2.7,4,1,9,0.0583333333333333,8,15,24,0.4275618374558312,-0.0497667185069984
916,20,21,2.1,2,1,12,0.0,8,12,18,-0.2352941176470591,0.0026385224274406
917,20,21,2.1,2,1,15,0.0833333333333333,8,12,18,-0.3124999999999988,-0.1278772378516623
918,20,36,3.6,4,1,5,0.1819444444444444,8,14,30,-0.0052137643378519,-0.0325945241199478
919,20,21,2.1,2,1,9,0.0,7,12,19,-0.1142857142857146,-0.0632911392405063
920,20,21,2.1,2,1,11,0.1333333333333333,8,12,19,-0.4840989399293289,-0.0398899587345254
921,20,21,2.1,2,1,11,0.075,9,13,19,-0.2833333333333335,-0.0994764397905758
922,20,20,2.0,2,1,16,0.0,9,15,19,-0.0810810810810823,-0.1220196353436185
923,20,23,2.3,2,1,10,0.1666666666666666,9,13,20,0.1305841924398635,-0.145021645021645
924,20,41,4.1,5,1,4,0.3355555555555555,7,14,29,-0.0554151455583638,-0.1338954468802698
925,20,24,2.4,2,1,9,0.075,8,14,22,-0.146828844483059,-0.0919881305637982
926,20,23,2.3,2,1,12,0.0883333333333333,9,15,18,-0.2538940809968847,-0.0563674321503131
927,20,49,4.9,6,1,4,0.4419444444444445,8,13,35,-0.1210014846807939,-0.0153049211207911
928,20,22,2.2,2,1,14,0.0416666666666666,8,13,21,0.1406250000000004,0.0521541950113378
929,20,19,1.9,1,1,16,0.0,8,14,18,-0.472868217054263,-0.0737833594976452
930,20,24,2.4,2,1,12,0.3333333333333333,8,13,20,-0.0714285714285712,-0.0676982591876209
931,20,24,2.4,3,1,10,0.15,8,13,20,0.2173913043478257,-0.0834151128557409
932,20,26,2.6,2,1,7,0.22,8,14,22,-0.4022842639593914,-0.1238570241064006
933,20,23,2.3,2,1,13,0.0833333333333333,9,14,21,-0.2026143790849656,-0.1231422505307855
934,20,26,2.6,3,1,9,0.3466666666666666,8,12,20,-0.3599449415003434,-0.0694087403598971
935,20,20,2.0,2,1,16,0.0,10,14,20,-0.2612612612612611,-0.0659186535764376
936,20,24,2.4,3,1,14,0.1483333333333333,8,15,21,0.3522727272727282,-0.0424481737413623
937,20,20,2.0,2,1,17,0.0,9,13,17,-0.0810810810810857,-0.0935251798561151
938,20,25,2.5,2,1,7,0.2,8,13,21,-0.2445095168374815,0.0204808548530721
939,20,32,3.2,4,1,11,0.2783333333333333,9,15,26,0.2985170857511283,0.0536692223439211
940,20,24,2.4,3,1,8,0.1716666666666667,8,14,19,-0.1050359712230215,-0.1087584215591915
941,20,23,2.3,3,1,8,0.0716666666666666,8,14,21,-0.1389270976616223,-0.0530120481927711
942,20,30,3.0,3,1,7,0.1785714285714285,9,14,28,0.0555555555555554,-0.0619469026548672
943,20,25,2.5,2,1,6,0.1316666666666666,7,11,19,-0.1173184357541903,-0.0989010989010989
944,20,25,2.5,2,1,8,0.2916666666666666,9,16,20,-0.0214007782101182,-0.08010801080108
945,20,21,2.1,2,1,16,0.1083333333333333,8,14,20,0.1850746268656714,-0.0445026178010471
946,20,23,2.3,3,1,11,0.1416666666666666,8,14,19,-0.1855670103092783,-0.0162790697674418
947,20,20,2.0,2,1,14,0.0,7,11,18,-0.3636363636363651,-0.0872675250357654
948,20,19,1.9,1,1,14,0.0,8,14,18,-0.1782945736434104,-0.1056661562021439
949,20,25,2.5,3,1,13,0.2516666666666666,9,15,21,0.2399565689467964,-0.073345259391771
950,20,23,2.3,3,1,10,0.15,9,14,21,0.2972222222222223,-0.0298507462686567
951,20,32,3.2,4,1,8,0.2607142857142857,9,15,27,0.1012891344383057,-0.1209039548022598
952,20,34,3.4,4,1,6,0.3316666666666666,9,14,26,0.4886232163517151,-0.0149253731343283
953,20,26,2.6,3,1,11,0.18,7,13,23,0.2047058823529407,0.0263829787234042
954,20,24,2.4,2,1,13,0.2749999999999999,9,14,21,0.2826086956521734,-0.1372161895360316
955,20,26,2.6,2,1,7,0.2016666666666666,8,11,23,-0.0063451776649749,-0.1486830926083262
956,20,23,2.3,2,1,15,0.175,8,14,19,0.574074074074073,-0.0431965442764578
957,20,20,2.0,2,1,13,0.0833333333333333,9,13,19,-0.3058419243986272,-0.0644257703081232
958,20,22,2.2,2,1,8,0.0383333333333333,7,13,19,-0.1557971014492762,-0.0149942329873125
959,20,21,2.1,2,1,13,0.0,9,13,18,0.0571428571428551,-0.0178571428571428
960,20,25,2.5,3,1,8,0.225,9,14,18,0.0327380952380947,-0.0666666666666666
961,20,26,2.6,3,1,8,0.1683333333333333,8,14,22,0.3448275862068958,0.0060816681146829
962,20,20,2.0,2,1,14,0.0,8,13,18,-0.1428571428571434,-0.1094890510948905
963,20,24,2.4,2,1,10,0.1099999999999999,8,15,22,0.1223628691983127,-0.0764525993883792
964,20,26,2.6,3,1,7,0.2349999999999999,7,12,22,0.0926594464500594,0.0171821305841924
965,20,21,2.1,2,1,18,0.0999999999999999,9,13,19,0.6557377049180323,-0.0632911392405063
966,20,25,2.5,2,1,9,0.2366666666666666,8,14,19,-0.2865792129162465,-0.0849909584086799
967,20,21,2.1,2,1,14,0.0416666666666666,9,14,18,0.1428571428571407,-0.046077210460772
968,20,28,2.8,3,1,8,0.1116666666666666,9,15,24,0.4077315827862882,-0.0948587979724837
969,20,30,3.0,3,1,6,0.0938095238095238,9,15,25,0.094488188976379,0.0082644628099173
970,20,25,2.5,3,1,12,0.1216666666666666,7,13,22,0.1492146596858635,-0.1039558417663293
971,20,25,2.5,3,1,12,0.3616666666666667,7,13,20,-0.006588579795022,-0.0313901345291479
972,20,23,2.3,2,1,13,0.1466666666666666,7,12,21,-0.09985935302391,0.0541125541125541
973,20,20,2.0,2,1,12,0.0,8,14,19,-0.5925925925925924,-0.1267605633802817
974,20,22,2.2,2,1,8,0.1666666666666666,9,14,19,-0.2692307692307686,-0.0463733650416171
975,20,22,2.2,2,1,15,0.2,9,15,19,0.0364963503649629,0.0094786729857819
976,20,21,2.1,2,1,13,0.15,9,13,19,-0.0417754569190597,-0.0966057441253263
977,20,21,2.1,2,1,11,0.0833333333333333,8,12,19,-0.1142857142857147,-0.1221374045801526
978,20,22,2.2,2,1,11,0.0,7,11,18,-0.260416666666667,-0.0220673635307781
979,20,21,2.1,2,1,9,0.0,8,14,19,-0.2352941176470593,-0.0755441741357234
980,20,25,2.5,3,1,13,0.3283333333333333,9,13,21,0.0310077519379846,-0.1042402826855123
981,20,25,2.5,3,1,11,0.1433333333333333,9,14,21,0.1290322580645156,-0.061865189289012
982,20,21,2.1,2,1,13,0.075,8,14,19,-0.2020202020202011,0.014341590612777
983,20,21,2.1,2,1,13,0.0833333333333333,7,14,18,-0.2049180327868862,0.015625
984,20,21,2.1,2,1,9,0.0416666666666666,9,15,19,-0.0036764705882352,-0.1052631578947368
985,20,21,2.1,2,1,14,0.2,8,13,19,-0.312500000000003,0.0939086294416243
986,20,21,2.1,2,1,16,0.1166666666666666,8,13,17,0.1428571428571407,-0.0390625
987,20,22,2.2,2,1,11,0.0916666666666666,8,13,19,-0.2009925558312669,-0.1374853113983548
988,20,21,2.1,2,1,15,0.0833333333333333,8,15,18,0.227941176470588,-0.0687022900763358
989,20,26,2.6,2,1,11,0.21,7,13,21,0.141914191419141,-0.0851419031719532
990,20,24,2.4,3,1,10,0.075,8,14,23,-0.1022964509394569,-0.121713729308666
991,20,20,2.0,2,1,18,0.0833333333333333,9,14,17,0.2105263157894704,-0.0465116279069767
992,20,23,2.3,3,1,9,0.0,8,15,21,-0.348652931854199,-0.0928725701943844
993,20,25,2.5,3,1,9,0.2383333333333332,9,14,22,0.1883116883116872,-0.0222222222222222
994,20,26,2.6,3,1,12,0.3766666666666666,8,14,20,0.0242825607064022,-0.0478589420654911
995,20,24,2.4,2,1,9,0.175,7,12,21,-0.1964809384164225,-0.099601593625498
996,20,31,3.1,4,1,6,0.0966666666666666,10,17,29,0.1574740207833736,-0.0973451327433628
997,20,29,2.9,3,1,6,0.2266666666666666,9,15,24,0.1770270270270265,-0.1616022099447513
998,20,21,2.1,2,1,14,0.0,8,14,21,-0.1964636542239685,-0.0714285714285714
999,20,24,2.4,3,1,8,0.15,9,12,20,-0.4358974358974357,0.0470219435736677
1000,20,24,2.4,3,1,16,0.1483333333333333,8,13,19,0.4736842105263153,-0.0528414755732801
